{
    "dataset": "kr-vs-kp",
    "algorithm": "ft_transformer",
    "config": {
        "data": {
            "cat_policy": "indices",
            "normalization": "quantile",
            "path": "data/kr-vs-kp"
        },
        "model": {
            "activation": "reglu",
            "attention_dropout": 0.06504516027258544,
            "d_ffn_factor": 2.282242023418398,
            "d_token": 432,
            "ffn_dropout": 0.1599972023188427,
            "initialization": "kaiming",
            "n_heads": 8,
            "n_layers": 1,
            "prenormalization": true,
            "residual_dropout": 0.0
        },
        "seed": 2,
        "training": {
            "batch_size": 256,
            "eval_batch_size": 32,
            "lr": 2.76684223777323e-05,
            "n_epochs": 1000000000,
            "optimizer": "adamw",
            "patience": 16,
            "weight_decay": 0.0002354064360804708
        }
    },
    "environment": {
        "devices": {
            "CUDA_VISIBLE_DEVICES": null,
            "torch.version.cuda": "10.1",
            "torch.backends.cudnn.version()": 7603,
            "torch.cuda.nccl.version()": 2708,
            "driver": "470.256.02"
        }
    },
    "epoch_size": 10,
    "n_parameters": 2076435,
    "best_epoch": 33,
    "metrics": {
        "train": {
            "0": {
                "precision": 0.9630225080385852,
                "recall": 0.9763651181744091,
                "f1-score": 0.9696479158235533,
                "support": 1227
            },
            "1": {
                "precision": 0.9778963414634146,
                "recall": 0.9653875094055681,
                "f1-score": 0.9716016660355925,
                "support": 1329
            },
            "accuracy": 0.9706572769953051,
            "macro avg": {
                "precision": 0.9704594247509999,
                "recall": 0.9708763137899885,
                "f1-score": 0.9706247909295729,
                "support": 2556
            },
            "weighted avg": {
                "precision": 0.9707562031174578,
                "recall": 0.9706572769953051,
                "f1-score": 0.9706637742084515,
                "support": 2556
            },
            "roc_auc": 0.995454052075112,
            "score": 0.9706572769953051
        },
        "val": {
            "0": {
                "precision": 0.9135802469135802,
                "recall": 0.9801324503311258,
                "f1-score": 0.9456869009584664,
                "support": 151
            },
            "1": {
                "precision": 0.9810126582278481,
                "recall": 0.9171597633136095,
                "f1-score": 0.9480122324159023,
                "support": 169
            },
            "accuracy": 0.946875,
            "macro avg": {
                "precision": 0.9472964525707142,
                "recall": 0.9486461068223677,
                "f1-score": 0.9468495666871843,
                "support": 320
            },
            "weighted avg": {
                "precision": 0.9491929891389279,
                "recall": 0.946875,
                "f1-score": 0.9469149666344248,
                "support": 320
            },
            "roc_auc": 0.9833849288765234,
            "score": 0.946875
        },
        "test": {
            "0": {
                "precision": 0.9245283018867925,
                "recall": 0.9865771812080537,
                "f1-score": 0.9545454545454546,
                "support": 149
            },
            "1": {
                "precision": 0.9875776397515528,
                "recall": 0.9298245614035088,
                "f1-score": 0.9578313253012049,
                "support": 171
            },
            "accuracy": 0.95625,
            "macro avg": {
                "precision": 0.9560529708191726,
                "recall": 0.9582008713057812,
                "f1-score": 0.9561883899233297,
                "support": 320
            },
            "weighted avg": {
                "precision": 0.9582202918082737,
                "recall": 0.95625,
                "f1-score": 0.9563013417305587,
                "support": 320
            },
            "roc_auc": 0.9920719023509557,
            "score": 0.95625
        }
    },
    "time": "0:01:45"
}
