{
    "dataset": "titanic",
    "algorithm": "resnet",
    "config": {
        "data": {
            "cat_policy": "indices",
            "normalization": "quantile",
            "path": "data/titanic"
        },
        "model": {
            "activation": "relu",
            "d": 358,
            "d_embedding": 512,
            "d_hidden_factor": 3.939071888925459,
            "hidden_dropout": 0.4896437281538122,
            "n_layers": 6,
            "normalization": "batchnorm",
            "residual_dropout": 0.1885775155762346
        },
        "seed": 2,
        "training": {
            "batch_size": 256,
            "eval_batch_size": 8192,
            "lr": 0.0002043476961637888,
            "n_epochs": 1000000000,
            "optimizer": "adamw",
            "patience": 16,
            "weight_decay": 0.0
        }
    },
    "environment": {
        "devices": {
            "CUDA_VISIBLE_DEVICES": null,
            "torch.version.cuda": "11.7",
            "torch.backends.cudnn.version()": 8500,
            "torch.cuda.nccl.version()": [
                2,
                14,
                3
            ],
            "driver": "560.35.03"
        }
    },
    "epoch_size": 5,
    "n_parameters": 6643141,
    "best_epoch": 16,
    "metrics": {
        "train": {
            "0": {
                "precision": 0.9748520710059172,
                "recall": 0.9909774436090225,
                "f1-score": 0.982848620432513,
                "support": 665
            },
            "1": {
                "precision": 0.9839142091152815,
                "recall": 0.9557291666666666,
                "f1-score": 0.9696169088507266,
                "support": 384
            },
            "accuracy": 0.9780743565300286,
            "macro avg": {
                "precision": 0.9793831400605993,
                "recall": 0.9733533051378446,
                "f1-score": 0.9762327646416198,
                "support": 1049
            },
            "weighted avg": {
                "precision": 0.9781693837170666,
                "recall": 0.9780743565300286,
                "f1-score": 0.9780049814931365,
                "support": 1049
            },
            "roc_auc": 0.9978814223057644,
            "score": 0.9780743565300286
        },
        "val": {
            "0": {
                "precision": 0.9333333333333333,
                "recall": 1.0,
                "f1-score": 0.9655172413793104,
                "support": 70
            },
            "1": {
                "precision": 1.0,
                "recall": 0.9166666666666666,
                "f1-score": 0.9565217391304348,
                "support": 60
            },
            "accuracy": 0.9615384615384616,
            "macro avg": {
                "precision": 0.9666666666666667,
                "recall": 0.9583333333333333,
                "f1-score": 0.9610194902548725,
                "support": 130
            },
            "weighted avg": {
                "precision": 0.9641025641025641,
                "recall": 0.9615384615384616,
                "f1-score": 0.9613654711105986,
                "support": 130
            },
            "roc_auc": 0.9957142857142858,
            "score": 0.9615384615384616
        },
        "test": {
            "0": {
                "precision": 0.9736842105263158,
                "recall": 1.0,
                "f1-score": 0.9866666666666666,
                "support": 74
            },
            "1": {
                "precision": 1.0,
                "recall": 0.9642857142857143,
                "f1-score": 0.9818181818181818,
                "support": 56
            },
            "accuracy": 0.9846153846153847,
            "macro avg": {
                "precision": 0.986842105263158,
                "recall": 0.9821428571428572,
                "f1-score": 0.9842424242424241,
                "support": 130
            },
            "weighted avg": {
                "precision": 0.9850202429149798,
                "recall": 0.9846153846153847,
                "f1-score": 0.9845780885780885,
                "support": 130
            },
            "roc_auc": 0.9995173745173744,
            "score": 0.9846153846153847
        }
    },
    "time": "0:00:16"
}
