{
    "dataset": "dresses-sales",
    "algorithm": "ft_transformer",
    "config": {
        "data": {
            "cat_policy": "indices",
            "normalization": "quantile",
            "path": "data/dresses-sales"
        },
        "model": {
            "activation": "reglu",
            "attention_dropout": 0.2744067519636624,
            "d_ffn_factor": 2.097045399411506,
            "d_token": 88,
            "ffn_dropout": 0.4289728088113784,
            "initialization": "kaiming",
            "n_heads": 8,
            "n_layers": 4,
            "prenormalization": true,
            "residual_dropout": 0.1247127393571945
        },
        "seed": 2,
        "training": {
            "batch_size": 256,
            "eval_batch_size": 8192,
            "lr": 5.871694001325904e-05,
            "n_epochs": 1000000000,
            "optimizer": "adamw",
            "patience": 16,
            "weight_decay": 7.809150983452712e-06
        }
    },
    "environment": {},
    "epoch_size": 2,
    "n_parameters": 338425,
    "best_epoch": 2,
    "metrics": {
        "train": {
            "0": {
                "precision": 0.5796019900497512,
                "recall": 0.9789915966386554,
                "f1-score": 0.728125,
                "support": 238
            },
            "1": {
                "precision": 0.2857142857142857,
                "recall": 0.011695906432748537,
                "f1-score": 0.02247191011235955,
                "support": 171
            },
            "accuracy": 0.5745721271393643,
            "macro avg": {
                "precision": 0.43265813788201846,
                "recall": 0.495343751535702,
                "f1-score": 0.37529845505617976,
                "support": 409
            },
            "weighted avg": {
                "precision": 0.4567296246674417,
                "recall": 0.5745721271393643,
                "f1-score": 0.4330964465261944,
                "support": 409
            },
            "roc_auc": 0.47526905499041716,
            "score": 0.5745721271393643
        },
        "val": {
            "0": {
                "precision": 0.5111111111111111,
                "recall": 1.0,
                "f1-score": 0.676470588235294,
                "support": 23
            },
            "1": {
                "precision": 0.0,
                "recall": 0.0,
                "f1-score": 0.0,
                "support": 22
            },
            "accuracy": 0.5111111111111111,
            "macro avg": {
                "precision": 0.25555555555555554,
                "recall": 0.5,
                "f1-score": 0.338235294117647,
                "support": 45
            },
            "weighted avg": {
                "precision": 0.26123456790123456,
                "recall": 0.5111111111111111,
                "f1-score": 0.34575163398692804,
                "support": 45
            },
            "roc_auc": 0.36363636363636365,
            "score": 0.5111111111111111
        },
        "test": {
            "0": {
                "precision": 0.6444444444444445,
                "recall": 1.0,
                "f1-score": 0.7837837837837839,
                "support": 29
            },
            "1": {
                "precision": 1.0,
                "recall": 0.058823529411764705,
                "f1-score": 0.1111111111111111,
                "support": 17
            },
            "accuracy": 0.6521739130434783,
            "macro avg": {
                "precision": 0.8222222222222222,
                "recall": 0.5294117647058824,
                "f1-score": 0.44744744744744747,
                "support": 46
            },
            "weighted avg": {
                "precision": 0.7758454106280194,
                "recall": 0.6521739130434783,
                "f1-score": 0.5351873612743179,
                "support": 46
            },
            "roc_auc": 0.38742393509127787,
            "score": 0.6521739130434783
        }
    },
    "time": "0:00:06"
}
