{
    "dataset": "cylinder-bands",
    "algorithm": "ft_transformer",
    "config": {
        "data": {
            "cat_policy": "indices",
            "normalization": "quantile",
            "path": "data/cylinder-bands"
        },
        "model": {
            "activation": "reglu",
            "attention_dropout": 0.4245682338953446,
            "d_ffn_factor": 1.476248318914501,
            "d_token": 456,
            "ffn_dropout": 0.05039934939631608,
            "initialization": "kaiming",
            "n_heads": 8,
            "n_layers": 2,
            "prenormalization": true,
            "residual_dropout": 0.0
        },
        "seed": 0,
        "training": {
            "batch_size": 256,
            "eval_batch_size": 8192,
            "lr": 0.0003240003178527273,
            "n_epochs": 1000000000,
            "optimizer": "adamw",
            "patience": 16,
            "weight_decay": 4.889546080877294e-05
        }
    },
    "environment": {
        "devices": {
            "CUDA_VISIBLE_DEVICES": null,
            "torch.version.cuda": "11.7",
            "torch.backends.cudnn.version()": 8500,
            "torch.cuda.nccl.version()": [
                2,
                14,
                3
            ],
            "driver": "560.35.03"
        }
    },
    "epoch_size": 2,
    "n_parameters": 3594149,
    "best_epoch": 38,
    "metrics": {
        "train": {
            "0": {
                "precision": 0.9028776978417267,
                "recall": 0.996031746031746,
                "f1-score": 0.9471698113207546,
                "support": 252
            },
            "1": {
                "precision": 0.9935064935064936,
                "recall": 0.85,
                "f1-score": 0.9161676646706587,
                "support": 180
            },
            "accuracy": 0.9351851851851852,
            "macro avg": {
                "precision": 0.9481920956741101,
                "recall": 0.9230158730158731,
                "f1-score": 0.9316687379957067,
                "support": 432
            },
            "weighted avg": {
                "precision": 0.9406396960353796,
                "recall": 0.9351851851851852,
                "f1-score": 0.934252250216548,
                "support": 432
            },
            "roc_auc": 0.9837962962962963,
            "score": 0.9351851851851852
        },
        "val": {
            "0": {
                "precision": 0.9444444444444444,
                "recall": 1.0,
                "f1-score": 0.9714285714285714,
                "support": 34
            },
            "1": {
                "precision": 1.0,
                "recall": 0.9,
                "f1-score": 0.9473684210526316,
                "support": 20
            },
            "accuracy": 0.9629629629629629,
            "macro avg": {
                "precision": 0.9722222222222222,
                "recall": 0.95,
                "f1-score": 0.9593984962406015,
                "support": 54
            },
            "weighted avg": {
                "precision": 0.9650205761316871,
                "recall": 0.9629629629629629,
                "f1-score": 0.9625174046226677,
                "support": 54
            },
            "roc_auc": 0.9470588235294118,
            "score": 0.9629629629629629
        },
        "test": {
            "0": {
                "precision": 0.7058823529411765,
                "recall": 0.9230769230769231,
                "f1-score": 0.8000000000000002,
                "support": 26
            },
            "1": {
                "precision": 0.9,
                "recall": 0.6428571428571429,
                "f1-score": 0.75,
                "support": 28
            },
            "accuracy": 0.7777777777777778,
            "macro avg": {
                "precision": 0.8029411764705883,
                "recall": 0.7829670329670331,
                "f1-score": 0.7750000000000001,
                "support": 54
            },
            "weighted avg": {
                "precision": 0.8065359477124183,
                "recall": 0.7777777777777778,
                "f1-score": 0.7740740740740741,
                "support": 54
            },
            "roc_auc": 0.8530219780219781,
            "score": 0.7777777777777778
        }
    },
    "time": "0:01:25"
}
