{
    "dataset": "dresses-sales",
    "algorithm": "ft_transformer",
    "config": {
        "data": {
            "cat_policy": "indices",
            "normalization": "quantile",
            "path": "data/dresses-sales"
        },
        "model": {
            "activation": "reglu",
            "attention_dropout": 0.2744067519636624,
            "d_ffn_factor": 2.097045399411506,
            "d_token": 88,
            "ffn_dropout": 0.4289728088113784,
            "initialization": "kaiming",
            "n_heads": 8,
            "n_layers": 4,
            "prenormalization": true,
            "residual_dropout": 0.1247127393571945
        },
        "seed": 9,
        "training": {
            "batch_size": 256,
            "eval_batch_size": 8192,
            "lr": 5.871694001325904e-05,
            "n_epochs": 1000000000,
            "optimizer": "adamw",
            "patience": 16,
            "weight_decay": 7.809150983452712e-06
        }
    },
    "environment": {},
    "epoch_size": 2,
    "n_parameters": 338425,
    "best_epoch": 1,
    "metrics": {
        "train": {
            "0": {
                "precision": 0.5861182519280206,
                "recall": 0.957983193277311,
                "f1-score": 0.7272727272727273,
                "support": 238
            },
            "1": {
                "precision": 0.5,
                "recall": 0.05847953216374269,
                "f1-score": 0.10471204188481675,
                "support": 171
            },
            "accuracy": 0.5819070904645477,
            "macro avg": {
                "precision": 0.5430591259640103,
                "recall": 0.5082313627205268,
                "f1-score": 0.415992384578772,
                "support": 409
            },
            "weighted avg": {
                "precision": 0.5501128214153275,
                "recall": 0.5819070904645477,
                "f1-score": 0.46698451895651044,
                "support": 409
            },
            "roc_auc": 0.5193989876652415,
            "score": 0.5819070904645477
        },
        "val": {
            "0": {
                "precision": 0.5227272727272727,
                "recall": 1.0,
                "f1-score": 0.6865671641791045,
                "support": 23
            },
            "1": {
                "precision": 1.0,
                "recall": 0.045454545454545456,
                "f1-score": 0.08695652173913045,
                "support": 22
            },
            "accuracy": 0.5333333333333333,
            "macro avg": {
                "precision": 0.7613636363636364,
                "recall": 0.5227272727272727,
                "f1-score": 0.3867618429591175,
                "support": 45
            },
            "weighted avg": {
                "precision": 0.7560606060606061,
                "recall": 0.5333333333333333,
                "f1-score": 0.39342418343067276,
                "support": 45
            },
            "roc_auc": 0.6264822134387352,
            "score": 0.5333333333333333
        },
        "test": {
            "0": {
                "precision": 0.6363636363636364,
                "recall": 0.9655172413793104,
                "f1-score": 0.7671232876712328,
                "support": 29
            },
            "1": {
                "precision": 0.5,
                "recall": 0.058823529411764705,
                "f1-score": 0.10526315789473684,
                "support": 17
            },
            "accuracy": 0.6304347826086957,
            "macro avg": {
                "precision": 0.5681818181818181,
                "recall": 0.5121703853955375,
                "f1-score": 0.43619322278298484,
                "support": 46
            },
            "weighted avg": {
                "precision": 0.5859683794466403,
                "recall": 0.6304347826086957,
                "f1-score": 0.5225228049277453,
                "support": 46
            },
            "roc_auc": 0.3671399594320487,
            "score": 0.6304347826086957
        }
    },
    "time": "0:00:06"
}
