{
    "dataset": "sick_algo_3",
    "algorithm": "mlp_mha",
    "config": {
        "data": {
            "cat_policy": "indices",
            "normalization": "quantile",
            "path": "data/sick_algo_3"
        },
        "model": {
            "d_embedding": 152,
            "d_layers": [
                166,
                26
            ],
            "dropout": 0.1686980802086342
        },
        "seed": 7,
        "training": {
            "batch_size": 256,
            "eval_batch_size": 8192,
            "lr": 0.0008800667561385505,
            "n_epochs": 1000000000,
            "optimizer": "adamw",
            "patience": 16,
            "weight_decay": 0.0
        }
    },
    "environment": {
        "devices": {
            "CUDA_VISIBLE_DEVICES": null,
            "torch.version.cuda": "10.1",
            "torch.backends.cudnn.version()": 7603,
            "torch.cuda.nccl.version()": 2708,
            "driver": "470.256.02"
        }
    },
    "epoch_size": 12,
    "n_parameters": 68543435,
    "best_epoch": 21,
    "metrics": {
        "train": {
            "0": {
                "precision": 0.9861505681818182,
                "recall": 0.9833569405099151,
                "f1-score": 0.9847517730496455,
                "support": 2824
            },
            "1": {
                "precision": 0.7661691542288557,
                "recall": 0.7979274611398963,
                "f1-score": 0.781725888324873,
                "support": 193
            },
            "accuracy": 0.9714948624461386,
            "macro avg": {
                "precision": 0.876159861205337,
                "recall": 0.8906422008249057,
                "f1-score": 0.8832388306872592,
                "support": 3017
            },
            "weighted avg": {
                "precision": 0.9720781741172103,
                "recall": 0.9714948624461386,
                "f1-score": 0.9717640382959559,
                "support": 3017
            },
            "roc_auc": 0.9890318366628015,
            "score": 0.9714948624461386
        },
        "val": {
            "0": {
                "precision": 0.9943661971830986,
                "recall": 0.988795518207283,
                "f1-score": 0.9915730337078652,
                "support": 357
            },
            "1": {
                "precision": 0.8181818181818182,
                "recall": 0.9,
                "f1-score": 0.8571428571428572,
                "support": 20
            },
            "accuracy": 0.9840848806366048,
            "macro avg": {
                "precision": 0.9062740076824585,
                "recall": 0.9443977591036414,
                "f1-score": 0.9243579454253612,
                "support": 377
            },
            "weighted avg": {
                "precision": 0.9850195457771952,
                "recall": 0.9840848806366048,
                "f1-score": 0.984441459354284,
                "support": 377
            },
            "roc_auc": 0.9927170868347339,
            "score": 0.9840848806366048
        },
        "test": {
            "0": {
                "precision": 0.9858757062146892,
                "recall": 0.9694444444444444,
                "f1-score": 0.9775910364145659,
                "support": 360
            },
            "1": {
                "precision": 0.5416666666666666,
                "recall": 0.7222222222222222,
                "f1-score": 0.619047619047619,
                "support": 18
            },
            "accuracy": 0.9576719576719577,
            "macro avg": {
                "precision": 0.763771186440678,
                "recall": 0.8458333333333333,
                "f1-score": 0.7983193277310925,
                "support": 378
            },
            "weighted avg": {
                "precision": 0.9647228948076406,
                "recall": 0.9576719576719577,
                "f1-score": 0.9605175403494732,
                "support": 378
            },
            "roc_auc": 0.9858024691358025,
            "score": 0.9576719576719577
        }
    },
    "time": "0:09:24"
}
