{
    "dataset": "analcatdata",
    "algorithm": "resnet",
    "config": {
        "data": {
            "cat_policy": "indices",
            "normalization": "quantile",
            "path": "data/analcatdata"
        },
        "model": {
            "activation": "relu",
            "d": 208,
            "d_embedding": 183,
            "d_hidden_factor": 1.87256669010782,
            "hidden_dropout": 0.0001978410198656411,
            "n_layers": 7,
            "normalization": "batchnorm",
            "residual_dropout": 0.3843768689036824
        },
        "seed": 2,
        "training": {
            "batch_size": 256,
            "eval_batch_size": 8192,
            "lr": 8.804356250518461e-05,
            "n_epochs": 1000000000,
            "optimizer": "adamw",
            "patience": 16,
            "weight_decay": 0.0001850920240615944
        }
    },
    "environment": {
        "devices": {
            "CUDA_VISIBLE_DEVICES": null,
            "torch.version.cuda": "10.1",
            "torch.backends.cudnn.version()": 7603,
            "torch.cuda.nccl.version()": 2708,
            "driver": "470.256.02"
        }
    },
    "epoch_size": 3,
    "n_parameters": 1297836,
    "best_epoch": 12,
    "metrics": {
        "train": {
            "0": {
                "precision": 0.19724770642201836,
                "recall": 0.39814814814814814,
                "f1-score": 0.26380368098159507,
                "support": 108
            },
            "1": {
                "precision": 0.1957040572792363,
                "recall": 0.8631578947368421,
                "f1-score": 0.31906614785992216,
                "support": 95
            },
            "2": {
                "precision": 0.0,
                "recall": 0.0,
                "f1-score": 0.0,
                "support": 108
            },
            "3": {
                "precision": 0.0,
                "recall": 0.0,
                "f1-score": 0.0,
                "support": 111
            },
            "4": {
                "precision": 0.0,
                "recall": 0.0,
                "f1-score": 0.0,
                "support": 116
            },
            "5": {
                "precision": 0.0,
                "recall": 0.0,
                "f1-score": 0.0,
                "support": 99
            },
            "accuracy": 0.19623233908948196,
            "macro avg": {
                "precision": 0.06549196061687577,
                "recall": 0.21021767381416503,
                "f1-score": 0.09714497147358621,
                "support": 637
            },
            "weighted avg": {
                "precision": 0.06262894463909802,
                "recall": 0.19623233908948196,
                "f1-score": 0.09231096011413638,
                "support": 637
            },
            "score": 0.19623233908948196
        },
        "val": {
            "0": {
                "precision": 0.1935483870967742,
                "recall": 0.35294117647058826,
                "f1-score": 0.25,
                "support": 17
            },
            "1": {
                "precision": 0.1836734693877551,
                "recall": 0.75,
                "f1-score": 0.2950819672131148,
                "support": 12
            },
            "2": {
                "precision": 0.0,
                "recall": 0.0,
                "f1-score": 0.0,
                "support": 6
            },
            "3": {
                "precision": 0.0,
                "recall": 0.0,
                "f1-score": 0.0,
                "support": 10
            },
            "4": {
                "precision": 0.0,
                "recall": 0.0,
                "f1-score": 0.0,
                "support": 21
            },
            "5": {
                "precision": 0.0,
                "recall": 0.0,
                "f1-score": 0.0,
                "support": 14
            },
            "accuracy": 0.1875,
            "macro avg": {
                "precision": 0.06287030941408822,
                "recall": 0.18382352941176472,
                "f1-score": 0.09084699453551914,
                "support": 80
            },
            "weighted avg": {
                "precision": 0.06868005266622779,
                "recall": 0.1875,
                "f1-score": 0.09738729508196722,
                "support": 80
            },
            "score": 0.1875
        },
        "test": {
            "0": {
                "precision": 0.1875,
                "recall": 0.5454545454545454,
                "f1-score": 0.27906976744186046,
                "support": 11
            },
            "1": {
                "precision": 0.2708333333333333,
                "recall": 0.7647058823529411,
                "f1-score": 0.39999999999999997,
                "support": 17
            },
            "2": {
                "precision": 0.0,
                "recall": 0.0,
                "f1-score": 0.0,
                "support": 13
            },
            "3": {
                "precision": 0.0,
                "recall": 0.0,
                "f1-score": 0.0,
                "support": 11
            },
            "4": {
                "precision": 0.0,
                "recall": 0.0,
                "f1-score": 0.0,
                "support": 18
            },
            "5": {
                "precision": 0.0,
                "recall": 0.0,
                "f1-score": 0.0,
                "support": 10
            },
            "accuracy": 0.2375,
            "macro avg": {
                "precision": 0.07638888888888888,
                "recall": 0.21836007130124777,
                "f1-score": 0.11317829457364341,
                "support": 80
            },
            "weighted avg": {
                "precision": 0.08333333333333333,
                "recall": 0.2375,
                "f1-score": 0.1233720930232558,
                "support": 80
            },
            "score": 0.2375
        }
    },
    "time": "0:00:04"
}
