{
    "dataset": "nursery",
    "algorithm": "ft_transformer",
    "config": {
        "data": {
            "cat_policy": "indices",
            "normalization": "quantile",
            "path": "data/nursery"
        },
        "model": {
            "activation": "reglu",
            "attention_dropout": 0.02835648865872159,
            "d_ffn_factor": 1.211979255826893,
            "d_token": 72,
            "ffn_dropout": 0.3958625190413323,
            "initialization": "kaiming",
            "n_heads": 8,
            "n_layers": 4,
            "prenormalization": true,
            "residual_dropout": 0.0
        },
        "seed": 4,
        "training": {
            "batch_size": 256,
            "eval_batch_size": 8192,
            "lr": 0.0001368009527972692,
            "n_epochs": 1000000000,
            "optimizer": "adamw",
            "patience": 16,
            "weight_decay": 0.0005981221901152554
        }
    },
    "environment": {
        "devices": {
            "CUDA_VISIBLE_DEVICES": null,
            "torch.version.cuda": "11.7",
            "torch.backends.cudnn.version()": 8500,
            "torch.cuda.nccl.version()": [
                2,
                14,
                3
            ],
            "driver": "560.35.03"
        }
    },
    "epoch_size": 41,
    "n_parameters": 164357,
    "best_epoch": 27,
    "metrics": {
        "train": {
            "0": {
                "precision": 1.0,
                "recall": 1.0,
                "f1-score": 1.0,
                "support": 3456
            },
            "1": {
                "precision": 0.9978401727861771,
                "recall": 0.9996908809891808,
                "f1-score": 0.9987646695491044,
                "support": 3235
            },
            "2": {
                "precision": 0.9924242424242424,
                "recall": 1.0,
                "f1-score": 0.9961977186311787,
                "support": 262
            },
            "3": {
                "precision": 0.9997064866451424,
                "recall": 0.9979490184588339,
                "f1-score": 0.9988269794721407,
                "support": 3413
            },
            "4": {
                "precision": 0.0,
                "recall": 0.0,
                "f1-score": 0.0,
                "support": 2
            },
            "accuracy": 0.9990354938271605,
            "macro avg": {
                "precision": 0.7979941803711125,
                "recall": 0.7995279798896029,
                "f1-score": 0.7987578735304848,
                "support": 10368
            },
            "weighted avg": {
                "precision": 0.9988451340083242,
                "recall": 0.9990354938271605,
                "f1-score": 0.9989394279717533,
                "support": 10368
            },
            "score": 0.9990354938271605
        },
        "val": {
            "0": {
                "precision": 1.0,
                "recall": 1.0,
                "f1-score": 1.0,
                "support": 418
            },
            "1": {
                "precision": 1.0,
                "recall": 1.0,
                "f1-score": 1.0,
                "support": 402
            },
            "2": {
                "precision": 1.0,
                "recall": 1.0,
                "f1-score": 1.0,
                "support": 37
            },
            "3": {
                "precision": 1.0,
                "recall": 1.0,
                "f1-score": 1.0,
                "support": 439
            },
            "accuracy": 1.0,
            "macro avg": {
                "precision": 1.0,
                "recall": 1.0,
                "f1-score": 1.0,
                "support": 1296
            },
            "weighted avg": {
                "precision": 1.0,
                "recall": 1.0,
                "f1-score": 1.0,
                "support": 1296
            },
            "score": 1.0
        },
        "test": {
            "0": {
                "precision": 1.0,
                "recall": 1.0,
                "f1-score": 1.0,
                "support": 446
            },
            "1": {
                "precision": 0.9975490196078431,
                "recall": 1.0,
                "f1-score": 0.9987730061349693,
                "support": 407
            },
            "2": {
                "precision": 1.0,
                "recall": 1.0,
                "f1-score": 1.0,
                "support": 29
            },
            "3": {
                "precision": 1.0,
                "recall": 0.9975845410628019,
                "f1-score": 0.9987908101571946,
                "support": 414
            },
            "accuracy": 0.9992283950617284,
            "macro avg": {
                "precision": 0.9993872549019608,
                "recall": 0.9993961352657005,
                "f1-score": 0.999390954073041,
                "support": 1296
            },
            "weighted avg": {
                "precision": 0.9992302862503025,
                "recall": 0.9992283950617284,
                "f1-score": 0.9992284019305642,
                "support": 1296
            },
            "score": 0.9992283950617284
        }
    },
    "time": "0:01:36"
}
