{
    "dataset": "analcatdata_algo_3",
    "algorithm": "mlp_mha",
    "config": {
        "data": {
            "cat_policy": "indices",
            "normalization": "quantile",
            "path": "data/analcatdata_algo_3"
        },
        "model": {
            "d_embedding": 417,
            "d_layers": [
                286,
                339,
                339,
                339,
                285
            ],
            "dropout": 0.1355228122710398
        },
        "seed": 1,
        "training": {
            "batch_size": 128,
            "eval_batch_size": 32,
            "lr": 0.001598276282604273,
            "n_epochs": 1000000000,
            "optimizer": "adamw",
            "patience": 16,
            "weight_decay": 2.858445910603954e-05
        }
    },
    "environment": {
        "devices": {
            "CUDA_VISIBLE_DEVICES": null,
            "torch.version.cuda": "10.1",
            "torch.backends.cudnn.version()": 7603,
            "torch.cuda.nccl.version()": 2708,
            "driver": "470.256.02"
        }
    },
    "epoch_size": 5,
    "n_parameters": 24878296,
    "best_epoch": 18,
    "metrics": {
        "train": {
            "0": {
                "precision": 0.0,
                "recall": 0.0,
                "f1-score": 0.0,
                "support": 108
            },
            "1": {
                "precision": 0.19402985074626866,
                "recall": 0.1368421052631579,
                "f1-score": 0.16049382716049385,
                "support": 95
            },
            "2": {
                "precision": 0.0,
                "recall": 0.0,
                "f1-score": 0.0,
                "support": 108
            },
            "3": {
                "precision": 0.21082621082621084,
                "recall": 0.6666666666666666,
                "f1-score": 0.3203463203463203,
                "support": 111
            },
            "4": {
                "precision": 0.17424242424242425,
                "recall": 0.19827586206896552,
                "f1-score": 0.18548387096774194,
                "support": 116
            },
            "5": {
                "precision": 0.345679012345679,
                "recall": 0.2828282828282828,
                "f1-score": 0.31111111111111106,
                "support": 99
            },
            "accuracy": 0.21664050235478807,
            "macro avg": {
                "precision": 0.1541295830267638,
                "recall": 0.21410215280451217,
                "f1-score": 0.16290585493094453,
                "support": 637
            },
            "weighted avg": {
                "precision": 0.151128553621583,
                "recall": 0.21664050235478807,
                "f1-score": 0.1618861603939506,
                "support": 637
            },
            "score": 0.21664050235478807
        },
        "val": {
            "0": {
                "precision": 0.0,
                "recall": 0.0,
                "f1-score": 0.0,
                "support": 17
            },
            "1": {
                "precision": 0.3333333333333333,
                "recall": 0.25,
                "f1-score": 0.28571428571428575,
                "support": 12
            },
            "2": {
                "precision": 0.0,
                "recall": 0.0,
                "f1-score": 0.0,
                "support": 6
            },
            "3": {
                "precision": 0.14285714285714285,
                "recall": 0.5,
                "f1-score": 0.22222222222222224,
                "support": 10
            },
            "4": {
                "precision": 0.4074074074074074,
                "recall": 0.5238095238095238,
                "f1-score": 0.4583333333333333,
                "support": 21
            },
            "5": {
                "precision": 0.375,
                "recall": 0.21428571428571427,
                "f1-score": 0.2727272727272727,
                "support": 14
            },
            "accuracy": 0.275,
            "macro avg": {
                "precision": 0.2097663139329806,
                "recall": 0.248015873015873,
                "f1-score": 0.20649951899951902,
                "support": 80
            },
            "weighted avg": {
                "precision": 0.2404265873015873,
                "recall": 0.275,
                "f1-score": 0.23867469336219335,
                "support": 80
            },
            "score": 0.275
        },
        "test": {
            "0": {
                "precision": 0.0,
                "recall": 0.0,
                "f1-score": 0.0,
                "support": 11
            },
            "1": {
                "precision": 0.14285714285714285,
                "recall": 0.058823529411764705,
                "f1-score": 0.08333333333333333,
                "support": 17
            },
            "2": {
                "precision": 0.0,
                "recall": 0.0,
                "f1-score": 0.0,
                "support": 13
            },
            "3": {
                "precision": 0.2,
                "recall": 0.8181818181818182,
                "f1-score": 0.32142857142857145,
                "support": 11
            },
            "4": {
                "precision": 0.2222222222222222,
                "recall": 0.2222222222222222,
                "f1-score": 0.2222222222222222,
                "support": 18
            },
            "5": {
                "precision": 0.2222222222222222,
                "recall": 0.2,
                "f1-score": 0.2105263157894737,
                "support": 10
            },
            "accuracy": 0.2,
            "macro avg": {
                "precision": 0.1312169312169312,
                "recall": 0.21653792830263419,
                "f1-score": 0.13958507379560012,
                "support": 80
            },
            "weighted avg": {
                "precision": 0.13563492063492064,
                "recall": 0.2,
                "f1-score": 0.1382205513784461,
                "support": 80
            },
            "score": 0.2
        }
    },
    "time": "0:01:03"
}
