{
    "dataset": "cylinder-bands",
    "algorithm": "resnet",
    "config": {
        "data": {
            "cat_policy": "indices",
            "normalization": "quantile",
            "path": "data/cylinder-bands"
        },
        "model": {
            "activation": "relu",
            "d": 463,
            "d_embedding": 421,
            "d_hidden_factor": 3.080392956062708,
            "hidden_dropout": 0.3504268615667025,
            "n_layers": 5,
            "normalization": "batchnorm",
            "residual_dropout": 0.2373430573011905
        },
        "seed": 2,
        "training": {
            "batch_size": 256,
            "eval_batch_size": 8192,
            "lr": 0.0002284872481822989,
            "n_epochs": 1000000000,
            "optimizer": "adamw",
            "patience": 16,
            "weight_decay": 1.021731278409643e-05
        }
    },
    "environment": {
        "devices": {
            "CUDA_VISIBLE_DEVICES": null,
            "torch.version.cuda": "11.7",
            "torch.backends.cudnn.version()": 8500,
            "torch.cuda.nccl.version()": [
                2,
                14,
                3
            ],
            "driver": "560.35.03"
        }
    },
    "epoch_size": 2,
    "n_parameters": 9403810,
    "best_epoch": 43,
    "metrics": {
        "train": {
            "0": {
                "precision": 0.9960474308300395,
                "recall": 1.0,
                "f1-score": 0.998019801980198,
                "support": 252
            },
            "1": {
                "precision": 1.0,
                "recall": 0.9944444444444445,
                "f1-score": 0.9972144846796658,
                "support": 180
            },
            "accuracy": 0.9976851851851852,
            "macro avg": {
                "precision": 0.9980237154150198,
                "recall": 0.9972222222222222,
                "f1-score": 0.9976171433299319,
                "support": 432
            },
            "weighted avg": {
                "precision": 0.9976943346508564,
                "recall": 0.9976851851851852,
                "f1-score": 0.9976842531049762,
                "support": 432
            },
            "roc_auc": 1.0,
            "score": 0.9976851851851852
        },
        "val": {
            "0": {
                "precision": 0.9714285714285714,
                "recall": 1.0,
                "f1-score": 0.9855072463768115,
                "support": 34
            },
            "1": {
                "precision": 1.0,
                "recall": 0.95,
                "f1-score": 0.9743589743589743,
                "support": 20
            },
            "accuracy": 0.9814814814814815,
            "macro avg": {
                "precision": 0.9857142857142858,
                "recall": 0.975,
                "f1-score": 0.979933110367893,
                "support": 54
            },
            "weighted avg": {
                "precision": 0.9820105820105819,
                "recall": 0.9814814814814815,
                "f1-score": 0.9813782567405757,
                "support": 54
            },
            "roc_auc": 0.9970588235294118,
            "score": 0.9814814814814815
        },
        "test": {
            "0": {
                "precision": 0.7222222222222222,
                "recall": 1.0,
                "f1-score": 0.8387096774193548,
                "support": 26
            },
            "1": {
                "precision": 1.0,
                "recall": 0.6428571428571429,
                "f1-score": 0.782608695652174,
                "support": 28
            },
            "accuracy": 0.8148148148148148,
            "macro avg": {
                "precision": 0.8611111111111112,
                "recall": 0.8214285714285714,
                "f1-score": 0.8106591865357644,
                "support": 54
            },
            "weighted avg": {
                "precision": 0.8662551440329218,
                "recall": 0.8148148148148148,
                "f1-score": 0.8096202794660017,
                "support": 54
            },
            "roc_auc": 0.9134615384615384,
            "score": 0.8148148148148148
        }
    },
    "time": "0:00:18"
}
