{
    "dataset": "credit-approval",
    "algorithm": "ft_transformer",
    "config": {
        "data": {
            "cat_policy": "indices",
            "normalization": "quantile",
            "path": "data/credit-approval"
        },
        "model": {
            "activation": "reglu",
            "attention_dropout": 0.233290477619195,
            "d_ffn_factor": 0.99706432931555,
            "d_token": 128,
            "ffn_dropout": 0.0009890009363509866,
            "initialization": "kaiming",
            "n_heads": 8,
            "n_layers": 3,
            "prenormalization": true,
            "residual_dropout": 0.0
        },
        "seed": 2,
        "training": {
            "batch_size": 256,
            "eval_batch_size": 8192,
            "lr": 0.0001011792044375919,
            "n_epochs": 1000000000,
            "optimizer": "adamw",
            "patience": 16,
            "weight_decay": 4.193215697451236e-06
        }
    },
    "environment": {
        "devices": {
            "CUDA_VISIBLE_DEVICES": null,
            "torch.version.cuda": "10.1",
            "torch.backends.cudnn.version()": 7603,
            "torch.cuda.nccl.version()": 2708,
            "driver": "470.256.02"
        }
    },
    "epoch_size": 3,
    "n_parameters": 355835,
    "best_epoch": 18,
    "metrics": {
        "train": {
            "0": {
                "precision": 0.9,
                "recall": 0.9142857142857143,
                "f1-score": 0.9070866141732283,
                "support": 315
            },
            "1": {
                "precision": 0.8836206896551724,
                "recall": 0.8649789029535865,
                "f1-score": 0.8742004264392323,
                "support": 237
            },
            "accuracy": 0.8931159420289855,
            "macro avg": {
                "precision": 0.8918103448275863,
                "recall": 0.8896323086196504,
                "f1-score": 0.8906435203062304,
                "support": 552
            },
            "weighted avg": {
                "precision": 0.8929675787106446,
                "recall": 0.8931159420289855,
                "f1-score": 0.8929670009613496,
                "support": 552
            },
            "roc_auc": 0.9669010782934834,
            "score": 0.8931159420289855
        },
        "val": {
            "0": {
                "precision": 0.918918918918919,
                "recall": 0.8947368421052632,
                "f1-score": 0.9066666666666667,
                "support": 38
            },
            "1": {
                "precision": 0.875,
                "recall": 0.9032258064516129,
                "f1-score": 0.8888888888888888,
                "support": 31
            },
            "accuracy": 0.8985507246376812,
            "macro avg": {
                "precision": 0.8969594594594594,
                "recall": 0.898981324278438,
                "f1-score": 0.8977777777777778,
                "support": 69
            },
            "weighted avg": {
                "precision": 0.8991872307089699,
                "recall": 0.8985507246376812,
                "f1-score": 0.8986795491143318,
                "support": 69
            },
            "roc_auc": 0.892190152801358,
            "score": 0.8985507246376812
        },
        "test": {
            "0": {
                "precision": 0.7428571428571429,
                "recall": 0.8666666666666667,
                "f1-score": 0.8,
                "support": 30
            },
            "1": {
                "precision": 0.8823529411764706,
                "recall": 0.7692307692307693,
                "f1-score": 0.8219178082191781,
                "support": 39
            },
            "accuracy": 0.8115942028985508,
            "macro avg": {
                "precision": 0.8126050420168067,
                "recall": 0.8179487179487179,
                "f1-score": 0.810958904109589,
                "support": 69
            },
            "weighted avg": {
                "precision": 0.8217025940811107,
                "recall": 0.8115942028985508,
                "f1-score": 0.8123883263847529,
                "support": 69
            },
            "roc_auc": 0.8957264957264958,
            "score": 0.8115942028985508
        }
    },
    "time": "0:00:09"
}
