{
    "config": {
        "data": {
            "cat_policy": "ohe",
            "path": "data/kr-vs-kp"
        },
        "fit": {
            "early_stopping_rounds": 50,
            "verbose": false
        },
        "model": {
            "alpha": 0,
            "booster": "gbtree",
            "colsample_bylevel": 0.5372424781732694,
            "colsample_bytree": 0.5768279789146363,
            "gamma": 0,
            "lambda": 2.208349701204509e-07,
            "learning_rate": 0.4890618178657657,
            "max_depth": 5,
            "min_child_weight": 4.714115161288987e-07,
            "n_estimators": 2000,
            "n_jobs": -1,
            "subsample": 0.7058112023579635,
            "tree_method": "gpu_hist"
        },
        "seed": 5
    },
    "environment": {
        "devices": {
            "CUDA_VISIBLE_DEVICES": null,
            "torch.version.cuda": "10.1",
            "torch.backends.cudnn.version()": 7603,
            "torch.cuda.nccl.version()": 2708,
            "driver": "470.256.02"
        }
    },
    "dataset": "kr-vs-kp",
    "algorithm": "xgboost_",
    "metrics": {
        "train": {
            "0": {
                "precision": 1.0,
                "recall": 0.9991850040749797,
                "f1-score": 0.9995923359152059,
                "support": 1227
            },
            "1": {
                "precision": 0.9992481203007518,
                "recall": 1.0,
                "f1-score": 0.9996239187664536,
                "support": 1329
            },
            "accuracy": 0.9996087636932708,
            "macro avg": {
                "precision": 0.9996240601503759,
                "recall": 0.9995925020374898,
                "f1-score": 0.9996081273408297,
                "support": 2556
            },
            "weighted avg": {
                "precision": 0.9996090578559074,
                "recall": 0.9996087636932708,
                "f1-score": 0.9996087575150917,
                "support": 2556
            },
            "roc_auc": 0.999957993061803,
            "score": 0.9996087636932708
        },
        "val": {
            "0": {
                "precision": 1.0,
                "recall": 0.9801324503311258,
                "f1-score": 0.9899665551839464,
                "support": 151
            },
            "1": {
                "precision": 0.9825581395348837,
                "recall": 1.0,
                "f1-score": 0.9912023460410557,
                "support": 169
            },
            "accuracy": 0.990625,
            "macro avg": {
                "precision": 0.9912790697674418,
                "recall": 0.990066225165563,
                "f1-score": 0.990584450612501,
                "support": 320
            },
            "weighted avg": {
                "precision": 0.9907885174418605,
                "recall": 0.990625,
                "f1-score": 0.9906192072303572,
                "support": 320
            },
            "roc_auc": 0.998510913437047,
            "score": 0.990625
        },
        "test": {
            "0": {
                "precision": 0.9932885906040269,
                "recall": 0.9932885906040269,
                "f1-score": 0.9932885906040269,
                "support": 149
            },
            "1": {
                "precision": 0.9941520467836257,
                "recall": 0.9941520467836257,
                "f1-score": 0.9941520467836257,
                "support": 171
            },
            "accuracy": 0.99375,
            "macro avg": {
                "precision": 0.9937203186938263,
                "recall": 0.9937203186938263,
                "f1-score": 0.9937203186938263,
                "support": 320
            },
            "weighted avg": {
                "precision": 0.99375,
                "recall": 0.99375,
                "f1-score": 0.99375,
                "support": 320
            },
            "roc_auc": 0.9996075199183642,
            "score": 0.99375
        }
    },
    "time": "0:00:01"
}
