{
    "dataset": "sick",
    "algorithm": "ft_transformer",
    "config": {
        "data": {
            "cat_policy": "indices",
            "normalization": "quantile",
            "path": "data/sick"
        },
        "model": {
            "activation": "reglu",
            "attention_dropout": 0.1857119055034855,
            "d_ffn_factor": 2.370176839004245,
            "d_token": 384,
            "ffn_dropout": 0.310755435886316,
            "initialization": "kaiming",
            "n_heads": 8,
            "n_layers": 2,
            "prenormalization": true,
            "residual_dropout": 0.0
        },
        "seed": 6,
        "training": {
            "batch_size": 256,
            "eval_batch_size": 8192,
            "lr": 2.414502624052369e-05,
            "n_epochs": 1000000000,
            "optimizer": "adamw",
            "patience": 16,
            "weight_decay": 0.0003376347405193131
        }
    },
    "environment": {
        "devices": {
            "CUDA_VISIBLE_DEVICES": null,
            "torch.version.cuda": "10.1",
            "torch.backends.cudnn.version()": 7603,
            "torch.cuda.nccl.version()": 2708,
            "driver": "470.256.02"
        }
    },
    "epoch_size": 12,
    "n_parameters": 3318713,
    "best_epoch": 62,
    "metrics": {
        "train": {
            "0": {
                "precision": 0.9884332281808622,
                "recall": 0.9985835694050992,
                "f1-score": 0.9934824731372204,
                "support": 2824
            },
            "1": {
                "precision": 0.975609756097561,
                "recall": 0.8290155440414507,
                "f1-score": 0.8963585434173669,
                "support": 193
            },
            "accuracy": 0.9877361617500828,
            "macro avg": {
                "precision": 0.9820214921392116,
                "recall": 0.913799556723275,
                "f1-score": 0.9449205082772936,
                "support": 3017
            },
            "weighted avg": {
                "precision": 0.9876129000031767,
                "recall": 0.9877361617500828,
                "f1-score": 0.9872693745505675,
                "support": 3017
            },
            "roc_auc": 0.9984918316722688,
            "score": 0.9877361617500828
        },
        "val": {
            "0": {
                "precision": 1.0,
                "recall": 0.9943977591036415,
                "f1-score": 0.9971910112359551,
                "support": 357
            },
            "1": {
                "precision": 0.9090909090909091,
                "recall": 1.0,
                "f1-score": 0.9523809523809523,
                "support": 20
            },
            "accuracy": 0.9946949602122016,
            "macro avg": {
                "precision": 0.9545454545454546,
                "recall": 0.9971988795518207,
                "f1-score": 0.9747859818084537,
                "support": 377
            },
            "weighted avg": {
                "precision": 0.9951772365565469,
                "recall": 0.9946949602122016,
                "f1-score": 0.9948138197847614,
                "support": 377
            },
            "roc_auc": 0.9990196078431373,
            "score": 0.9946949602122016
        },
        "test": {
            "0": {
                "precision": 0.9861878453038674,
                "recall": 0.9916666666666667,
                "f1-score": 0.9889196675900276,
                "support": 360
            },
            "1": {
                "precision": 0.8125,
                "recall": 0.7222222222222222,
                "f1-score": 0.7647058823529411,
                "support": 18
            },
            "accuracy": 0.9788359788359788,
            "macro avg": {
                "precision": 0.8993439226519337,
                "recall": 0.8569444444444445,
                "f1-score": 0.8768127749714844,
                "support": 378
            },
            "weighted avg": {
                "precision": 0.9779169955274928,
                "recall": 0.9788359788359788,
                "f1-score": 0.9782428206739757,
                "support": 378
            },
            "roc_auc": 0.9959876543209876,
            "score": 0.9788359788359788
        }
    },
    "time": "0:09:41"
}
