{
    "dataset": "credit-approval",
    "algorithm": "resnet",
    "config": {
        "data": {
            "cat_policy": "indices",
            "normalization": "quantile",
            "path": "data/credit-approval"
        },
        "model": {
            "activation": "relu",
            "d": 296,
            "d_embedding": 74,
            "d_hidden_factor": 2.707315986578528,
            "hidden_dropout": 0.2533257357444936,
            "n_layers": 4,
            "normalization": "batchnorm",
            "residual_dropout": 0.3332603519319425
        },
        "seed": 0,
        "training": {
            "batch_size": 256,
            "eval_batch_size": 8192,
            "lr": 0.0001932101082955889,
            "n_epochs": 1000000000,
            "optimizer": "adamw",
            "patience": 16,
            "weight_decay": 0.0
        }
    },
    "environment": {
        "devices": {
            "CUDA_VISIBLE_DEVICES": null,
            "torch.version.cuda": "10.1",
            "torch.backends.cudnn.version()": 7603,
            "torch.cuda.nccl.version()": 2708,
            "driver": "470.256.02"
        }
    },
    "epoch_size": 3,
    "n_parameters": 2106951,
    "best_epoch": 25,
    "metrics": {
        "train": {
            "0": {
                "precision": 0.926829268292683,
                "recall": 0.9650793650793651,
                "f1-score": 0.9455676516329705,
                "support": 315
            },
            "1": {
                "precision": 0.9508928571428571,
                "recall": 0.8987341772151899,
                "f1-score": 0.9240780911062907,
                "support": 237
            },
            "accuracy": 0.9365942028985508,
            "macro avg": {
                "precision": 0.93886106271777,
                "recall": 0.9319067711472775,
                "f1-score": 0.9348228713696306,
                "support": 552
            },
            "weighted avg": {
                "precision": 0.9371609178533555,
                "recall": 0.9365942028985508,
                "f1-score": 0.9363411555372764,
                "support": 552
            },
            "roc_auc": 0.9856004286384032,
            "score": 0.9365942028985508
        },
        "val": {
            "0": {
                "precision": 0.9473684210526315,
                "recall": 0.9473684210526315,
                "f1-score": 0.9473684210526315,
                "support": 38
            },
            "1": {
                "precision": 0.9354838709677419,
                "recall": 0.9354838709677419,
                "f1-score": 0.9354838709677419,
                "support": 31
            },
            "accuracy": 0.9420289855072463,
            "macro avg": {
                "precision": 0.9414261460101867,
                "recall": 0.9414261460101867,
                "f1-score": 0.9414261460101867,
                "support": 69
            },
            "weighted avg": {
                "precision": 0.9420289855072463,
                "recall": 0.9420289855072463,
                "f1-score": 0.9420289855072463,
                "support": 69
            },
            "roc_auc": 0.9422750424448217,
            "score": 0.9420289855072463
        },
        "test": {
            "0": {
                "precision": 0.7073170731707317,
                "recall": 0.9666666666666667,
                "f1-score": 0.8169014084507042,
                "support": 30
            },
            "1": {
                "precision": 0.9642857142857143,
                "recall": 0.6923076923076923,
                "f1-score": 0.8059701492537313,
                "support": 39
            },
            "accuracy": 0.8115942028985508,
            "macro avg": {
                "precision": 0.8358013937282229,
                "recall": 0.8294871794871794,
                "f1-score": 0.8114357788522177,
                "support": 69
            },
            "weighted avg": {
                "precision": 0.8525602181487654,
                "recall": 0.8115942028985508,
                "f1-score": 0.8107228706437196,
                "support": 69
            },
            "roc_auc": 0.9085470085470085,
            "score": 0.8115942028985508
        }
    },
    "time": "0:00:07"
}
