{
    "config": {
        "data": {
            "cat_policy": "ohe",
            "path": "data/cylinder-bands"
        },
        "fit": {
            "early_stopping_rounds": 50,
            "verbose": false
        },
        "model": {
            "alpha": 1.43063630563962e-06,
            "booster": "gbtree",
            "colsample_bylevel": 0.5516328599335468,
            "colsample_bytree": 0.7184871022069426,
            "gamma": 0,
            "lambda": 0,
            "learning_rate": 0.3433573948867417,
            "max_depth": 5,
            "min_child_weight": 1.193008746386317e-08,
            "n_estimators": 2000,
            "n_jobs": -1,
            "subsample": 0.8923312311407093,
            "tree_method": "gpu_hist"
        },
        "seed": 6
    },
    "environment": {
        "devices": {
            "CUDA_VISIBLE_DEVICES": null,
            "torch.version.cuda": "11.7",
            "torch.backends.cudnn.version()": 8500,
            "torch.cuda.nccl.version()": [
                2,
                14,
                3
            ],
            "driver": "560.35.03"
        }
    },
    "dataset": "cylinder-bands",
    "algorithm": "xgboost_",
    "metrics": {
        "train": {
            "0": {
                "precision": 0.9580152671755725,
                "recall": 0.996031746031746,
                "f1-score": 0.9766536964980546,
                "support": 252
            },
            "1": {
                "precision": 0.9941176470588236,
                "recall": 0.9388888888888889,
                "f1-score": 0.9657142857142857,
                "support": 180
            },
            "accuracy": 0.9722222222222222,
            "macro avg": {
                "precision": 0.976066457117198,
                "recall": 0.9674603174603175,
                "f1-score": 0.9711839911061702,
                "support": 432
            },
            "weighted avg": {
                "precision": 0.9730579254602604,
                "recall": 0.9722222222222222,
                "f1-score": 0.9720956086714841,
                "support": 432
            },
            "roc_auc": 0.9977513227513227,
            "score": 0.9722222222222222
        },
        "val": {
            "0": {
                "precision": 0.8888888888888888,
                "recall": 0.9411764705882353,
                "f1-score": 0.9142857142857143,
                "support": 34
            },
            "1": {
                "precision": 0.8888888888888888,
                "recall": 0.8,
                "f1-score": 0.8421052631578948,
                "support": 20
            },
            "accuracy": 0.8888888888888888,
            "macro avg": {
                "precision": 0.8888888888888888,
                "recall": 0.8705882352941177,
                "f1-score": 0.8781954887218045,
                "support": 54
            },
            "weighted avg": {
                "precision": 0.8888888888888888,
                "recall": 0.8888888888888888,
                "f1-score": 0.8875522138680033,
                "support": 54
            },
            "roc_auc": 0.9499999999999998,
            "score": 0.8888888888888888
        },
        "test": {
            "0": {
                "precision": 0.6666666666666666,
                "recall": 0.9230769230769231,
                "f1-score": 0.7741935483870968,
                "support": 26
            },
            "1": {
                "precision": 0.8888888888888888,
                "recall": 0.5714285714285714,
                "f1-score": 0.6956521739130435,
                "support": 28
            },
            "accuracy": 0.7407407407407407,
            "macro avg": {
                "precision": 0.7777777777777777,
                "recall": 0.7472527472527473,
                "f1-score": 0.7349228611500701,
                "support": 54
            },
            "weighted avg": {
                "precision": 0.7818930041152262,
                "recall": 0.7407407407407407,
                "f1-score": 0.7334683912524024,
                "support": 54
            },
            "roc_auc": 0.9148351648351648,
            "score": 0.7407407407407407
        }
    },
    "time": "0:00:01"
}
