{
    "config": {
        "data": {
            "cat_policy": "ohe",
            "path": "data/dresses-sales"
        },
        "fit": {
            "early_stopping_rounds": 50,
            "verbose": false
        },
        "model": {
            "alpha": 0,
            "booster": "gbtree",
            "colsample_bylevel": 0.6507027358759576,
            "colsample_bytree": 0.8463472479821204,
            "gamma": 0,
            "lambda": 0,
            "learning_rate": 0.613468928280149,
            "max_depth": 5,
            "min_child_weight": 1.744072531926623e-07,
            "n_estimators": 2000,
            "n_jobs": -1,
            "subsample": 0.527883494295289,
            "tree_method": "hist"
        },
        "seed": 1
    },
    "environment": {},
    "dataset": "dresses-sales",
    "algorithm": "xgboost_",
    "metrics": {
        "train": {
            "0": {
                "precision": 0.7450980392156863,
                "recall": 0.6386554621848739,
                "f1-score": 0.6877828054298643,
                "support": 238
            },
            "1": {
                "precision": 0.5804878048780487,
                "recall": 0.695906432748538,
                "f1-score": 0.6329787234042553,
                "support": 171
            },
            "accuracy": 0.6625916870415648,
            "macro avg": {
                "precision": 0.6627929220468676,
                "recall": 0.667280947466706,
                "f1-score": 0.6603807644170598,
                "support": 409
            },
            "weighted avg": {
                "precision": 0.6762756674021508,
                "recall": 0.6625916870415648,
                "f1-score": 0.6648696073213578,
                "support": 409
            },
            "roc_auc": 0.6340974986485821,
            "score": 0.6625916870415648
        },
        "val": {
            "0": {
                "precision": 0.6666666666666666,
                "recall": 0.6086956521739131,
                "f1-score": 0.6363636363636365,
                "support": 23
            },
            "1": {
                "precision": 0.625,
                "recall": 0.6818181818181818,
                "f1-score": 0.6521739130434783,
                "support": 22
            },
            "accuracy": 0.6444444444444445,
            "macro avg": {
                "precision": 0.6458333333333333,
                "recall": 0.6452569169960474,
                "f1-score": 0.6442687747035574,
                "support": 45
            },
            "weighted avg": {
                "precision": 0.6462962962962963,
                "recall": 0.6444444444444445,
                "f1-score": 0.6440931049626702,
                "support": 45
            },
            "roc_auc": 0.6679841897233201,
            "score": 0.6444444444444445
        },
        "test": {
            "0": {
                "precision": 0.7142857142857143,
                "recall": 0.6896551724137931,
                "f1-score": 0.7017543859649122,
                "support": 29
            },
            "1": {
                "precision": 0.5,
                "recall": 0.5294117647058824,
                "f1-score": 0.5142857142857143,
                "support": 17
            },
            "accuracy": 0.6304347826086957,
            "macro avg": {
                "precision": 0.6071428571428572,
                "recall": 0.6095334685598377,
                "f1-score": 0.6080200501253132,
                "support": 46
            },
            "weighted avg": {
                "precision": 0.6350931677018634,
                "recall": 0.6304347826086957,
                "f1-score": 0.6324724855617304,
                "support": 46
            },
            "roc_auc": 0.6774847870182557,
            "score": 0.6304347826086957
        }
    },
    "time": "0:00:00"
}
