{
    "dataset": "credit-g",
    "algorithm": "ft_transformer",
    "config": {
        "data": {
            "cat_policy": "indices",
            "normalization": "quantile",
            "path": "data/credit-g"
        },
        "model": {
            "activation": "reglu",
            "attention_dropout": 0.4169990521889348,
            "d_ffn_factor": 1.650856668936848,
            "d_token": 112,
            "ffn_dropout": 0.0523341589418152,
            "initialization": "kaiming",
            "n_heads": 8,
            "n_layers": 3,
            "prenormalization": true,
            "residual_dropout": 0.1930390334891141
        },
        "seed": 9,
        "training": {
            "batch_size": 256,
            "eval_batch_size": 32,
            "lr": 3.085249149757647e-05,
            "n_epochs": 1000000000,
            "optimizer": "adamw",
            "patience": 16,
            "weight_decay": 0.0003366733001365544
        }
    },
    "environment": {
        "devices": {
            "CUDA_VISIBLE_DEVICES": null,
            "torch.version.cuda": "10.1",
            "torch.backends.cudnn.version()": 7603,
            "torch.cuda.nccl.version()": 2708,
            "driver": "470.256.02"
        }
    },
    "epoch_size": 4,
    "n_parameters": 349425,
    "best_epoch": 1,
    "metrics": {
        "train": {
            "0": {
                "precision": 0.375,
                "recall": 0.012448132780082987,
                "f1-score": 0.024096385542168672,
                "support": 241
            },
            "1": {
                "precision": 0.6994949494949495,
                "recall": 0.9910554561717353,
                "f1-score": 0.8201332346410067,
                "support": 559
            },
            "accuracy": 0.69625,
            "macro avg": {
                "precision": 0.5372474747474747,
                "recall": 0.5017517944759091,
                "f1-score": 0.4221148100915877,
                "support": 800
            },
            "weighted avg": {
                "precision": 0.601740845959596,
                "recall": 0.69625,
                "f1-score": 0.5803271338499818,
                "support": 800
            },
            "roc_auc": 0.5284852173783949,
            "score": 0.69625
        },
        "val": {
            "0": {
                "precision": 0.0,
                "recall": 0.0,
                "f1-score": 0.0,
                "support": 31
            },
            "1": {
                "precision": 0.69,
                "recall": 1.0,
                "f1-score": 0.8165680473372781,
                "support": 69
            },
            "accuracy": 0.69,
            "macro avg": {
                "precision": 0.345,
                "recall": 0.5,
                "f1-score": 0.40828402366863903,
                "support": 100
            },
            "weighted avg": {
                "precision": 0.47609999999999997,
                "recall": 0.69,
                "f1-score": 0.5634319526627218,
                "support": 100
            },
            "roc_auc": 0.4689107059373539,
            "score": 0.69
        },
        "test": {
            "0": {
                "precision": 0.0,
                "recall": 0.0,
                "f1-score": 0.0,
                "support": 28
            },
            "1": {
                "precision": 0.7171717171717171,
                "recall": 0.9861111111111112,
                "f1-score": 0.8304093567251463,
                "support": 72
            },
            "accuracy": 0.71,
            "macro avg": {
                "precision": 0.35858585858585856,
                "recall": 0.4930555555555556,
                "f1-score": 0.41520467836257313,
                "support": 100
            },
            "weighted avg": {
                "precision": 0.5163636363636364,
                "recall": 0.71,
                "f1-score": 0.5978947368421054,
                "support": 100
            },
            "roc_auc": 0.4295634920634921,
            "score": 0.71
        }
    },
    "time": "0:00:09"
}
