{
    "dataset": "credit-approval_algo_3",
    "algorithm": "mlp_mha",
    "config": {
        "data": {
            "cat_policy": "indices",
            "normalization": "quantile",
            "path": "data/credit-approval_algo_3"
        },
        "model": {
            "d_embedding": 254,
            "d_layers": [
                381
            ],
            "dropout": 0.2681497445040155
        },
        "seed": 10,
        "training": {
            "batch_size": 128,
            "eval_batch_size": 32,
            "lr": 0.0007637429136171826,
            "n_epochs": 1000000000,
            "optimizer": "adamw",
            "patience": 16,
            "weight_decay": 0.0
        }
    },
    "environment": {
        "devices": {
            "CUDA_VISIBLE_DEVICES": null,
            "torch.version.cuda": "10.1",
            "torch.backends.cudnn.version()": 7603,
            "torch.cuda.nccl.version()": 2708,
            "driver": "470.256.02"
        }
    },
    "epoch_size": 5,
    "n_parameters": 38644693,
    "best_epoch": 11,
    "metrics": {
        "train": {
            "0": {
                "precision": 0.9145569620253164,
                "recall": 0.9174603174603174,
                "f1-score": 0.9160063391442156,
                "support": 315
            },
            "1": {
                "precision": 0.8898305084745762,
                "recall": 0.8860759493670886,
                "f1-score": 0.8879492600422833,
                "support": 237
            },
            "accuracy": 0.9039855072463768,
            "macro avg": {
                "precision": 0.9021937352499463,
                "recall": 0.901768133413703,
                "f1-score": 0.9019777995932494,
                "support": 552
            },
            "weighted avg": {
                "precision": 0.903940712946466,
                "recall": 0.9039855072463768,
                "f1-score": 0.9039600932254511,
                "support": 552
            },
            "roc_auc": 0.9647578862768736,
            "score": 0.9039855072463768
        },
        "val": {
            "0": {
                "precision": 0.8947368421052632,
                "recall": 0.8947368421052632,
                "f1-score": 0.8947368421052632,
                "support": 38
            },
            "1": {
                "precision": 0.8709677419354839,
                "recall": 0.8709677419354839,
                "f1-score": 0.8709677419354839,
                "support": 31
            },
            "accuracy": 0.8840579710144928,
            "macro avg": {
                "precision": 0.8828522920203735,
                "recall": 0.8828522920203735,
                "f1-score": 0.8828522920203735,
                "support": 69
            },
            "weighted avg": {
                "precision": 0.8840579710144928,
                "recall": 0.8840579710144928,
                "f1-score": 0.8840579710144928,
                "support": 69
            },
            "roc_auc": 0.9117147707979626,
            "score": 0.8840579710144928
        },
        "test": {
            "0": {
                "precision": 0.7567567567567568,
                "recall": 0.9333333333333333,
                "f1-score": 0.835820895522388,
                "support": 30
            },
            "1": {
                "precision": 0.9375,
                "recall": 0.7692307692307693,
                "f1-score": 0.8450704225352113,
                "support": 39
            },
            "accuracy": 0.8405797101449275,
            "macro avg": {
                "precision": 0.8471283783783784,
                "recall": 0.8512820512820514,
                "f1-score": 0.8404456590287996,
                "support": 69
            },
            "weighted avg": {
                "precision": 0.85891598119859,
                "recall": 0.8405797101449275,
                "f1-score": 0.8410488890513751,
                "support": 69
            },
            "roc_auc": 0.8923076923076924,
            "score": 0.8405797101449275
        }
    },
    "time": "0:01:21"
}
