{
    "dataset": "adult",
    "algorithm": "resnet",
    "config": {
        "data": {
            "cat_policy": "indices",
            "normalization": "quantile",
            "path": "data/adult"
        },
        "model": {
            "activation": "relu",
            "d": 339,
            "d_embedding": 348,
            "d_hidden_factor": 3.825346478547088,
            "hidden_dropout": 0.2209100377552283,
            "n_layers": 8,
            "normalization": "batchnorm",
            "residual_dropout": 0.3058115601225451
        },
        "seed": 10,
        "training": {
            "batch_size": 256,
            "eval_batch_size": 8192,
            "lr": 0.003479353084932105,
            "n_epochs": 1000000000,
            "optimizer": "adamw",
            "patience": 16,
            "weight_decay": 0.0
        }
    },
    "environment": {
        "devices": {
            "CUDA_VISIBLE_DEVICES": null,
            "torch.version.cuda": "11.7",
            "torch.backends.cudnn.version()": 8500,
            "torch.cuda.nccl.version()": [
                2,
                14,
                3
            ],
            "driver": "560.35.03"
        }
    },
    "epoch_size": 153,
    "n_parameters": 8030671,
    "best_epoch": 40,
    "metrics": {
        "train": {
            "0": {
                "precision": 0.8904311588395576,
                "recall": 0.9339318135969337,
                "f1-score": 0.9116628649260712,
                "support": 29742
            },
            "1": {
                "precision": 0.7506028683843128,
                "recall": 0.633733390484355,
                "f1-score": 0.6872349079077334,
                "support": 9332
            },
            "accuracy": 0.8622357577929057,
            "macro avg": {
                "precision": 0.8205170136119352,
                "recall": 0.7838326020406443,
                "f1-score": 0.7994488864169023,
                "support": 39074
            },
            "weighted avg": {
                "precision": 0.8570361236108033,
                "recall": 0.8622357577929057,
                "f1-score": 0.8580629853413057,
                "support": 39074
            },
            "roc_auc": 0.9209743117860318,
            "score": 0.8622357577929057
        },
        "val": {
            "0": {
                "precision": 0.8790281329923274,
                "recall": 0.9354926510615134,
                "f1-score": 0.9063818565400844,
                "support": 3674
            },
            "1": {
                "precision": 0.7566735112936345,
                "recall": 0.6090909090909091,
                "f1-score": 0.674908424908425,
                "support": 1210
            },
            "accuracy": 0.8546273546273546,
            "macro avg": {
                "precision": 0.817850822142981,
                "recall": 0.7722917800762112,
                "f1-score": 0.7906451407242547,
                "support": 4884
            },
            "weighted avg": {
                "precision": 0.8487150510399485,
                "recall": 0.8546273546273546,
                "f1-score": 0.8490348351898985,
                "support": 4884
            },
            "roc_auc": 0.9079991407118143,
            "score": 0.8546273546273546
        },
        "test": {
            "0": {
                "precision": 0.8885204081632653,
                "recall": 0.9315324953196041,
                "f1-score": 0.9095182138660399,
                "support": 3739
            },
            "1": {
                "precision": 0.7344398340248963,
                "recall": 0.6183406113537118,
                "f1-score": 0.6714082503556188,
                "support": 1145
            },
            "accuracy": 0.8581081081081081,
            "macro avg": {
                "precision": 0.8114801210940807,
                "recall": 0.7749365533366579,
                "f1-score": 0.7904632321108294,
                "support": 4884
            },
            "weighted avg": {
                "precision": 0.8523979148404905,
                "recall": 0.8581081081081081,
                "f1-score": 0.8536959558358531,
                "support": 4884
            },
            "roc_auc": 0.9088820657042318,
            "score": 0.8581081081081081
        }
    },
    "time": "0:16:38"
}
