{
    "config": {
        "data": {
            "cat_policy": "ohe",
            "path": "data/bank_marketing"
        },
        "fit": {
            "early_stopping_rounds": 50,
            "verbose": false
        },
        "model": {
            "alpha": 9.745193765513678,
            "booster": "gbtree",
            "colsample_bylevel": 0.6551928846054192,
            "colsample_bytree": 0.873629885087349,
            "gamma": 0,
            "lambda": 0,
            "learning_rate": 0.3682599367980634,
            "max_depth": 6,
            "min_child_weight": 0.00296533338968678,
            "n_estimators": 2000,
            "n_jobs": -1,
            "subsample": 0.7912451345978706,
            "tree_method": "gpu_hist"
        },
        "seed": 5
    },
    "environment": {
        "devices": {
            "CUDA_VISIBLE_DEVICES": null,
            "torch.version.cuda": "11.7",
            "torch.backends.cudnn.version()": 8500,
            "torch.cuda.nccl.version()": [
                2,
                14,
                3
            ],
            "driver": "560.35.03"
        }
    },
    "dataset": "bank_marketing",
    "algorithm": "xgboost_",
    "metrics": {
        "train": {
            "0": {
                "precision": 0.9491994886467401,
                "recall": 0.9754457303722239,
                "f1-score": 0.9621436504998149,
                "support": 31970
            },
            "1": {
                "precision": 0.7631261315630657,
                "recall": 0.6024297284421153,
                "f1-score": 0.6733226837060703,
                "support": 4198
            },
            "accuracy": 0.9321499668214996,
            "macro avg": {
                "precision": 0.8561628101049029,
                "recall": 0.7889377294071696,
                "f1-score": 0.8177331671029426,
                "support": 36168
            },
            "weighted avg": {
                "precision": 0.9276020557492267,
                "recall": 0.9321499668214996,
                "f1-score": 0.9286203586783114,
                "support": 36168
            },
            "roc_auc": 0.9619441567942075,
            "score": 0.9321499668214996
        },
        "val": {
            "0": {
                "precision": 0.939143135345667,
                "recall": 0.9637771671246566,
                "f1-score": 0.9513007027493527,
                "support": 4003
            },
            "1": {
                "precision": 0.648910411622276,
                "recall": 0.5173745173745173,
                "f1-score": 0.5757250268528463,
                "support": 518
            },
            "accuracy": 0.9126299491262995,
            "macro avg": {
                "precision": 0.7940267734839714,
                "recall": 0.740575842249587,
                "f1-score": 0.7635128648010996,
                "support": 4521
            },
            "weighted avg": {
                "precision": 0.9058893085620535,
                "recall": 0.9126299491262995,
                "f1-score": 0.9082685859357296,
                "support": 4521
            },
            "roc_auc": 0.9322400091823024,
            "score": 0.9126299491262995
        },
        "test": {
            "0": {
                "precision": 0.931884765625,
                "recall": 0.9665738161559888,
                "f1-score": 0.9489123679303915,
                "support": 3949
            },
            "1": {
                "precision": 0.6901408450704225,
                "recall": 0.5130890052356021,
                "f1-score": 0.5885885885885885,
                "support": 573
            },
            "accuracy": 0.9091110128261831,
            "macro avg": {
                "precision": 0.8110128053477113,
                "recall": 0.7398314106957955,
                "f1-score": 0.76875047825949,
                "support": 4522
            },
            "weighted avg": {
                "precision": 0.9012524643251829,
                "recall": 0.9091110128261831,
                "f1-score": 0.9032543569700082,
                "support": 4522
            },
            "roc_auc": 0.9374481002767838,
            "score": 0.9091110128261831
        }
    },
    "time": "0:00:01"
}
