{
    "config": {
        "data": {
            "cat_policy": "ohe",
            "path": "data/bank_marketing"
        },
        "fit": {
            "early_stopping_rounds": 50,
            "verbose": false
        },
        "model": {
            "alpha": 9.745193765513678,
            "booster": "gbtree",
            "colsample_bylevel": 0.6551928846054192,
            "colsample_bytree": 0.873629885087349,
            "gamma": 0,
            "lambda": 0,
            "learning_rate": 0.3682599367980634,
            "max_depth": 6,
            "min_child_weight": 0.00296533338968678,
            "n_estimators": 2000,
            "n_jobs": -1,
            "subsample": 0.7912451345978706,
            "tree_method": "gpu_hist"
        },
        "seed": 8
    },
    "environment": {
        "devices": {
            "CUDA_VISIBLE_DEVICES": null,
            "torch.version.cuda": "11.7",
            "torch.backends.cudnn.version()": 8500,
            "torch.cuda.nccl.version()": [
                2,
                14,
                3
            ],
            "driver": "560.35.03"
        }
    },
    "dataset": "bank_marketing",
    "algorithm": "xgboost_",
    "metrics": {
        "train": {
            "0": {
                "precision": 0.9403833363564907,
                "recall": 0.972974663747263,
                "f1-score": 0.9564014266387898,
                "support": 31970
            },
            "1": {
                "precision": 0.7203883495145631,
                "recall": 0.5302525011910434,
                "f1-score": 0.610867178924259,
                "support": 4198
            },
            "accuracy": 0.9215881442158814,
            "macro avg": {
                "precision": 0.8303858429355269,
                "recall": 0.7516135824691532,
                "f1-score": 0.7836343027815245,
                "support": 36168
            },
            "weighted avg": {
                "precision": 0.9148486384256566,
                "recall": 0.9215881442158814,
                "f1-score": 0.9162954552855053,
                "support": 36168
            },
            "roc_auc": 0.9499794203206526,
            "score": 0.9215881442158814
        },
        "val": {
            "0": {
                "precision": 0.9353197674418605,
                "recall": 0.9645266050462153,
                "f1-score": 0.9496986840487026,
                "support": 4003
            },
            "1": {
                "precision": 0.638676844783715,
                "recall": 0.48455598455598453,
                "f1-score": 0.5510428100987925,
                "support": 518
            },
            "accuracy": 0.9095332890953329,
            "macro avg": {
                "precision": 0.7869983061127878,
                "recall": 0.7245412948011,
                "f1-score": 0.7503707470737475,
                "support": 4521
            },
            "weighted avg": {
                "precision": 0.9013314830054704,
                "recall": 0.9095332890953329,
                "f1-score": 0.904022120742785,
                "support": 4521
            },
            "roc_auc": 0.9303577336302792,
            "score": 0.9095332890953329
        },
        "test": {
            "0": {
                "precision": 0.9281553398058252,
                "recall": 0.9683464168143834,
                "f1-score": 0.9478250092948322,
                "support": 3949
            },
            "1": {
                "precision": 0.6890547263681592,
                "recall": 0.48342059336823734,
                "f1-score": 0.5682051282051283,
                "support": 573
            },
            "accuracy": 0.9068996019460416,
            "macro avg": {
                "precision": 0.8086050330869923,
                "recall": 0.7258835050913104,
                "f1-score": 0.7580150687499803,
                "support": 4522
            },
            "weighted avg": {
                "precision": 0.8978579821101634,
                "recall": 0.9068996019460416,
                "f1-score": 0.8997219151187152,
                "support": 4522
            },
            "roc_auc": 0.9352437292760178,
            "score": 0.9068996019460416
        }
    },
    "time": "0:00:01"
}
