{
    "dataset": "cylinder-bands_algo_3",
    "algorithm": "mlp_mha",
    "config": {
        "data": {
            "cat_policy": "indices",
            "normalization": "quantile",
            "path": "data/cylinder-bands_algo_3"
        },
        "model": {
            "d_embedding": 376,
            "d_layers": [
                348,
                228,
                228,
                228,
                501
            ],
            "dropout": 0.0
        },
        "seed": 10,
        "training": {
            "batch_size": 128,
            "eval_batch_size": 32,
            "lr": 0.003641931731996259,
            "n_epochs": 1000000000,
            "optimizer": "adamw",
            "patience": 16,
            "weight_decay": 0.0008356339903628834
        }
    },
    "environment": {},
    "epoch_size": 4,
    "n_parameters": 149172439,
    "best_epoch": 14,
    "metrics": {
        "train": {
            "0": {
                "precision": 0.8388278388278388,
                "recall": 0.9087301587301587,
                "f1-score": 0.8723809523809524,
                "support": 252
            },
            "1": {
                "precision": 0.8553459119496856,
                "recall": 0.7555555555555555,
                "f1-score": 0.8023598820058997,
                "support": 180
            },
            "accuracy": 0.8449074074074074,
            "macro avg": {
                "precision": 0.8470868753887622,
                "recall": 0.8321428571428571,
                "f1-score": 0.837370417193426,
                "support": 432
            },
            "weighted avg": {
                "precision": 0.845710369295275,
                "recall": 0.8449074074074074,
                "f1-score": 0.8432055063913472,
                "support": 432
            },
            "roc_auc": 0.9352954144620811,
            "score": 0.8449074074074074
        },
        "val": {
            "0": {
                "precision": 0.9117647058823529,
                "recall": 0.9117647058823529,
                "f1-score": 0.9117647058823528,
                "support": 34
            },
            "1": {
                "precision": 0.85,
                "recall": 0.85,
                "f1-score": 0.85,
                "support": 20
            },
            "accuracy": 0.8888888888888888,
            "macro avg": {
                "precision": 0.8808823529411764,
                "recall": 0.8808823529411764,
                "f1-score": 0.8808823529411764,
                "support": 54
            },
            "weighted avg": {
                "precision": 0.8888888888888888,
                "recall": 0.8888888888888888,
                "f1-score": 0.8888888888888888,
                "support": 54
            },
            "roc_auc": 0.9676470588235294,
            "score": 0.8888888888888888
        },
        "test": {
            "0": {
                "precision": 0.7333333333333333,
                "recall": 0.8461538461538461,
                "f1-score": 0.7857142857142856,
                "support": 26
            },
            "1": {
                "precision": 0.8333333333333334,
                "recall": 0.7142857142857143,
                "f1-score": 0.7692307692307692,
                "support": 28
            },
            "accuracy": 0.7777777777777778,
            "macro avg": {
                "precision": 0.7833333333333333,
                "recall": 0.7802197802197802,
                "f1-score": 0.7774725274725274,
                "support": 54
            },
            "weighted avg": {
                "precision": 0.7851851851851853,
                "recall": 0.7777777777777778,
                "f1-score": 0.7771672771672771,
                "support": 54
            },
            "roc_auc": 0.8695054945054946,
            "score": 0.7777777777777778
        }
    },
    "time": "0:04:06"
}
