{
    "dataset": "bank_marketing",
    "algorithm": "resnet",
    "config": {
        "data": {
            "cat_policy": "ohe",
            "normalization": "quantile",
            "path": "data/bank_marketing"
        },
        "model": {
            "activation": "relu",
            "d": 339,
            "d_embedding": 348,
            "d_hidden_factor": 3.825346478547088,
            "hidden_dropout": 0.2209100377552283,
            "n_layers": 8,
            "normalization": "batchnorm",
            "residual_dropout": 0.3058115601225451
        },
        "seed": 8,
        "training": {
            "batch_size": 256,
            "eval_batch_size": 1024,
            "lr": 0.003479353084932105,
            "n_epochs": 1000000000,
            "optimizer": "adamw",
            "patience": 16,
            "weight_decay": 0.0
        }
    },
    "environment": {
        "devices": {
            "CUDA_VISIBLE_DEVICES": null,
            "torch.version.cuda": "10.1",
            "torch.backends.cudnn.version()": 7603,
            "torch.cuda.nccl.version()": 2708,
            "driver": "470.256.02"
        }
    },
    "epoch_size": 142,
    "n_parameters": 7066654,
    "best_epoch": 39,
    "metrics": {
        "train": {
            "0": {
                "precision": 0.9517062954293458,
                "recall": 0.9665311229277448,
                "f1-score": 0.9590614233837176,
                "support": 31970
            },
            "1": {
                "precision": 0.7108108108108108,
                "recall": 0.6264888041924727,
                "f1-score": 0.6659913902253735,
                "support": 4198
            },
            "accuracy": 0.927062596770626,
            "macro avg": {
                "precision": 0.8312585531200782,
                "recall": 0.7965099635601087,
                "f1-score": 0.8125264068045455,
                "support": 36168
            },
            "weighted avg": {
                "precision": 0.9237456881403442,
                "recall": 0.927062596770626,
                "f1-score": 0.925044944750707,
                "support": 36168
            },
            "roc_auc": 0.9611668491914839,
            "score": 0.927062596770626
        },
        "val": {
            "0": {
                "precision": 0.9422036399409739,
                "recall": 0.9570322258306271,
                "f1-score": 0.9495600446151938,
                "support": 4003
            },
            "1": {
                "precision": 0.621978021978022,
                "recall": 0.5463320463320464,
                "f1-score": 0.5817060637204523,
                "support": 518
            },
            "accuracy": 0.9099756690997567,
            "macro avg": {
                "precision": 0.7820908309594979,
                "recall": 0.7516821360813367,
                "f1-score": 0.7656330541678231,
                "support": 4521
            },
            "weighted avg": {
                "precision": 0.9055133346755881,
                "recall": 0.9099756690997567,
                "f1-score": 0.9074126519800522,
                "support": 4521
            },
            "roc_auc": 0.9281152070310201,
            "score": 0.9099756690997567
        },
        "test": {
            "0": {
                "precision": 0.9366336633663367,
                "recall": 0.958217270194986,
                "f1-score": 0.9473025409938665,
                "support": 3949
            },
            "1": {
                "precision": 0.6576763485477178,
                "recall": 0.5532286212914486,
                "f1-score": 0.6009478672985782,
                "support": 573
            },
            "accuracy": 0.9068996019460416,
            "macro avg": {
                "precision": 0.7971550059570273,
                "recall": 0.7557229457432173,
                "f1-score": 0.7741252041462223,
                "support": 4522
            },
            "weighted avg": {
                "precision": 0.9012859098521685,
                "recall": 0.9068996019460416,
                "f1-score": 0.9034146090992623,
                "support": 4522
            },
            "roc_auc": 0.9294782473040869,
            "score": 0.9068996019460416
        }
    },
    "time": "0:17:05"
}
