{
    "dataset": "analcatdata",
    "algorithm": "ft_transformer",
    "config": {
        "data": {
            "cat_policy": "indices",
            "normalization": "quantile",
            "path": "data/analcatdata"
        },
        "model": {
            "activation": "reglu",
            "attention_dropout": 0.2368040226368552,
            "d_ffn_factor": 2.268488170625955,
            "d_token": 296,
            "ffn_dropout": 0.3902645881432277,
            "initialization": "kaiming",
            "n_heads": 8,
            "n_layers": 3,
            "prenormalization": true,
            "residual_dropout": 0.1279842042655048
        },
        "seed": 0,
        "training": {
            "batch_size": 256,
            "eval_batch_size": 8192,
            "lr": 1.935114088559527e-05,
            "n_epochs": 1000000000,
            "optimizer": "adamw",
            "patience": 16,
            "weight_decay": 0.0006823493012435792
        }
    },
    "environment": {
        "devices": {
            "CUDA_VISIBLE_DEVICES": null,
            "torch.version.cuda": "10.1",
            "torch.backends.cudnn.version()": 7603,
            "torch.cuda.nccl.version()": 2708,
            "driver": "470.256.02"
        }
    },
    "epoch_size": 3,
    "n_parameters": 2860432,
    "best_epoch": 5,
    "metrics": {
        "train": {
            "0": {
                "precision": 0.18411552346570398,
                "recall": 0.4722222222222222,
                "f1-score": 0.2649350649350649,
                "support": 108
            },
            "1": {
                "precision": 0.2,
                "recall": 0.010526315789473684,
                "f1-score": 0.019999999999999997,
                "support": 95
            },
            "2": {
                "precision": 0.2,
                "recall": 0.009259259259259259,
                "f1-score": 0.017699115044247787,
                "support": 108
            },
            "3": {
                "precision": 0.26153846153846155,
                "recall": 0.15315315315315314,
                "f1-score": 0.19318181818181818,
                "support": 111
            },
            "4": {
                "precision": 0.17964071856287425,
                "recall": 0.25862068965517243,
                "f1-score": 0.21201413427561838,
                "support": 116
            },
            "5": {
                "precision": 0.23728813559322035,
                "recall": 0.2828282828282828,
                "f1-score": 0.2580645161290323,
                "support": 99
            },
            "accuracy": 0.20094191522762953,
            "macro avg": {
                "precision": 0.2104304731933767,
                "recall": 0.19776832048459392,
                "f1-score": 0.16098244142763027,
                "support": 637
            },
            "weighted avg": {
                "precision": 0.21011788782117344,
                "recall": 0.20094191522762953,
                "f1-score": 0.16328053364002124,
                "support": 637
            },
            "score": 0.20094191522762953
        },
        "val": {
            "0": {
                "precision": 0.2777777777777778,
                "recall": 0.5882352941176471,
                "f1-score": 0.3773584905660377,
                "support": 17
            },
            "1": {
                "precision": 1.0,
                "recall": 0.08333333333333333,
                "f1-score": 0.15384615384615385,
                "support": 12
            },
            "2": {
                "precision": 0.0,
                "recall": 0.0,
                "f1-score": 0.0,
                "support": 6
            },
            "3": {
                "precision": 0.25,
                "recall": 0.1,
                "f1-score": 0.14285714285714288,
                "support": 10
            },
            "4": {
                "precision": 0.4166666666666667,
                "recall": 0.47619047619047616,
                "f1-score": 0.4444444444444445,
                "support": 21
            },
            "5": {
                "precision": 0.26666666666666666,
                "recall": 0.2857142857142857,
                "f1-score": 0.2758620689655172,
                "support": 14
            },
            "accuracy": 0.325,
            "macro avg": {
                "precision": 0.3685185185185185,
                "recall": 0.25557889822595703,
                "f1-score": 0.2323947167798827,
                "support": 80
            },
            "weighted avg": {
                "precision": 0.39631944444444445,
                "recall": 0.325,
                "f1-score": 0.28606527391498116,
                "support": 80
            },
            "score": 0.325
        },
        "test": {
            "0": {
                "precision": 0.18181818181818182,
                "recall": 0.5454545454545454,
                "f1-score": 0.2727272727272727,
                "support": 11
            },
            "1": {
                "precision": 0.0,
                "recall": 0.0,
                "f1-score": 0.0,
                "support": 17
            },
            "2": {
                "precision": 0.0,
                "recall": 0.0,
                "f1-score": 0.0,
                "support": 13
            },
            "3": {
                "precision": 0.14285714285714285,
                "recall": 0.09090909090909091,
                "f1-score": 0.1111111111111111,
                "support": 11
            },
            "4": {
                "precision": 0.21052631578947367,
                "recall": 0.2222222222222222,
                "f1-score": 0.21621621621621623,
                "support": 18
            },
            "5": {
                "precision": 0.14285714285714285,
                "recall": 0.3,
                "f1-score": 0.19354838709677416,
                "support": 10
            },
            "accuracy": 0.175,
            "macro avg": {
                "precision": 0.11300979722032352,
                "recall": 0.1930976430976431,
                "f1-score": 0.13226716452522905,
                "support": 80
            },
            "weighted avg": {
                "precision": 0.10986842105263157,
                "recall": 0.175,
                "f1-score": 0.12561997481352322,
                "support": 80
            },
            "score": 0.175
        }
    },
    "time": "0:00:10"
}
