{
    "config": {
        "data": {
            "cat_policy": "ohe",
            "path": "data/titanic"
        },
        "fit": {
            "early_stopping_rounds": 50,
            "verbose": false
        },
        "model": {
            "alpha": 0,
            "booster": "gbtree",
            "colsample_bylevel": 0.9859725012498328,
            "colsample_bytree": 0.9390967356735884,
            "gamma": 0,
            "lambda": 3.607006600307738e-08,
            "learning_rate": 0.001802171314263196,
            "max_depth": 10,
            "min_child_weight": 3.231776356179178e-08,
            "n_estimators": 2000,
            "n_jobs": -1,
            "subsample": 0.6414034812882048,
            "tree_method": "gpu_hist"
        },
        "seed": 8
    },
    "environment": {
        "devices": {
            "CUDA_VISIBLE_DEVICES": null,
            "torch.version.cuda": "11.7",
            "torch.backends.cudnn.version()": 8500,
            "torch.cuda.nccl.version()": [
                2,
                14,
                3
            ],
            "driver": "560.35.03"
        }
    },
    "dataset": "titanic",
    "algorithm": "xgboost_",
    "metrics": {
        "train": {
            "0": {
                "precision": 0.9893939393939394,
                "recall": 0.9819548872180451,
                "f1-score": 0.9856603773584905,
                "support": 665
            },
            "1": {
                "precision": 0.9691516709511568,
                "recall": 0.9817708333333334,
                "f1-score": 0.9754204398447607,
                "support": 384
            },
            "accuracy": 0.9818875119161106,
            "macro avg": {
                "precision": 0.9792728051725481,
                "recall": 0.9818628602756893,
                "f1-score": 0.9805404086016256,
                "support": 1049
            },
            "weighted avg": {
                "precision": 0.9819839955597844,
                "recall": 0.9818875119161106,
                "f1-score": 0.9819119159616627,
                "support": 1049
            },
            "roc_auc": 0.9842418546365913,
            "score": 0.9818875119161106
        },
        "val": {
            "0": {
                "precision": 0.958904109589041,
                "recall": 1.0,
                "f1-score": 0.9790209790209791,
                "support": 70
            },
            "1": {
                "precision": 1.0,
                "recall": 0.95,
                "f1-score": 0.9743589743589743,
                "support": 60
            },
            "accuracy": 0.9769230769230769,
            "macro avg": {
                "precision": 0.9794520547945205,
                "recall": 0.975,
                "f1-score": 0.9766899766899767,
                "support": 130
            },
            "weighted avg": {
                "precision": 0.9778714436248682,
                "recall": 0.9769230769230769,
                "f1-score": 0.9768692845615922,
                "support": 130
            },
            "roc_auc": 0.9739285714285715,
            "score": 0.9769230769230769
        },
        "test": {
            "0": {
                "precision": 0.9726027397260274,
                "recall": 0.9594594594594594,
                "f1-score": 0.9659863945578231,
                "support": 74
            },
            "1": {
                "precision": 0.9473684210526315,
                "recall": 0.9642857142857143,
                "f1-score": 0.9557522123893805,
                "support": 56
            },
            "accuracy": 0.9615384615384616,
            "macro avg": {
                "precision": 0.9599855803893295,
                "recall": 0.9618725868725868,
                "f1-score": 0.9608693034736018,
                "support": 130
            },
            "weighted avg": {
                "precision": 0.961732571682103,
                "recall": 0.9615384615384616,
                "f1-score": 0.961577823777571,
                "support": 130
            },
            "roc_auc": 0.9618725868725869,
            "score": 0.9615384615384616
        }
    },
    "time": "0:00:01"
}
