{
    "dataset": "sick",
    "algorithm": "resnet",
    "config": {
        "data": {
            "cat_policy": "indices",
            "normalization": "quantile",
            "path": "data/sick"
        },
        "model": {
            "activation": "relu",
            "d": 310,
            "d_embedding": 126,
            "d_hidden_factor": 2.840858920403509,
            "hidden_dropout": 0.3881354102712599,
            "n_layers": 3,
            "normalization": "batchnorm",
            "residual_dropout": 0.0
        },
        "seed": 7,
        "training": {
            "batch_size": 256,
            "eval_batch_size": 8192,
            "lr": 0.004864724374345986,
            "n_epochs": 1000000000,
            "optimizer": "adamw",
            "patience": 16,
            "weight_decay": 0.0
        }
    },
    "environment": {
        "devices": {
            "CUDA_VISIBLE_DEVICES": null,
            "torch.version.cuda": "10.1",
            "torch.backends.cudnn.version()": 7603,
            "torch.cuda.nccl.version()": 2708,
            "driver": "470.256.02"
        }
    },
    "epoch_size": 12,
    "n_parameters": 2510573,
    "best_epoch": 16,
    "metrics": {
        "train": {
            "0": {
                "precision": 0.992849481587415,
                "recall": 0.9833569405099151,
                "f1-score": 0.988080412737947,
                "support": 2824
            },
            "1": {
                "precision": 0.7863636363636364,
                "recall": 0.8963730569948186,
                "f1-score": 0.837772397094431,
                "support": 193
            },
            "accuracy": 0.9777925091150149,
            "macro avg": {
                "precision": 0.8896065589755258,
                "recall": 0.9398649987523668,
                "f1-score": 0.9129264049161889,
                "support": 3017
            },
            "weighted avg": {
                "precision": 0.979640410282082,
                "recall": 0.9777925091150149,
                "f1-score": 0.9784650839281362,
                "support": 3017
            },
            "roc_auc": 0.9921289025231547,
            "score": 0.9777925091150149
        },
        "val": {
            "0": {
                "precision": 0.9888579387186629,
                "recall": 0.9943977591036415,
                "f1-score": 0.9916201117318436,
                "support": 357
            },
            "1": {
                "precision": 0.8888888888888888,
                "recall": 0.8,
                "f1-score": 0.8421052631578948,
                "support": 20
            },
            "accuracy": 0.9840848806366048,
            "macro avg": {
                "precision": 0.9388734138037759,
                "recall": 0.8971988795518208,
                "f1-score": 0.9168626874448692,
                "support": 377
            },
            "weighted avg": {
                "precision": 0.9835545408497094,
                "recall": 0.9840848806366048,
                "f1-score": 0.9836882895263291,
                "support": 377
            },
            "roc_auc": 0.9840336134453781,
            "score": 0.9840848806366048
        },
        "test": {
            "0": {
                "precision": 0.9943181818181818,
                "recall": 0.9722222222222222,
                "f1-score": 0.9831460674157303,
                "support": 360
            },
            "1": {
                "precision": 0.6153846153846154,
                "recall": 0.8888888888888888,
                "f1-score": 0.7272727272727274,
                "support": 18
            },
            "accuracy": 0.9682539682539683,
            "macro avg": {
                "precision": 0.8048513986013985,
                "recall": 0.9305555555555556,
                "f1-score": 0.8552093973442288,
                "support": 378
            },
            "weighted avg": {
                "precision": 0.9762737262737263,
                "recall": 0.9682539682539683,
                "f1-score": 0.970961622647016,
                "support": 378
            },
            "roc_auc": 0.9850308641975308,
            "score": 0.9682539682539683
        }
    },
    "time": "0:00:25"
}
