{
    "dataset": "eucalyptus_algo_3",
    "algorithm": "mlp_mha",
    "config": {
        "data": {
            "cat_policy": "indices",
            "normalization": "quantile",
            "path": "data/eucalyptus_algo_3"
        },
        "model": {
            "d_embedding": 187,
            "d_layers": [
                251,
                266,
                266,
                192
            ],
            "dropout": 0.0
        },
        "seed": 4,
        "training": {
            "batch_size": 256,
            "eval_batch_size": 8192,
            "lr": 0.003296505359015626,
            "n_epochs": 1000000000,
            "optimizer": "adamw",
            "patience": 16,
            "weight_decay": 5.459580731119539e-05
        }
    },
    "environment": {
        "devices": {
            "CUDA_VISIBLE_DEVICES": null,
            "torch.version.cuda": "10.1",
            "torch.backends.cudnn.version()": 7603,
            "torch.cuda.nccl.version()": 2708,
            "driver": "470.256.02"
        }
    },
    "epoch_size": 3,
    "n_parameters": 12435124,
    "best_epoch": 13,
    "metrics": {
        "train": {
            "0": {
                "precision": 0.9126984126984127,
                "recall": 0.7931034482758621,
                "f1-score": 0.8487084870848709,
                "support": 145
            },
            "1": {
                "precision": 0.5903614457831325,
                "recall": 0.5833333333333334,
                "f1-score": 0.5868263473053893,
                "support": 84
            },
            "2": {
                "precision": 0.6608695652173913,
                "recall": 0.7037037037037037,
                "f1-score": 0.6816143497757847,
                "support": 108
            },
            "3": {
                "precision": 0.6789473684210526,
                "recall": 0.7678571428571429,
                "f1-score": 0.7206703910614526,
                "support": 168
            },
            "4": {
                "precision": 0.6621621621621622,
                "recall": 0.5903614457831325,
                "f1-score": 0.624203821656051,
                "support": 83
            },
            "accuracy": 0.7108843537414966,
            "macro avg": {
                "precision": 0.7010077908564304,
                "recall": 0.6876718147906349,
                "f1-score": 0.6924046793767097,
                "support": 588
            },
            "weighted avg": {
                "precision": 0.7182451729332101,
                "recall": 0.7108843537414966,
                "f1-score": 0.7123333953614285,
                "support": 588
            },
            "score": 0.7108843537414966
        },
        "val": {
            "0": {
                "precision": 0.7857142857142857,
                "recall": 0.9166666666666666,
                "f1-score": 0.8461538461538461,
                "support": 12
            },
            "1": {
                "precision": 0.8,
                "recall": 0.7272727272727273,
                "f1-score": 0.761904761904762,
                "support": 11
            },
            "2": {
                "precision": 0.6428571428571429,
                "recall": 0.6923076923076923,
                "f1-score": 0.6666666666666666,
                "support": 13
            },
            "3": {
                "precision": 0.7142857142857143,
                "recall": 0.8,
                "f1-score": 0.7547169811320756,
                "support": 25
            },
            "4": {
                "precision": 0.625,
                "recall": 0.38461538461538464,
                "f1-score": 0.4761904761904762,
                "support": 13
            },
            "accuracy": 0.7162162162162162,
            "macro avg": {
                "precision": 0.7135714285714286,
                "recall": 0.7041724941724941,
                "f1-score": 0.7011265464095653,
                "support": 74
            },
            "weighted avg": {
                "precision": 0.7103764478764478,
                "recall": 0.7162162162162162,
                "f1-score": 0.7062144043276118,
                "support": 74
            },
            "score": 0.7162162162162162
        },
        "test": {
            "0": {
                "precision": 0.875,
                "recall": 0.6086956521739131,
                "f1-score": 0.717948717948718,
                "support": 23
            },
            "1": {
                "precision": 0.23076923076923078,
                "recall": 0.25,
                "f1-score": 0.24000000000000002,
                "support": 12
            },
            "2": {
                "precision": 0.3684210526315789,
                "recall": 0.7777777777777778,
                "f1-score": 0.5,
                "support": 9
            },
            "3": {
                "precision": 0.7272727272727273,
                "recall": 0.7619047619047619,
                "f1-score": 0.7441860465116279,
                "support": 21
            },
            "4": {
                "precision": 0.75,
                "recall": 0.3333333333333333,
                "f1-score": 0.46153846153846156,
                "support": 9
            },
            "accuracy": 0.581081081081081,
            "macro avg": {
                "precision": 0.5902926021347075,
                "recall": 0.5463423050379572,
                "f1-score": 0.5327346451997614,
                "support": 74
            },
            "weighted avg": {
                "precision": 0.6517938853465169,
                "recall": 0.581081081081081,
                "f1-score": 0.5901969411271737,
                "support": 74
            },
            "score": 0.581081081081081
        }
    },
    "time": "0:00:32"
}
