{
    "dataset": "kr-vs-kp",
    "algorithm": "ft_transformer",
    "config": {
        "data": {
            "cat_policy": "indices",
            "normalization": "quantile",
            "path": "data/kr-vs-kp"
        },
        "model": {
            "activation": "reglu",
            "attention_dropout": 0.06504516027258544,
            "d_ffn_factor": 2.282242023418398,
            "d_token": 432,
            "ffn_dropout": 0.1599972023188427,
            "initialization": "kaiming",
            "n_heads": 8,
            "n_layers": 1,
            "prenormalization": true,
            "residual_dropout": 0.0
        },
        "seed": 9,
        "training": {
            "batch_size": 256,
            "eval_batch_size": 32,
            "lr": 2.76684223777323e-05,
            "n_epochs": 1000000000,
            "optimizer": "adamw",
            "patience": 16,
            "weight_decay": 0.0002354064360804708
        }
    },
    "environment": {
        "devices": {
            "CUDA_VISIBLE_DEVICES": null,
            "torch.version.cuda": "10.1",
            "torch.backends.cudnn.version()": 7603,
            "torch.cuda.nccl.version()": 2708,
            "driver": "470.256.02"
        }
    },
    "epoch_size": 10,
    "n_parameters": 2076435,
    "best_epoch": 24,
    "metrics": {
        "train": {
            "0": {
                "precision": 0.9557661927330173,
                "recall": 0.9861450692746536,
                "f1-score": 0.9707180104292018,
                "support": 1227
            },
            "1": {
                "precision": 0.9868217054263566,
                "recall": 0.9578630549285176,
                "f1-score": 0.972126765941199,
                "support": 1329
            },
            "accuracy": 0.9714397496087637,
            "macro avg": {
                "precision": 0.971293949079687,
                "recall": 0.9720040621015856,
                "f1-score": 0.9714223881852004,
                "support": 2556
            },
            "weighted avg": {
                "precision": 0.971913601328263,
                "recall": 0.9714397496087637,
                "f1-score": 0.971450497156684,
                "support": 2556
            },
            "roc_auc": 0.9947843940238538,
            "score": 0.9714397496087637
        },
        "val": {
            "0": {
                "precision": 0.9130434782608695,
                "recall": 0.9735099337748344,
                "f1-score": 0.9423076923076922,
                "support": 151
            },
            "1": {
                "precision": 0.9748427672955975,
                "recall": 0.9171597633136095,
                "f1-score": 0.9451219512195121,
                "support": 169
            },
            "accuracy": 0.94375,
            "macro avg": {
                "precision": 0.9439431227782336,
                "recall": 0.9453348485442219,
                "f1-score": 0.9437148217636022,
                "support": 320
            },
            "weighted avg": {
                "precision": 0.9456812277823353,
                "recall": 0.94375,
                "f1-score": 0.9437939727954971,
                "support": 320
            },
            "roc_auc": 0.9796622124691406,
            "score": 0.94375
        },
        "test": {
            "0": {
                "precision": 0.925,
                "recall": 0.9932885906040269,
                "f1-score": 0.9579288025889967,
                "support": 149
            },
            "1": {
                "precision": 0.99375,
                "recall": 0.9298245614035088,
                "f1-score": 0.9607250755287008,
                "support": 171
            },
            "accuracy": 0.959375,
            "macro avg": {
                "precision": 0.9593750000000001,
                "recall": 0.9615565760037679,
                "f1-score": 0.9593269390588488,
                "support": 320
            },
            "weighted avg": {
                "precision": 0.96173828125,
                "recall": 0.959375,
                "f1-score": 0.9594230609411512,
                "support": 320
            },
            "roc_auc": 0.9902664939754309,
            "score": 0.959375
        }
    },
    "time": "0:01:30"
}
