{
    "dataset": "eucalyptus",
    "algorithm": "ft_transformer",
    "config": {
        "data": {
            "cat_policy": "indices",
            "normalization": "quantile",
            "path": "data/eucalyptus"
        },
        "model": {
            "activation": "reglu",
            "attention_dropout": 0.3501458529787257,
            "d_ffn_factor": 2.520137596675008,
            "d_token": 192,
            "ffn_dropout": 0.4303801489543005,
            "initialization": "kaiming",
            "n_heads": 8,
            "n_layers": 2,
            "prenormalization": true,
            "residual_dropout": 0.0
        },
        "seed": 9,
        "training": {
            "batch_size": 256,
            "eval_batch_size": 32,
            "lr": 0.0008425814163303901,
            "n_epochs": 1000000000,
            "optimizer": "adamw",
            "patience": 16,
            "weight_decay": 7.50710532458074e-05
        }
    },
    "environment": {
        "devices": {
            "CUDA_VISIBLE_DEVICES": null,
            "torch.version.cuda": "10.1",
            "torch.backends.cudnn.version()": 7603,
            "torch.cuda.nccl.version()": 2708,
            "driver": "470.256.02"
        }
    },
    "epoch_size": 3,
    "n_parameters": 878993,
    "best_epoch": 17,
    "metrics": {
        "train": {
            "0": {
                "precision": 1.0,
                "recall": 0.7931034482758621,
                "f1-score": 0.8846153846153846,
                "support": 145
            },
            "1": {
                "precision": 0.6491228070175439,
                "recall": 0.8809523809523809,
                "f1-score": 0.7474747474747475,
                "support": 84
            },
            "2": {
                "precision": 0.7843137254901961,
                "recall": 0.7407407407407407,
                "f1-score": 0.7619047619047618,
                "support": 108
            },
            "3": {
                "precision": 0.7362637362637363,
                "recall": 0.7976190476190477,
                "f1-score": 0.7657142857142858,
                "support": 168
            },
            "4": {
                "precision": 0.7066666666666667,
                "recall": 0.6385542168674698,
                "f1-score": 0.6708860759493671,
                "support": 83
            },
            "accuracy": 0.7755102040816326,
            "macro avg": {
                "precision": 0.7752733870876286,
                "recall": 0.7701939668911002,
                "f1-score": 0.7661190511317093,
                "support": 588
            },
            "weighted avg": {
                "precision": 0.7934997264762855,
                "recall": 0.7755102040816326,
                "f1-score": 0.7783441635146621,
                "support": 588
            },
            "score": 0.7755102040816326
        },
        "val": {
            "0": {
                "precision": 1.0,
                "recall": 0.9166666666666666,
                "f1-score": 0.9565217391304348,
                "support": 12
            },
            "1": {
                "precision": 0.7857142857142857,
                "recall": 1.0,
                "f1-score": 0.88,
                "support": 11
            },
            "2": {
                "precision": 0.6923076923076923,
                "recall": 0.6923076923076923,
                "f1-score": 0.6923076923076923,
                "support": 13
            },
            "3": {
                "precision": 0.7,
                "recall": 0.84,
                "f1-score": 0.7636363636363636,
                "support": 25
            },
            "4": {
                "precision": 0.8333333333333334,
                "recall": 0.38461538461538464,
                "f1-score": 0.5263157894736842,
                "support": 13
            },
            "accuracy": 0.7702702702702703,
            "macro avg": {
                "precision": 0.8022710622710623,
                "recall": 0.7667179487179486,
                "f1-score": 0.763756316909635,
                "support": 74
            },
            "weighted avg": {
                "precision": 0.7834620334620335,
                "recall": 0.7702702702702703,
                "f1-score": 0.7579902057247595,
                "support": 74
            },
            "score": 0.7702702702702703
        },
        "test": {
            "0": {
                "precision": 1.0,
                "recall": 0.6521739130434783,
                "f1-score": 0.7894736842105263,
                "support": 23
            },
            "1": {
                "precision": 0.5,
                "recall": 0.8333333333333334,
                "f1-score": 0.625,
                "support": 12
            },
            "2": {
                "precision": 0.3333333333333333,
                "recall": 0.4444444444444444,
                "f1-score": 0.380952380952381,
                "support": 9
            },
            "3": {
                "precision": 0.5909090909090909,
                "recall": 0.6190476190476191,
                "f1-score": 0.6046511627906977,
                "support": 21
            },
            "4": {
                "precision": 0.2,
                "recall": 0.1111111111111111,
                "f1-score": 0.14285714285714285,
                "support": 9
            },
            "accuracy": 0.581081081081081,
            "macro avg": {
                "precision": 0.5248484848484849,
                "recall": 0.5320220841959972,
                "f1-score": 0.5085868741621495,
                "support": 74
            },
            "weighted avg": {
                "precision": 0.6244471744471743,
                "recall": 0.581081081081081,
                "f1-score": 0.5820250658071956,
                "support": 74
            },
            "score": 0.581081081081081
        }
    },
    "time": "0:00:15"
}
