{
    "config": {
        "data": {
            "cat_policy": "ohe",
            "path": "data/credit-g"
        },
        "fit": {
            "early_stopping_rounds": 50,
            "verbose": false
        },
        "model": {
            "alpha": 0,
            "booster": "gbtree",
            "colsample_bylevel": 0.6040514356057036,
            "colsample_bytree": 0.5876097317209871,
            "gamma": 0.0009972538800380253,
            "lambda": 2.886850217417765e-07,
            "learning_rate": 0.163011966646272,
            "max_depth": 5,
            "min_child_weight": 0.01792550419215392,
            "n_estimators": 2000,
            "n_jobs": -1,
            "subsample": 0.8580292141839648,
            "tree_method": "gpu_hist"
        },
        "seed": 2
    },
    "environment": {
        "devices": {
            "CUDA_VISIBLE_DEVICES": null,
            "torch.version.cuda": "10.1",
            "torch.backends.cudnn.version()": 7603,
            "torch.cuda.nccl.version()": 2708,
            "driver": "470.256.02"
        }
    },
    "dataset": "credit-g",
    "algorithm": "xgboost_",
    "metrics": {
        "train": {
            "0": {
                "precision": 0.9711538461538461,
                "recall": 0.8381742738589212,
                "f1-score": 0.8997772828507795,
                "support": 241
            },
            "1": {
                "precision": 0.9341216216216216,
                "recall": 0.9892665474060823,
                "f1-score": 0.9609035621198957,
                "support": 559
            },
            "accuracy": 0.94375,
            "macro avg": {
                "precision": 0.9526377338877339,
                "recall": 0.9137204106325018,
                "f1-score": 0.9303404224853375,
                "support": 800
            },
            "weighted avg": {
                "precision": 0.9452775792619542,
                "recall": 0.94375,
                "f1-score": 0.9424892704900745,
                "support": 800
            },
            "roc_auc": 0.9902389417973709,
            "score": 0.94375
        },
        "val": {
            "0": {
                "precision": 0.8333333333333334,
                "recall": 0.6451612903225806,
                "f1-score": 0.7272727272727272,
                "support": 31
            },
            "1": {
                "precision": 0.8552631578947368,
                "recall": 0.9420289855072463,
                "f1-score": 0.8965517241379309,
                "support": 69
            },
            "accuracy": 0.85,
            "macro avg": {
                "precision": 0.8442982456140351,
                "recall": 0.7935951379149135,
                "f1-score": 0.8119122257053291,
                "support": 100
            },
            "weighted avg": {
                "precision": 0.8484649122807018,
                "recall": 0.85,
                "f1-score": 0.8440752351097177,
                "support": 100
            },
            "roc_auc": 0.844319775596073,
            "score": 0.85
        },
        "test": {
            "0": {
                "precision": 0.5789473684210527,
                "recall": 0.39285714285714285,
                "f1-score": 0.46808510638297873,
                "support": 28
            },
            "1": {
                "precision": 0.7901234567901234,
                "recall": 0.8888888888888888,
                "f1-score": 0.8366013071895425,
                "support": 72
            },
            "accuracy": 0.75,
            "macro avg": {
                "precision": 0.684535412605588,
                "recall": 0.6408730158730158,
                "f1-score": 0.6523432067862607,
                "support": 100
            },
            "weighted avg": {
                "precision": 0.7309941520467836,
                "recall": 0.75,
                "f1-score": 0.7334167709637046,
                "support": 100
            },
            "roc_auc": 0.7648809523809523,
            "score": 0.75
        }
    },
    "time": "0:00:01"
}
