{
    "dataset": "kr-vs-kp",
    "algorithm": "ft_transformer",
    "config": {
        "data": {
            "cat_policy": "indices",
            "normalization": "quantile",
            "path": "data/kr-vs-kp"
        },
        "model": {
            "activation": "reglu",
            "attention_dropout": 0.06504516027258544,
            "d_ffn_factor": 2.282242023418398,
            "d_token": 432,
            "ffn_dropout": 0.1599972023188427,
            "initialization": "kaiming",
            "n_heads": 8,
            "n_layers": 1,
            "prenormalization": true,
            "residual_dropout": 0.0
        },
        "seed": 8,
        "training": {
            "batch_size": 256,
            "eval_batch_size": 32,
            "lr": 2.76684223777323e-05,
            "n_epochs": 1000000000,
            "optimizer": "adamw",
            "patience": 16,
            "weight_decay": 0.0002354064360804708
        }
    },
    "environment": {
        "devices": {
            "CUDA_VISIBLE_DEVICES": null,
            "torch.version.cuda": "10.1",
            "torch.backends.cudnn.version()": 7603,
            "torch.cuda.nccl.version()": 2708,
            "driver": "470.256.02"
        }
    },
    "epoch_size": 10,
    "n_parameters": 2076435,
    "best_epoch": 46,
    "metrics": {
        "train": {
            "0": {
                "precision": 0.9576470588235294,
                "recall": 0.9951100244498777,
                "f1-score": 0.9760191846522782,
                "support": 1227
            },
            "1": {
                "precision": 0.9953161592505855,
                "recall": 0.9593679458239278,
                "f1-score": 0.9770114942528735,
                "support": 1329
            },
            "accuracy": 0.9765258215962441,
            "macro avg": {
                "precision": 0.9764816090370574,
                "recall": 0.9772389851369028,
                "f1-score": 0.9765153394525758,
                "support": 2556
            },
            "weighted avg": {
                "precision": 0.9772332225432312,
                "recall": 0.9765258215962441,
                "f1-score": 0.9765351390572826,
                "support": 2556
            },
            "roc_auc": 0.9968209639764443,
            "score": 0.9765258215962441
        },
        "val": {
            "0": {
                "precision": 0.9141104294478528,
                "recall": 0.9867549668874173,
                "f1-score": 0.9490445859872613,
                "support": 151
            },
            "1": {
                "precision": 0.9872611464968153,
                "recall": 0.9171597633136095,
                "f1-score": 0.9509202453987731,
                "support": 169
            },
            "accuracy": 0.95,
            "macro avg": {
                "precision": 0.950685787972334,
                "recall": 0.9519573651005133,
                "f1-score": 0.9499824156930172,
                "support": 320
            },
            "weighted avg": {
                "precision": 0.9527431518893362,
                "recall": 0.95,
                "f1-score": 0.9500351686139659,
                "support": 320
            },
            "roc_auc": 0.9893412751283358,
            "score": 0.95
        },
        "test": {
            "0": {
                "precision": 0.925,
                "recall": 0.9932885906040269,
                "f1-score": 0.9579288025889967,
                "support": 149
            },
            "1": {
                "precision": 0.99375,
                "recall": 0.9298245614035088,
                "f1-score": 0.9607250755287008,
                "support": 171
            },
            "accuracy": 0.959375,
            "macro avg": {
                "precision": 0.9593750000000001,
                "recall": 0.9615565760037679,
                "f1-score": 0.9593269390588488,
                "support": 320
            },
            "weighted avg": {
                "precision": 0.96173828125,
                "recall": 0.959375,
                "f1-score": 0.9594230609411512,
                "support": 320
            },
            "roc_auc": 0.9958004631264963,
            "score": 0.959375
        }
    },
    "time": "0:02:14"
}
