{
    "dataset": "nursery_algo_3",
    "algorithm": "mlp_mha",
    "config": {
        "data": {
            "cat_policy": "ohe",
            "normalization": "quantile",
            "path": "data/nursery_algo_3"
        },
        "model": {
            "d_embedding": 241,
            "d_layers": [
                286,
                148,
                148,
                148
            ],
            "dropout": 0.0
        },
        "seed": 3,
        "training": {
            "batch_size": 256,
            "eval_batch_size": 8192,
            "lr": 0.001451770489609484,
            "n_epochs": 1000000000,
            "optimizer": "adamw",
            "patience": 16,
            "weight_decay": 2.691905824926071e-06
        }
    },
    "environment": {},
    "epoch_size": 41,
    "n_parameters": 2846261,
    "best_epoch": 28,
    "metrics": {
        "train": {
            "0": {
                "precision": 1.0,
                "recall": 1.0,
                "f1-score": 1.0,
                "support": 3456
            },
            "1": {
                "precision": 0.9972247918593895,
                "recall": 0.9996908809891808,
                "f1-score": 0.9984563136770609,
                "support": 3235
            },
            "2": {
                "precision": 0.9924242424242424,
                "recall": 1.0,
                "f1-score": 0.9961977186311787,
                "support": 262
            },
            "3": {
                "precision": 0.9997063142437592,
                "recall": 0.9973630237327864,
                "f1-score": 0.9985332942211793,
                "support": 3413
            },
            "4": {
                "precision": 0.0,
                "recall": 0.0,
                "f1-score": 0.0,
                "support": 2
            },
            "accuracy": 0.9988425925925926,
            "macro avg": {
                "precision": 0.7978710697054783,
                "recall": 0.7994107809443934,
                "f1-score": 0.7986374653058836,
                "support": 10368
            },
            "weighted avg": {
                "precision": 0.99865306748594,
                "recall": 0.9988425925925926,
                "f1-score": 0.9987465384069779,
                "support": 10368
            },
            "score": 0.9988425925925926
        },
        "val": {
            "0": {
                "precision": 1.0,
                "recall": 1.0,
                "f1-score": 1.0,
                "support": 418
            },
            "1": {
                "precision": 1.0,
                "recall": 1.0,
                "f1-score": 1.0,
                "support": 402
            },
            "2": {
                "precision": 1.0,
                "recall": 1.0,
                "f1-score": 1.0,
                "support": 37
            },
            "3": {
                "precision": 1.0,
                "recall": 1.0,
                "f1-score": 1.0,
                "support": 439
            },
            "accuracy": 1.0,
            "macro avg": {
                "precision": 1.0,
                "recall": 1.0,
                "f1-score": 1.0,
                "support": 1296
            },
            "weighted avg": {
                "precision": 1.0,
                "recall": 1.0,
                "f1-score": 1.0,
                "support": 1296
            },
            "score": 1.0
        },
        "test": {
            "0": {
                "precision": 1.0,
                "recall": 1.0,
                "f1-score": 1.0,
                "support": 446
            },
            "1": {
                "precision": 0.9975429975429976,
                "recall": 0.9975429975429976,
                "f1-score": 0.9975429975429976,
                "support": 407
            },
            "2": {
                "precision": 1.0,
                "recall": 1.0,
                "f1-score": 1.0,
                "support": 29
            },
            "3": {
                "precision": 0.9975845410628019,
                "recall": 0.9975845410628019,
                "f1-score": 0.9975845410628019,
                "support": 414
            },
            "accuracy": 0.9984567901234568,
            "macro avg": {
                "precision": 0.9987818846514499,
                "recall": 0.9987818846514499,
                "f1-score": 0.9987818846514499,
                "support": 1296
            },
            "weighted avg": {
                "precision": 0.9984567901234568,
                "recall": 0.9984567901234568,
                "f1-score": 0.9984567901234568,
                "support": 1296
            },
            "score": 0.9984567901234568
        }
    },
    "time": "0:02:05"
}
