{
    "dataset": "adult",
    "algorithm": "resnet",
    "config": {
        "data": {
            "cat_policy": "indices",
            "normalization": "quantile",
            "path": "data/adult"
        },
        "model": {
            "activation": "relu",
            "d": 339,
            "d_embedding": 348,
            "d_hidden_factor": 3.825346478547088,
            "hidden_dropout": 0.2209100377552283,
            "n_layers": 8,
            "normalization": "batchnorm",
            "residual_dropout": 0.3058115601225451
        },
        "seed": 5,
        "training": {
            "batch_size": 256,
            "eval_batch_size": 8192,
            "lr": 0.003479353084932105,
            "n_epochs": 1000000000,
            "optimizer": "adamw",
            "patience": 16,
            "weight_decay": 0.0
        }
    },
    "environment": {
        "devices": {
            "CUDA_VISIBLE_DEVICES": null,
            "torch.version.cuda": "11.7",
            "torch.backends.cudnn.version()": 8500,
            "torch.cuda.nccl.version()": [
                2,
                14,
                3
            ],
            "driver": "560.35.03"
        }
    },
    "epoch_size": 153,
    "n_parameters": 8030671,
    "best_epoch": 29,
    "metrics": {
        "train": {
            "0": {
                "precision": 0.8788497158823345,
                "recall": 0.9412278932149821,
                "f1-score": 0.9089698839191493,
                "support": 29742
            },
            "1": {
                "precision": 0.757928264783271,
                "recall": 0.5864766395199315,
                "f1-score": 0.6612698604482571,
                "support": 9332
            },
            "accuracy": 0.8565030455034038,
            "macro avg": {
                "precision": 0.8183889903328028,
                "recall": 0.7638522663674567,
                "f1-score": 0.7851198721837032,
                "support": 39074
            },
            "weighted avg": {
                "precision": 0.8499701800872671,
                "recall": 0.8565030455034038,
                "f1-score": 0.8498119625640189,
                "support": 39074
            },
            "roc_auc": 0.9160869904236875,
            "score": 0.8565030455034038
        },
        "val": {
            "0": {
                "precision": 0.8694132334581772,
                "recall": 0.9477408818726184,
                "f1-score": 0.9068889178278422,
                "support": 3674
            },
            "1": {
                "precision": 0.7815699658703071,
                "recall": 0.5677685950413223,
                "f1-score": 0.6577309717568214,
                "support": 1210
            },
            "accuracy": 0.8536036036036037,
            "macro avg": {
                "precision": 0.8254915996642422,
                "recall": 0.7577547384569703,
                "f1-score": 0.7823099447923318,
                "support": 4884
            },
            "weighted avg": {
                "precision": 0.8476502617584798,
                "recall": 0.8536036036036037,
                "f1-score": 0.845160597855292,
                "support": 4884
            },
            "roc_auc": 0.9085733116786712,
            "score": 0.8536036036036037
        },
        "test": {
            "0": {
                "precision": 0.8792801799550113,
                "recall": 0.9408932869751271,
                "f1-score": 0.9090439276485789,
                "support": 3739
            },
            "1": {
                "precision": 0.7497168742921857,
                "recall": 0.5781659388646289,
                "f1-score": 0.6528599605522682,
                "support": 1145
            },
            "accuracy": 0.8558558558558559,
            "macro avg": {
                "precision": 0.8144985271235985,
                "recall": 0.759529612919878,
                "f1-score": 0.7809519441004236,
                "support": 4884
            },
            "weighted avg": {
                "precision": 0.8489054901548608,
                "recall": 0.8558558558558559,
                "f1-score": 0.8489844185729696,
                "support": 4884
            },
            "roc_auc": 0.9078113266162986,
            "score": 0.8558558558558559
        }
    },
    "time": "0:15:42"
}
