{
    "dataset": "credit-approval",
    "algorithm": "ft_transformer",
    "config": {
        "data": {
            "cat_policy": "indices",
            "normalization": "quantile",
            "path": "data/credit-approval"
        },
        "model": {
            "activation": "reglu",
            "attention_dropout": 0.233290477619195,
            "d_ffn_factor": 0.99706432931555,
            "d_token": 128,
            "ffn_dropout": 0.0009890009363509866,
            "initialization": "kaiming",
            "n_heads": 8,
            "n_layers": 3,
            "prenormalization": true,
            "residual_dropout": 0.0
        },
        "seed": 4,
        "training": {
            "batch_size": 256,
            "eval_batch_size": 8192,
            "lr": 0.0001011792044375919,
            "n_epochs": 1000000000,
            "optimizer": "adamw",
            "patience": 16,
            "weight_decay": 4.193215697451236e-06
        }
    },
    "environment": {
        "devices": {
            "CUDA_VISIBLE_DEVICES": null,
            "torch.version.cuda": "10.1",
            "torch.backends.cudnn.version()": 7603,
            "torch.cuda.nccl.version()": 2708,
            "driver": "470.256.02"
        }
    },
    "epoch_size": 3,
    "n_parameters": 355835,
    "best_epoch": 18,
    "metrics": {
        "train": {
            "0": {
                "precision": 0.9145569620253164,
                "recall": 0.9174603174603174,
                "f1-score": 0.9160063391442156,
                "support": 315
            },
            "1": {
                "precision": 0.8898305084745762,
                "recall": 0.8860759493670886,
                "f1-score": 0.8879492600422833,
                "support": 237
            },
            "accuracy": 0.9039855072463768,
            "macro avg": {
                "precision": 0.9021937352499463,
                "recall": 0.901768133413703,
                "f1-score": 0.9019777995932494,
                "support": 552
            },
            "weighted avg": {
                "precision": 0.903940712946466,
                "recall": 0.9039855072463768,
                "f1-score": 0.9039600932254511,
                "support": 552
            },
            "roc_auc": 0.958502444578394,
            "score": 0.9039855072463768
        },
        "val": {
            "0": {
                "precision": 0.9210526315789473,
                "recall": 0.9210526315789473,
                "f1-score": 0.9210526315789473,
                "support": 38
            },
            "1": {
                "precision": 0.9032258064516129,
                "recall": 0.9032258064516129,
                "f1-score": 0.9032258064516129,
                "support": 31
            },
            "accuracy": 0.9130434782608695,
            "macro avg": {
                "precision": 0.9121392190152802,
                "recall": 0.9121392190152802,
                "f1-score": 0.9121392190152802,
                "support": 69
            },
            "weighted avg": {
                "precision": 0.9130434782608695,
                "recall": 0.9130434782608695,
                "f1-score": 0.9130434782608695,
                "support": 69
            },
            "roc_auc": 0.9269949066213922,
            "score": 0.9130434782608695
        },
        "test": {
            "0": {
                "precision": 0.7567567567567568,
                "recall": 0.9333333333333333,
                "f1-score": 0.835820895522388,
                "support": 30
            },
            "1": {
                "precision": 0.9375,
                "recall": 0.7692307692307693,
                "f1-score": 0.8450704225352113,
                "support": 39
            },
            "accuracy": 0.8405797101449275,
            "macro avg": {
                "precision": 0.8471283783783784,
                "recall": 0.8512820512820514,
                "f1-score": 0.8404456590287996,
                "support": 69
            },
            "weighted avg": {
                "precision": 0.85891598119859,
                "recall": 0.8405797101449275,
                "f1-score": 0.8410488890513751,
                "support": 69
            },
            "roc_auc": 0.9017094017094017,
            "score": 0.8405797101449275
        }
    },
    "time": "0:00:09"
}
