{
    "dataset": "eucalyptus",
    "algorithm": "ft_transformer",
    "config": {
        "data": {
            "cat_policy": "indices",
            "normalization": "quantile",
            "path": "data/eucalyptus"
        },
        "model": {
            "activation": "reglu",
            "attention_dropout": 0.3501458529787257,
            "d_ffn_factor": 2.520137596675008,
            "d_token": 192,
            "ffn_dropout": 0.4303801489543005,
            "initialization": "kaiming",
            "n_heads": 8,
            "n_layers": 2,
            "prenormalization": true,
            "residual_dropout": 0.0
        },
        "seed": 2,
        "training": {
            "batch_size": 256,
            "eval_batch_size": 32,
            "lr": 0.0008425814163303901,
            "n_epochs": 1000000000,
            "optimizer": "adamw",
            "patience": 16,
            "weight_decay": 7.50710532458074e-05
        }
    },
    "environment": {
        "devices": {
            "CUDA_VISIBLE_DEVICES": null,
            "torch.version.cuda": "10.1",
            "torch.backends.cudnn.version()": 7603,
            "torch.cuda.nccl.version()": 2708,
            "driver": "470.256.02"
        }
    },
    "epoch_size": 3,
    "n_parameters": 878993,
    "best_epoch": 21,
    "metrics": {
        "train": {
            "0": {
                "precision": 0.9246575342465754,
                "recall": 0.9310344827586207,
                "f1-score": 0.9278350515463917,
                "support": 145
            },
            "1": {
                "precision": 0.788235294117647,
                "recall": 0.7976190476190477,
                "f1-score": 0.7928994082840236,
                "support": 84
            },
            "2": {
                "precision": 0.8210526315789474,
                "recall": 0.7222222222222222,
                "f1-score": 0.7684729064039408,
                "support": 108
            },
            "3": {
                "precision": 0.7038834951456311,
                "recall": 0.8630952380952381,
                "f1-score": 0.7754010695187166,
                "support": 168
            },
            "4": {
                "precision": 0.7857142857142857,
                "recall": 0.5301204819277109,
                "f1-score": 0.6330935251798562,
                "support": 83
            },
            "accuracy": 0.7976190476190477,
            "macro avg": {
                "precision": 0.8047086481606174,
                "recall": 0.768818294524568,
                "f1-score": 0.7795403921865858,
                "support": 588
            },
            "weighted avg": {
                "precision": 0.8034481365321664,
                "recall": 0.7976190476190477,
                "f1-score": 0.794130695460515,
                "support": 588
            },
            "score": 0.7976190476190477
        },
        "val": {
            "0": {
                "precision": 0.75,
                "recall": 1.0,
                "f1-score": 0.8571428571428571,
                "support": 12
            },
            "1": {
                "precision": 0.8,
                "recall": 0.7272727272727273,
                "f1-score": 0.761904761904762,
                "support": 11
            },
            "2": {
                "precision": 0.8181818181818182,
                "recall": 0.6923076923076923,
                "f1-score": 0.7500000000000001,
                "support": 13
            },
            "3": {
                "precision": 0.71875,
                "recall": 0.92,
                "f1-score": 0.8070175438596492,
                "support": 25
            },
            "4": {
                "precision": 0.8,
                "recall": 0.3076923076923077,
                "f1-score": 0.4444444444444444,
                "support": 13
            },
            "accuracy": 0.7567567567567568,
            "macro avg": {
                "precision": 0.7773863636363636,
                "recall": 0.7294545454545455,
                "f1-score": 0.7241019214703426,
                "support": 74
            },
            "weighted avg": {
                "precision": 0.7676366707616707,
                "recall": 0.7567567567567568,
                "f1-score": 0.7347281492018334,
                "support": 74
            },
            "score": 0.7567567567567568
        },
        "test": {
            "0": {
                "precision": 0.8636363636363636,
                "recall": 0.8260869565217391,
                "f1-score": 0.8444444444444444,
                "support": 23
            },
            "1": {
                "precision": 0.5714285714285714,
                "recall": 0.6666666666666666,
                "f1-score": 0.6153846153846153,
                "support": 12
            },
            "2": {
                "precision": 0.4,
                "recall": 0.4444444444444444,
                "f1-score": 0.4210526315789474,
                "support": 9
            },
            "3": {
                "precision": 0.6153846153846154,
                "recall": 0.7619047619047619,
                "f1-score": 0.6808510638297872,
                "support": 21
            },
            "4": {
                "precision": 0.5,
                "recall": 0.1111111111111111,
                "f1-score": 0.1818181818181818,
                "support": 9
            },
            "accuracy": 0.6486486486486487,
            "macro avg": {
                "precision": 0.5900899100899101,
                "recall": 0.5620427881297446,
                "f1-score": 0.5487101874111951,
                "support": 74
            },
            "weighted avg": {
                "precision": 0.6451872451872452,
                "recall": 0.6486486486486487,
                "f1-score": 0.6287911792950986,
                "support": 74
            },
            "score": 0.6486486486486487
        }
    },
    "time": "0:00:16"
}
