{
    "dataset": "bank_marketing",
    "algorithm": "ft_transformer",
    "config": {
        "data": {
            "cat_policy": "indices",
            "normalization": "quantile",
            "path": "data/bank_marketing"
        },
        "model": {
            "activation": "reglu",
            "attention_dropout": 0.1637753297849404,
            "d_ffn_factor": 1.042701491424939,
            "d_token": 176,
            "ffn_dropout": 0.4209548452479506,
            "initialization": "kaiming",
            "n_heads": 8,
            "n_layers": 4,
            "prenormalization": true,
            "residual_dropout": 0.0
        },
        "seed": 2,
        "training": {
            "batch_size": 256,
            "eval_batch_size": 8192,
            "lr": 0.0001871965269901442,
            "n_epochs": 1000000000,
            "optimizer": "adamw",
            "patience": 16,
            "weight_decay": 1.580780572230625e-05
        }
    },
    "environment": {
        "devices": {
            "CUDA_VISIBLE_DEVICES": null,
            "torch.version.cuda": "11.7",
            "torch.backends.cudnn.version()": 8500,
            "torch.cuda.nccl.version()": [
                2,
                14,
                3
            ],
            "driver": "560.35.03"
        }
    },
    "epoch_size": 142,
    "n_parameters": 902057,
    "best_epoch": 23,
    "metrics": {
        "train": {
            "0": {
                "precision": 0.9394767194803618,
                "recall": 0.9681576477948076,
                "f1-score": 0.9536015774231313,
                "support": 31970
            },
            "1": {
                "precision": 0.6840471756672873,
                "recall": 0.5250119104335398,
                "f1-score": 0.5940700808625337,
                "support": 4198
            },
            "accuracy": 0.9167219641672196,
            "macro avg": {
                "precision": 0.8117619475738246,
                "recall": 0.7465847791141738,
                "f1-score": 0.7738358291428324,
                "support": 36168
            },
            "weighted avg": {
                "precision": 0.9098291518811779,
                "recall": 0.9167219641672196,
                "f1-score": 0.9118709530435308,
                "support": 36168
            },
            "roc_auc": 0.9484601936695356,
            "score": 0.9167219641672196
        },
        "val": {
            "0": {
                "precision": 0.9379092893524132,
                "recall": 0.966025480889333,
                "f1-score": 0.9517597834112724,
                "support": 4003
            },
            "1": {
                "precision": 0.6582914572864321,
                "recall": 0.5057915057915058,
                "f1-score": 0.5720524017467249,
                "support": 518
            },
            "accuracy": 0.9132935191329352,
            "macro avg": {
                "precision": 0.7981003733194227,
                "recall": 0.7359084933404194,
                "f1-score": 0.7619060925789987,
                "support": 4521
            },
            "weighted avg": {
                "precision": 0.9058716788657559,
                "recall": 0.9132935191329352,
                "f1-score": 0.9082542705375198,
                "support": 4521
            },
            "roc_auc": 0.9353916030158846,
            "score": 0.9132935191329352
        },
        "test": {
            "0": {
                "precision": 0.9295432458697764,
                "recall": 0.9688528741453533,
                "f1-score": 0.9487910725356478,
                "support": 3949
            },
            "1": {
                "precision": 0.6970443349753694,
                "recall": 0.493891797556719,
                "f1-score": 0.5781409601634321,
                "support": 573
            },
            "accuracy": 0.9086687306501547,
            "macro avg": {
                "precision": 0.813293790422573,
                "recall": 0.7313723358510361,
                "f1-score": 0.7634660163495399,
                "support": 4522
            },
            "weighted avg": {
                "precision": 0.9000824152765665,
                "recall": 0.9086687306501547,
                "f1-score": 0.9018245722284209,
                "support": 4522
            },
            "roc_auc": 0.9410383789476384,
            "score": 0.9086687306501547
        }
    },
    "time": "0:19:57"
}
