{
    "config": {
        "data": {
            "cat_policy": "ohe",
            "path": "data/kr-vs-kp"
        },
        "fit": {
            "early_stopping_rounds": 50,
            "verbose": false
        },
        "model": {
            "alpha": 0,
            "booster": "gbtree",
            "colsample_bylevel": 0.5372424781732694,
            "colsample_bytree": 0.5768279789146363,
            "gamma": 0,
            "lambda": 2.208349701204509e-07,
            "learning_rate": 0.4890618178657657,
            "max_depth": 5,
            "min_child_weight": 4.714115161288987e-07,
            "n_estimators": 2000,
            "n_jobs": -1,
            "subsample": 0.7058112023579635,
            "tree_method": "gpu_hist"
        },
        "seed": 3
    },
    "environment": {
        "devices": {
            "CUDA_VISIBLE_DEVICES": null,
            "torch.version.cuda": "10.1",
            "torch.backends.cudnn.version()": 7603,
            "torch.cuda.nccl.version()": 2708,
            "driver": "470.256.02"
        }
    },
    "dataset": "kr-vs-kp",
    "algorithm": "xgboost_",
    "metrics": {
        "train": {
            "0": {
                "precision": 0.9975589910496339,
                "recall": 0.9991850040749797,
                "f1-score": 0.9983713355048861,
                "support": 1227
            },
            "1": {
                "precision": 0.9992464204973625,
                "recall": 0.9977426636568849,
                "f1-score": 0.9984939759036146,
                "support": 1329
            },
            "accuracy": 0.9984350547730829,
            "macro avg": {
                "precision": 0.9984027057734981,
                "recall": 0.9984638338659323,
                "f1-score": 0.9984326557042503,
                "support": 2556
            },
            "weighted avg": {
                "precision": 0.9984363751404131,
                "recall": 0.9984350547730829,
                "f1-score": 0.9984351027544598,
                "support": 2556
            },
            "roc_auc": 0.9999037213241322,
            "score": 0.9984350547730829
        },
        "val": {
            "0": {
                "precision": 0.9933774834437086,
                "recall": 0.9933774834437086,
                "f1-score": 0.9933774834437086,
                "support": 151
            },
            "1": {
                "precision": 0.9940828402366864,
                "recall": 0.9940828402366864,
                "f1-score": 0.9940828402366864,
                "support": 169
            },
            "accuracy": 0.99375,
            "macro avg": {
                "precision": 0.9937301618401975,
                "recall": 0.9937301618401975,
                "f1-score": 0.9937301618401975,
                "support": 320
            },
            "weighted avg": {
                "precision": 0.99375,
                "recall": 0.99375,
                "f1-score": 0.99375,
                "support": 320
            },
            "roc_auc": 0.998667659391042,
            "score": 0.99375
        },
        "test": {
            "0": {
                "precision": 0.9933333333333333,
                "recall": 1.0,
                "f1-score": 0.9966555183946488,
                "support": 149
            },
            "1": {
                "precision": 1.0,
                "recall": 0.9941520467836257,
                "f1-score": 0.9970674486803519,
                "support": 171
            },
            "accuracy": 0.996875,
            "macro avg": {
                "precision": 0.9966666666666666,
                "recall": 0.9970760233918128,
                "f1-score": 0.9968614835375004,
                "support": 320
            },
            "weighted avg": {
                "precision": 0.9968958333333333,
                "recall": 0.996875,
                "f1-score": 0.9968756436410715,
                "support": 320
            },
            "roc_auc": 0.9992542878448919,
            "score": 0.996875
        }
    },
    "time": "0:00:01"
}
