{
    "config": {
        "data": {
            "cat_policy": "ohe",
            "path": "data/kr-vs-kp"
        },
        "fit": {
            "early_stopping_rounds": 50,
            "verbose": false
        },
        "model": {
            "alpha": 0,
            "booster": "gbtree",
            "colsample_bylevel": 0.5372424781732694,
            "colsample_bytree": 0.5768279789146363,
            "gamma": 0,
            "lambda": 2.208349701204509e-07,
            "learning_rate": 0.4890618178657657,
            "max_depth": 5,
            "min_child_weight": 4.714115161288987e-07,
            "n_estimators": 2000,
            "n_jobs": -1,
            "subsample": 0.7058112023579635,
            "tree_method": "gpu_hist"
        },
        "seed": 1
    },
    "environment": {
        "devices": {
            "CUDA_VISIBLE_DEVICES": null,
            "torch.version.cuda": "10.1",
            "torch.backends.cudnn.version()": 7603,
            "torch.cuda.nccl.version()": 2708,
            "driver": "470.256.02"
        }
    },
    "dataset": "kr-vs-kp",
    "algorithm": "xgboost_",
    "metrics": {
        "train": {
            "0": {
                "precision": 1.0,
                "recall": 1.0,
                "f1-score": 1.0,
                "support": 1227
            },
            "1": {
                "precision": 1.0,
                "recall": 1.0,
                "f1-score": 1.0,
                "support": 1329
            },
            "accuracy": 1.0,
            "macro avg": {
                "precision": 1.0,
                "recall": 1.0,
                "f1-score": 1.0,
                "support": 2556
            },
            "weighted avg": {
                "precision": 1.0,
                "recall": 1.0,
                "f1-score": 1.0,
                "support": 2556
            },
            "roc_auc": 1.0,
            "score": 1.0
        },
        "val": {
            "0": {
                "precision": 0.9933333333333333,
                "recall": 0.9867549668874173,
                "f1-score": 0.9900332225913622,
                "support": 151
            },
            "1": {
                "precision": 0.9882352941176471,
                "recall": 0.9940828402366864,
                "f1-score": 0.9911504424778761,
                "support": 169
            },
            "accuracy": 0.990625,
            "macro avg": {
                "precision": 0.9907843137254901,
                "recall": 0.9904189035620519,
                "f1-score": 0.9905918325346191,
                "support": 320
            },
            "weighted avg": {
                "precision": 0.990640931372549,
                "recall": 0.990625,
                "f1-score": 0.9906232543439273,
                "support": 320
            },
            "roc_auc": 0.9968258944316001,
            "score": 0.990625
        },
        "test": {
            "0": {
                "precision": 0.9932885906040269,
                "recall": 0.9932885906040269,
                "f1-score": 0.9932885906040269,
                "support": 149
            },
            "1": {
                "precision": 0.9941520467836257,
                "recall": 0.9941520467836257,
                "f1-score": 0.9941520467836257,
                "support": 171
            },
            "accuracy": 0.99375,
            "macro avg": {
                "precision": 0.9937203186938263,
                "recall": 0.9937203186938263,
                "f1-score": 0.9937203186938263,
                "support": 320
            },
            "weighted avg": {
                "precision": 0.99375,
                "recall": 0.99375,
                "f1-score": 0.99375,
                "support": 320
            },
            "roc_auc": 0.9986263197142746,
            "score": 0.99375
        }
    },
    "time": "0:00:01"
}
