{
    "dataset": "bank_marketing",
    "algorithm": "ft_transformer",
    "config": {
        "data": {
            "cat_policy": "indices",
            "normalization": "quantile",
            "path": "data/bank_marketing"
        },
        "model": {
            "activation": "reglu",
            "attention_dropout": 0.1637753297849404,
            "d_ffn_factor": 1.042701491424939,
            "d_token": 176,
            "ffn_dropout": 0.4209548452479506,
            "initialization": "kaiming",
            "n_heads": 8,
            "n_layers": 4,
            "prenormalization": true,
            "residual_dropout": 0.0
        },
        "seed": 10,
        "training": {
            "batch_size": 256,
            "eval_batch_size": 8192,
            "lr": 0.0001871965269901442,
            "n_epochs": 1000000000,
            "optimizer": "adamw",
            "patience": 16,
            "weight_decay": 1.580780572230625e-05
        }
    },
    "environment": {
        "devices": {
            "CUDA_VISIBLE_DEVICES": null,
            "torch.version.cuda": "11.7",
            "torch.backends.cudnn.version()": 8500,
            "torch.cuda.nccl.version()": [
                2,
                14,
                3
            ],
            "driver": "560.35.03"
        }
    },
    "epoch_size": 142,
    "n_parameters": 902057,
    "best_epoch": 22,
    "metrics": {
        "train": {
            "0": {
                "precision": 0.9375736160188457,
                "recall": 0.9710353456365343,
                "f1-score": 0.9540111553295125,
                "support": 31970
            },
            "1": {
                "precision": 0.6970886490022898,
                "recall": 0.5076226774654597,
                "f1-score": 0.5874569262577533,
                "support": 4198
            },
            "accuracy": 0.9172472904224729,
            "macro avg": {
                "precision": 0.8173311325105678,
                "recall": 0.739329011550997,
                "f1-score": 0.770734040793633,
                "support": 36168
            },
            "weighted avg": {
                "precision": 0.9096606572836239,
                "recall": 0.9172472904224729,
                "f1-score": 0.9114654062241364,
                "support": 36168
            },
            "roc_auc": 0.949230724582047,
            "score": 0.9172472904224729
        },
        "val": {
            "0": {
                "precision": 0.937046004842615,
                "recall": 0.9667749188108918,
                "f1-score": 0.9516783474732571,
                "support": 4003
            },
            "1": {
                "precision": 0.659846547314578,
                "recall": 0.4980694980694981,
                "f1-score": 0.5676567656765676,
                "support": 518
            },
            "accuracy": 0.9130723291307233,
            "macro avg": {
                "precision": 0.7984462760785965,
                "recall": 0.732422208440195,
                "f1-score": 0.7596675565749124,
                "support": 4521
            },
            "weighted avg": {
                "precision": 0.9052854830555053,
                "recall": 0.9130723291307233,
                "f1-score": 0.9076785289882571,
                "support": 4521
            },
            "roc_auc": 0.934773340843788,
            "score": 0.9130723291307233
        },
        "test": {
            "0": {
                "precision": 0.9310512260257344,
                "recall": 0.9711319321347176,
                "f1-score": 0.9506693108577094,
                "support": 3949
            },
            "1": {
                "precision": 0.71712158808933,
                "recall": 0.5043630017452007,
                "f1-score": 0.5922131147540983,
                "support": 573
            },
            "accuracy": 0.9119858469703671,
            "macro avg": {
                "precision": 0.8240864070575322,
                "recall": 0.7377474669399591,
                "f1-score": 0.7714412128059038,
                "support": 4522
            },
            "weighted avg": {
                "precision": 0.903943379378773,
                "recall": 0.9119858469703671,
                "f1-score": 0.9052479485473669,
                "support": 4522
            },
            "roc_auc": 0.939145572011736,
            "score": 0.9119858469703671
        }
    },
    "time": "0:19:34"
}
