{
    "config": {
        "data": {
            "cat_policy": "ohe",
            "path": "data/eucalyptus"
        },
        "fit": {
            "early_stopping_rounds": 50,
            "verbose": false
        },
        "model": {
            "alpha": 0.0007476573580254821,
            "booster": "gbtree",
            "colsample_bylevel": 0.7663952296128965,
            "colsample_bytree": 0.9688269813495931,
            "gamma": 0,
            "lambda": 0,
            "learning_rate": 0.5183745037033529,
            "max_depth": 4,
            "min_child_weight": 1.537484829218048e-06,
            "n_estimators": 2000,
            "n_jobs": -1,
            "subsample": 0.7635302636669078,
            "tree_method": "gpu_hist"
        },
        "seed": 3
    },
    "environment": {
        "devices": {
            "CUDA_VISIBLE_DEVICES": null,
            "torch.version.cuda": "10.1",
            "torch.backends.cudnn.version()": 7603,
            "torch.cuda.nccl.version()": 2708,
            "driver": "470.256.02"
        }
    },
    "dataset": "eucalyptus",
    "algorithm": "xgboost_",
    "metrics": {
        "train": {
            "0": {
                "precision": 1.0,
                "recall": 1.0,
                "f1-score": 1.0,
                "support": 145
            },
            "1": {
                "precision": 1.0,
                "recall": 0.9880952380952381,
                "f1-score": 0.9940119760479043,
                "support": 84
            },
            "2": {
                "precision": 0.9711538461538461,
                "recall": 0.9351851851851852,
                "f1-score": 0.9528301886792453,
                "support": 108
            },
            "3": {
                "precision": 0.9325842696629213,
                "recall": 0.9880952380952381,
                "f1-score": 0.9595375722543353,
                "support": 168
            },
            "4": {
                "precision": 1.0,
                "recall": 0.9397590361445783,
                "f1-score": 0.9689440993788819,
                "support": 83
            },
            "accuracy": 0.9744897959183674,
            "macro avg": {
                "precision": 0.9807476231633535,
                "recall": 0.9702269395040479,
                "f1-score": 0.9750647672720734,
                "support": 588
            },
            "weighted avg": {
                "precision": 0.9754400896054185,
                "recall": 0.9744897959183674,
                "f1-score": 0.9745362903955066,
                "support": 588
            },
            "score": 0.9744897959183674
        },
        "val": {
            "0": {
                "precision": 0.8,
                "recall": 1.0,
                "f1-score": 0.888888888888889,
                "support": 12
            },
            "1": {
                "precision": 0.8571428571428571,
                "recall": 0.5454545454545454,
                "f1-score": 0.6666666666666665,
                "support": 11
            },
            "2": {
                "precision": 0.6428571428571429,
                "recall": 0.6923076923076923,
                "f1-score": 0.6666666666666666,
                "support": 13
            },
            "3": {
                "precision": 0.6875,
                "recall": 0.88,
                "f1-score": 0.7719298245614036,
                "support": 25
            },
            "4": {
                "precision": 0.8333333333333334,
                "recall": 0.38461538461538464,
                "f1-score": 0.5263157894736842,
                "support": 13
            },
            "accuracy": 0.7297297297297297,
            "macro avg": {
                "precision": 0.7641666666666667,
                "recall": 0.7004755244755244,
                "f1-score": 0.7040935672514619,
                "support": 74
            },
            "weighted avg": {
                "precision": 0.74873712998713,
                "recall": 0.7297297297297297,
                "f1-score": 0.7136083451872925,
                "support": 74
            },
            "score": 0.7297297297297297
        },
        "test": {
            "0": {
                "precision": 0.8636363636363636,
                "recall": 0.8260869565217391,
                "f1-score": 0.8444444444444444,
                "support": 23
            },
            "1": {
                "precision": 0.5454545454545454,
                "recall": 0.5,
                "f1-score": 0.5217391304347826,
                "support": 12
            },
            "2": {
                "precision": 0.25,
                "recall": 0.4444444444444444,
                "f1-score": 0.32,
                "support": 9
            },
            "3": {
                "precision": 0.5,
                "recall": 0.47619047619047616,
                "f1-score": 0.4878048780487805,
                "support": 21
            },
            "4": {
                "precision": 0.4,
                "recall": 0.2222222222222222,
                "f1-score": 0.2857142857142857,
                "support": 9
            },
            "accuracy": 0.5540540540540541,
            "macro avg": {
                "precision": 0.5118181818181818,
                "recall": 0.4937888198757764,
                "f1-score": 0.49194054772845863,
                "support": 74
            },
            "weighted avg": {
                "precision": 0.5778255528255528,
                "recall": 0.5540540540540541,
                "f1-score": 0.5591678756471968,
                "support": 74
            },
            "score": 0.5540540540540541
        }
    },
    "time": "0:00:01"
}
