{
    "dataset": "credit-approval_algo_3",
    "algorithm": "mlp_mha",
    "config": {
        "data": {
            "cat_policy": "indices",
            "normalization": "quantile",
            "path": "data/credit-approval_algo_3"
        },
        "model": {
            "d_embedding": 254,
            "d_layers": [
                381
            ],
            "dropout": 0.2681497445040155
        },
        "seed": 3,
        "training": {
            "batch_size": 128,
            "eval_batch_size": 32,
            "lr": 0.0007637429136171826,
            "n_epochs": 1000000000,
            "optimizer": "adamw",
            "patience": 16,
            "weight_decay": 0.0
        }
    },
    "environment": {
        "devices": {
            "CUDA_VISIBLE_DEVICES": null,
            "torch.version.cuda": "10.1",
            "torch.backends.cudnn.version()": 7603,
            "torch.cuda.nccl.version()": 2708,
            "driver": "470.256.02"
        }
    },
    "epoch_size": 5,
    "n_parameters": 38644693,
    "best_epoch": 22,
    "metrics": {
        "train": {
            "0": {
                "precision": 0.9203821656050956,
                "recall": 0.9174603174603174,
                "f1-score": 0.9189189189189189,
                "support": 315
            },
            "1": {
                "precision": 0.8907563025210085,
                "recall": 0.8945147679324894,
                "f1-score": 0.8926315789473683,
                "support": 237
            },
            "accuracy": 0.907608695652174,
            "macro avg": {
                "precision": 0.905569234063052,
                "recall": 0.9059875426964035,
                "f1-score": 0.9057752489331437,
                "support": 552
            },
            "weighted avg": {
                "precision": 0.907662365693993,
                "recall": 0.907608695652174,
                "f1-score": 0.9076325066485248,
                "support": 552
            },
            "roc_auc": 0.9722590583350077,
            "score": 0.907608695652174
        },
        "val": {
            "0": {
                "precision": 0.918918918918919,
                "recall": 0.8947368421052632,
                "f1-score": 0.9066666666666667,
                "support": 38
            },
            "1": {
                "precision": 0.875,
                "recall": 0.9032258064516129,
                "f1-score": 0.8888888888888888,
                "support": 31
            },
            "accuracy": 0.8985507246376812,
            "macro avg": {
                "precision": 0.8969594594594594,
                "recall": 0.898981324278438,
                "f1-score": 0.8977777777777778,
                "support": 69
            },
            "weighted avg": {
                "precision": 0.8991872307089699,
                "recall": 0.8985507246376812,
                "f1-score": 0.8986795491143318,
                "support": 69
            },
            "roc_auc": 0.896434634974533,
            "score": 0.8985507246376812
        },
        "test": {
            "0": {
                "precision": 0.7777777777777778,
                "recall": 0.9333333333333333,
                "f1-score": 0.8484848484848485,
                "support": 30
            },
            "1": {
                "precision": 0.9393939393939394,
                "recall": 0.7948717948717948,
                "f1-score": 0.8611111111111112,
                "support": 39
            },
            "accuracy": 0.855072463768116,
            "macro avg": {
                "precision": 0.8585858585858586,
                "recall": 0.8641025641025641,
                "f1-score": 0.8547979797979799,
                "support": 69
            },
            "weighted avg": {
                "precision": 0.8691260430390865,
                "recall": 0.855072463768116,
                "f1-score": 0.8556214317083883,
                "support": 69
            },
            "roc_auc": 0.894017094017094,
            "score": 0.855072463768116
        }
    },
    "time": "0:01:56"
}
