{
    "dataset": "credit-g",
    "algorithm": "resnet",
    "config": {
        "data": {
            "cat_policy": "indices",
            "normalization": "quantile",
            "path": "data/credit-g"
        },
        "model": {
            "activation": "relu",
            "d": 68,
            "d_embedding": 200,
            "d_hidden_factor": 3.022429258658862,
            "hidden_dropout": 0.4807651936856114,
            "n_layers": 7,
            "normalization": "batchnorm",
            "residual_dropout": 0.4931432638142947
        },
        "seed": 3,
        "training": {
            "batch_size": 256,
            "eval_batch_size": 32,
            "lr": 0.0002522556862028747,
            "n_epochs": 1000000000,
            "optimizer": "adamw",
            "patience": 16,
            "weight_decay": 0.0
        }
    },
    "environment": {
        "devices": {
            "CUDA_VISIBLE_DEVICES": null,
            "torch.version.cuda": "10.1",
            "torch.backends.cudnn.version()": 7603,
            "torch.cuda.nccl.version()": 2708,
            "driver": "470.256.02"
        }
    },
    "epoch_size": 4,
    "n_parameters": 386372,
    "best_epoch": 16,
    "metrics": {
        "train": {
            "0": {
                "precision": 0.6007462686567164,
                "recall": 0.6680497925311203,
                "f1-score": 0.6326129666011788,
                "support": 241
            },
            "1": {
                "precision": 0.849624060150376,
                "recall": 0.8085867620751341,
                "f1-score": 0.8285976168652612,
                "support": 559
            },
            "accuracy": 0.76625,
            "macro avg": {
                "precision": 0.7251851644035462,
                "recall": 0.7383182773031272,
                "f1-score": 0.73060529173322,
                "support": 800
            },
            "weighted avg": {
                "precision": 0.774649625462911,
                "recall": 0.76625,
                "f1-score": 0.7695572409732064,
                "support": 800
            },
            "roc_auc": 0.8230464893593331,
            "score": 0.76625
        },
        "val": {
            "0": {
                "precision": 0.7027027027027027,
                "recall": 0.8387096774193549,
                "f1-score": 0.7647058823529411,
                "support": 31
            },
            "1": {
                "precision": 0.9206349206349206,
                "recall": 0.8405797101449275,
                "f1-score": 0.8787878787878787,
                "support": 69
            },
            "accuracy": 0.84,
            "macro avg": {
                "precision": 0.8116688116688117,
                "recall": 0.8396446937821411,
                "f1-score": 0.8217468805704099,
                "support": 100
            },
            "weighted avg": {
                "precision": 0.8530759330759331,
                "recall": 0.84,
                "f1-score": 0.843422459893048,
                "support": 100
            },
            "roc_auc": 0.8676951846657317,
            "score": 0.84
        },
        "test": {
            "0": {
                "precision": 0.47058823529411764,
                "recall": 0.5714285714285714,
                "f1-score": 0.5161290322580646,
                "support": 28
            },
            "1": {
                "precision": 0.8181818181818182,
                "recall": 0.75,
                "f1-score": 0.7826086956521738,
                "support": 72
            },
            "accuracy": 0.7,
            "macro avg": {
                "precision": 0.6443850267379679,
                "recall": 0.6607142857142857,
                "f1-score": 0.6493688639551192,
                "support": 100
            },
            "weighted avg": {
                "precision": 0.7208556149732621,
                "recall": 0.7,
                "f1-score": 0.7079943899018233,
                "support": 100
            },
            "roc_auc": 0.7683531746031745,
            "score": 0.7
        }
    },
    "time": "0:00:05"
}
