{
    "config": {
        "data": {
            "cat_policy": "ohe",
            "path": "data/analcatdata"
        },
        "fit": {
            "early_stopping_rounds": 50,
            "verbose": false
        },
        "model": {
            "alpha": 0,
            "booster": "gbtree",
            "colsample_bylevel": 0.6989376795401535,
            "colsample_bytree": 0.7572607161725085,
            "gamma": 0,
            "lambda": 0,
            "learning_rate": 0.3061156050996376,
            "max_depth": 6,
            "min_child_weight": 0.000151332613172996,
            "n_estimators": 2000,
            "n_jobs": -1,
            "subsample": 0.8367279110965042,
            "tree_method": "gpu_hist"
        },
        "seed": 6
    },
    "environment": {
        "devices": {
            "CUDA_VISIBLE_DEVICES": null,
            "torch.version.cuda": "10.1",
            "torch.backends.cudnn.version()": 7603,
            "torch.cuda.nccl.version()": 2708,
            "driver": "470.256.02"
        }
    },
    "dataset": "analcatdata",
    "algorithm": "xgboost_",
    "metrics": {
        "train": {
            "0": {
                "precision": 0.5652173913043478,
                "recall": 0.6018518518518519,
                "f1-score": 0.5829596412556053,
                "support": 108
            },
            "1": {
                "precision": 0.5729166666666666,
                "recall": 0.5789473684210527,
                "f1-score": 0.5759162303664922,
                "support": 95
            },
            "2": {
                "precision": 0.5041322314049587,
                "recall": 0.5648148148148148,
                "f1-score": 0.5327510917030568,
                "support": 108
            },
            "3": {
                "precision": 0.488,
                "recall": 0.5495495495495496,
                "f1-score": 0.5169491525423728,
                "support": 111
            },
            "4": {
                "precision": 0.5483870967741935,
                "recall": 0.4396551724137931,
                "f1-score": 0.48803827751196166,
                "support": 116
            },
            "5": {
                "precision": 0.5517241379310345,
                "recall": 0.48484848484848486,
                "f1-score": 0.5161290322580646,
                "support": 99
            },
            "accuracy": 0.5353218210361067,
            "macro avg": {
                "precision": 0.5383962540135335,
                "recall": 0.5366112069832578,
                "f1-score": 0.5354572376062589,
                "support": 637
            },
            "weighted avg": {
                "precision": 0.5373915784410005,
                "recall": 0.5353218210361067,
                "f1-score": 0.534221933063566,
                "support": 637
            },
            "score": 0.5353218210361067
        },
        "val": {
            "0": {
                "precision": 0.3333333333333333,
                "recall": 0.23529411764705882,
                "f1-score": 0.27586206896551724,
                "support": 17
            },
            "1": {
                "precision": 0.25,
                "recall": 0.16666666666666666,
                "f1-score": 0.2,
                "support": 12
            },
            "2": {
                "precision": 0.1,
                "recall": 0.3333333333333333,
                "f1-score": 0.15384615384615383,
                "support": 6
            },
            "3": {
                "precision": 0.15789473684210525,
                "recall": 0.3,
                "f1-score": 0.20689655172413793,
                "support": 10
            },
            "4": {
                "precision": 0.1111111111111111,
                "recall": 0.047619047619047616,
                "f1-score": 0.06666666666666667,
                "support": 21
            },
            "5": {
                "precision": 0.25,
                "recall": 0.21428571428571427,
                "f1-score": 0.23076923076923075,
                "support": 14
            },
            "accuracy": 0.1875,
            "macro avg": {
                "precision": 0.20038986354775826,
                "recall": 0.2161998132586368,
                "f1-score": 0.18900677866195106,
                "support": 80
            },
            "weighted avg": {
                "precision": 0.20848684210526316,
                "recall": 0.1875,
                "f1-score": 0.18390583554376655,
                "support": 80
            },
            "score": 0.1875
        },
        "test": {
            "0": {
                "precision": 0.25,
                "recall": 0.36363636363636365,
                "f1-score": 0.2962962962962963,
                "support": 11
            },
            "1": {
                "precision": 0.25,
                "recall": 0.11764705882352941,
                "f1-score": 0.15999999999999998,
                "support": 17
            },
            "2": {
                "precision": 0.125,
                "recall": 0.15384615384615385,
                "f1-score": 0.13793103448275862,
                "support": 13
            },
            "3": {
                "precision": 0.15384615384615385,
                "recall": 0.18181818181818182,
                "f1-score": 0.16666666666666669,
                "support": 11
            },
            "4": {
                "precision": 0.17391304347826086,
                "recall": 0.2222222222222222,
                "f1-score": 0.1951219512195122,
                "support": 18
            },
            "5": {
                "precision": 0.5,
                "recall": 0.2,
                "f1-score": 0.28571428571428575,
                "support": 10
            },
            "accuracy": 0.2,
            "macro avg": {
                "precision": 0.24212653288740246,
                "recall": 0.20652833005774182,
                "f1-score": 0.20695503906325327,
                "support": 80
            },
            "weighted avg": {
                "precision": 0.23059678093645486,
                "recall": 0.2,
                "f1-score": 0.19968792524953163,
                "support": 80
            },
            "score": 0.2
        }
    },
    "time": "0:00:02"
}
