{
    "dataset": "sick_algo_3",
    "algorithm": "mlp_mha",
    "config": {
        "data": {
            "cat_policy": "indices",
            "normalization": "quantile",
            "path": "data/sick_algo_3"
        },
        "model": {
            "d_embedding": 152,
            "d_layers": [
                166,
                26
            ],
            "dropout": 0.1686980802086342
        },
        "seed": 4,
        "training": {
            "batch_size": 256,
            "eval_batch_size": 8192,
            "lr": 0.0008800667561385505,
            "n_epochs": 1000000000,
            "optimizer": "adamw",
            "patience": 16,
            "weight_decay": 0.0
        }
    },
    "environment": {
        "devices": {
            "CUDA_VISIBLE_DEVICES": null,
            "torch.version.cuda": "10.1",
            "torch.backends.cudnn.version()": 7603,
            "torch.cuda.nccl.version()": 2708,
            "driver": "470.256.02"
        }
    },
    "epoch_size": 12,
    "n_parameters": 68543435,
    "best_epoch": 34,
    "metrics": {
        "train": {
            "0": {
                "precision": 0.9893805309734514,
                "recall": 0.9897308781869688,
                "f1-score": 0.9895556735705434,
                "support": 2824
            },
            "1": {
                "precision": 0.8489583333333334,
                "recall": 0.844559585492228,
                "f1-score": 0.8467532467532467,
                "support": 193
            },
            "accuracy": 0.9804441498176997,
            "macro avg": {
                "precision": 0.9191694321533923,
                "recall": 0.9171452318395984,
                "f1-score": 0.9181544601618951,
                "support": 3017
            },
            "weighted avg": {
                "precision": 0.9803976061658469,
                "recall": 0.9804441498176997,
                "f1-score": 0.9804204835222377,
                "support": 3017
            },
            "roc_auc": 0.9951837690264057,
            "score": 0.9804441498176997
        },
        "val": {
            "0": {
                "precision": 0.9916666666666667,
                "recall": 1.0,
                "f1-score": 0.99581589958159,
                "support": 357
            },
            "1": {
                "precision": 1.0,
                "recall": 0.85,
                "f1-score": 0.9189189189189189,
                "support": 20
            },
            "accuracy": 0.9920424403183024,
            "macro avg": {
                "precision": 0.9958333333333333,
                "recall": 0.925,
                "f1-score": 0.9573674092502544,
                "support": 377
            },
            "weighted avg": {
                "precision": 0.99210875331565,
                "recall": 0.9920424403183024,
                "f1-score": 0.9917364841618197,
                "support": 377
            },
            "roc_auc": 0.9903361344537814,
            "score": 0.9920424403183024
        },
        "test": {
            "0": {
                "precision": 0.9915966386554622,
                "recall": 0.9833333333333333,
                "f1-score": 0.9874476987447698,
                "support": 360
            },
            "1": {
                "precision": 0.7142857142857143,
                "recall": 0.8333333333333334,
                "f1-score": 0.7692307692307692,
                "support": 18
            },
            "accuracy": 0.9761904761904762,
            "macro avg": {
                "precision": 0.8529411764705883,
                "recall": 0.9083333333333333,
                "f1-score": 0.8783392339877695,
                "support": 378
            },
            "weighted avg": {
                "precision": 0.9783913565426171,
                "recall": 0.9761904761904762,
                "f1-score": 0.9770564163869603,
                "support": 378
            },
            "roc_auc": 0.986574074074074,
            "score": 0.9761904761904762
        }
    },
    "time": "0:12:17"
}
