{
    "dataset": "titanic",
    "algorithm": "resnet",
    "config": {
        "data": {
            "cat_policy": "indices",
            "normalization": "quantile",
            "path": "data/titanic"
        },
        "model": {
            "activation": "relu",
            "d": 358,
            "d_embedding": 512,
            "d_hidden_factor": 3.939071888925459,
            "hidden_dropout": 0.4896437281538122,
            "n_layers": 6,
            "normalization": "batchnorm",
            "residual_dropout": 0.1885775155762346
        },
        "seed": 1,
        "training": {
            "batch_size": 256,
            "eval_batch_size": 8192,
            "lr": 0.0002043476961637888,
            "n_epochs": 1000000000,
            "optimizer": "adamw",
            "patience": 16,
            "weight_decay": 0.0
        }
    },
    "environment": {
        "devices": {
            "CUDA_VISIBLE_DEVICES": null,
            "torch.version.cuda": "11.7",
            "torch.backends.cudnn.version()": 8500,
            "torch.cuda.nccl.version()": [
                2,
                14,
                3
            ],
            "driver": "560.35.03"
        }
    },
    "epoch_size": 5,
    "n_parameters": 6643141,
    "best_epoch": 4,
    "metrics": {
        "train": {
            "0": {
                "precision": 0.9705014749262537,
                "recall": 0.9894736842105263,
                "f1-score": 0.9798957557706627,
                "support": 665
            },
            "1": {
                "precision": 0.9811320754716981,
                "recall": 0.9479166666666666,
                "f1-score": 0.9642384105960263,
                "support": 384
            },
            "accuracy": 0.9742612011439467,
            "macro avg": {
                "precision": 0.9758167751989759,
                "recall": 0.9686951754385964,
                "f1-score": 0.9720670831833444,
                "support": 1049
            },
            "weighted avg": {
                "precision": 0.9743929435720599,
                "recall": 0.9742612011439467,
                "f1-score": 0.9741641823225594,
                "support": 1049
            },
            "roc_auc": 0.9945841165413534,
            "score": 0.9742612011439467
        },
        "val": {
            "0": {
                "precision": 0.9333333333333333,
                "recall": 1.0,
                "f1-score": 0.9655172413793104,
                "support": 70
            },
            "1": {
                "precision": 1.0,
                "recall": 0.9166666666666666,
                "f1-score": 0.9565217391304348,
                "support": 60
            },
            "accuracy": 0.9615384615384616,
            "macro avg": {
                "precision": 0.9666666666666667,
                "recall": 0.9583333333333333,
                "f1-score": 0.9610194902548725,
                "support": 130
            },
            "weighted avg": {
                "precision": 0.9641025641025641,
                "recall": 0.9615384615384616,
                "f1-score": 0.9613654711105986,
                "support": 130
            },
            "roc_auc": 0.9952380952380953,
            "score": 0.9615384615384616
        },
        "test": {
            "0": {
                "precision": 0.9736842105263158,
                "recall": 1.0,
                "f1-score": 0.9866666666666666,
                "support": 74
            },
            "1": {
                "precision": 1.0,
                "recall": 0.9642857142857143,
                "f1-score": 0.9818181818181818,
                "support": 56
            },
            "accuracy": 0.9846153846153847,
            "macro avg": {
                "precision": 0.986842105263158,
                "recall": 0.9821428571428572,
                "f1-score": 0.9842424242424241,
                "support": 130
            },
            "weighted avg": {
                "precision": 0.9850202429149798,
                "recall": 0.9846153846153847,
                "f1-score": 0.9845780885780885,
                "support": 130
            },
            "roc_auc": 0.9997586872586873,
            "score": 0.9846153846153847
        }
    },
    "time": "0:00:09"
}
