{
    "config": {
        "data": {
            "cat_policy": "ohe",
            "path": "data/titanic"
        },
        "fit": {
            "early_stopping_rounds": 50,
            "verbose": false
        },
        "model": {
            "alpha": 0,
            "booster": "gbtree",
            "colsample_bylevel": 0.9859725012498328,
            "colsample_bytree": 0.9390967356735884,
            "gamma": 0,
            "lambda": 3.607006600307738e-08,
            "learning_rate": 0.001802171314263196,
            "max_depth": 10,
            "min_child_weight": 3.231776356179178e-08,
            "n_estimators": 2000,
            "n_jobs": -1,
            "subsample": 0.6414034812882048,
            "tree_method": "gpu_hist"
        },
        "seed": 4
    },
    "environment": {
        "devices": {
            "CUDA_VISIBLE_DEVICES": null,
            "torch.version.cuda": "11.7",
            "torch.backends.cudnn.version()": 8500,
            "torch.cuda.nccl.version()": [
                2,
                14,
                3
            ],
            "driver": "560.35.03"
        }
    },
    "dataset": "titanic",
    "algorithm": "xgboost_",
    "metrics": {
        "train": {
            "0": {
                "precision": 0.9895833333333334,
                "recall": 1.0,
                "f1-score": 0.9947643979057591,
                "support": 665
            },
            "1": {
                "precision": 1.0,
                "recall": 0.9817708333333334,
                "f1-score": 0.9908015768725361,
                "support": 384
            },
            "accuracy": 0.9933269780743565,
            "macro avg": {
                "precision": 0.9947916666666667,
                "recall": 0.9908854166666667,
                "f1-score": 0.9927829873891476,
                "support": 1049
            },
            "weighted avg": {
                "precision": 0.9933964887194154,
                "recall": 0.9933269780743565,
                "f1-score": 0.9933137560785353,
                "support": 1049
            },
            "roc_auc": 0.9997885338345863,
            "score": 0.9933269780743565
        },
        "val": {
            "0": {
                "precision": 0.958904109589041,
                "recall": 1.0,
                "f1-score": 0.9790209790209791,
                "support": 70
            },
            "1": {
                "precision": 1.0,
                "recall": 0.95,
                "f1-score": 0.9743589743589743,
                "support": 60
            },
            "accuracy": 0.9769230769230769,
            "macro avg": {
                "precision": 0.9794520547945205,
                "recall": 0.975,
                "f1-score": 0.9766899766899767,
                "support": 130
            },
            "weighted avg": {
                "precision": 0.9778714436248682,
                "recall": 0.9769230769230769,
                "f1-score": 0.9768692845615922,
                "support": 130
            },
            "roc_auc": 0.9663095238095238,
            "score": 0.9769230769230769
        },
        "test": {
            "0": {
                "precision": 0.9733333333333334,
                "recall": 0.9864864864864865,
                "f1-score": 0.9798657718120806,
                "support": 74
            },
            "1": {
                "precision": 0.9818181818181818,
                "recall": 0.9642857142857143,
                "f1-score": 0.972972972972973,
                "support": 56
            },
            "accuracy": 0.9769230769230769,
            "macro avg": {
                "precision": 0.9775757575757575,
                "recall": 0.9753861003861004,
                "f1-score": 0.9764193723925267,
                "support": 130
            },
            "weighted avg": {
                "precision": 0.9769883449883451,
                "recall": 0.9769230769230769,
                "f1-score": 0.9768965661583112,
                "support": 130
            },
            "roc_auc": 0.9965009652509653,
            "score": 0.9769230769230769
        }
    },
    "time": "0:00:01"
}
