{
    "dataset": "kr-vs-kp",
    "algorithm": "resnet",
    "config": {
        "data": {
            "cat_policy": "indices",
            "normalization": "quantile",
            "path": "data/kr-vs-kp"
        },
        "model": {
            "activation": "relu",
            "d": 103,
            "d_embedding": 284,
            "d_hidden_factor": 1.846316989503202,
            "hidden_dropout": 0.3960150210200928,
            "n_layers": 5,
            "normalization": "batchnorm",
            "residual_dropout": 0.238670028034606
        },
        "seed": 2,
        "training": {
            "batch_size": 256,
            "eval_batch_size": 32,
            "lr": 1.228961322647247e-05,
            "n_epochs": 1000000000,
            "optimizer": "adamw",
            "patience": 16,
            "weight_decay": 4.516205353699927e-05
        }
    },
    "environment": {
        "devices": {
            "CUDA_VISIBLE_DEVICES": null,
            "torch.version.cuda": "10.1",
            "torch.backends.cudnn.version()": 7603,
            "torch.cuda.nccl.version()": 2708,
            "driver": "470.256.02"
        }
    },
    "epoch_size": 10,
    "n_parameters": 1272128,
    "best_epoch": 114,
    "metrics": {
        "train": {
            "0": {
                "precision": 0.9943135662063363,
                "recall": 0.9975550122249389,
                "f1-score": 0.9959316517493898,
                "support": 1227
            },
            "1": {
                "precision": 0.9977358490566037,
                "recall": 0.9947328818660647,
                "f1-score": 0.9962321024868124,
                "support": 1329
            },
            "accuracy": 0.9960876369327074,
            "macro avg": {
                "precision": 0.99602470763147,
                "recall": 0.9961439470455018,
                "f1-score": 0.996081877118101,
                "support": 2556
            },
            "weighted avg": {
                "precision": 0.996092992617919,
                "recall": 0.9960876369327074,
                "f1-score": 0.9960878720271812,
                "support": 2556
            },
            "roc_auc": 0.9998736725654219,
            "score": 0.9960876369327074
        },
        "val": {
            "0": {
                "precision": 0.974025974025974,
                "recall": 0.9933774834437086,
                "f1-score": 0.9836065573770492,
                "support": 151
            },
            "1": {
                "precision": 0.9939759036144579,
                "recall": 0.9763313609467456,
                "f1-score": 0.9850746268656716,
                "support": 169
            },
            "accuracy": 0.984375,
            "macro avg": {
                "precision": 0.984000938820216,
                "recall": 0.9848544221952271,
                "f1-score": 0.9843405921213604,
                "support": 320
            },
            "weighted avg": {
                "precision": 0.9845620305898921,
                "recall": 0.984375,
                "f1-score": 0.9843818815757277,
                "support": 320
            },
            "roc_auc": 0.9984325404600494,
            "score": 0.984375
        },
        "test": {
            "0": {
                "precision": 0.9736842105263158,
                "recall": 0.9932885906040269,
                "f1-score": 0.9833887043189369,
                "support": 149
            },
            "1": {
                "precision": 0.9940476190476191,
                "recall": 0.9766081871345029,
                "f1-score": 0.9852507374631269,
                "support": 171
            },
            "accuracy": 0.984375,
            "macro avg": {
                "precision": 0.9838659147869675,
                "recall": 0.984948388869265,
                "f1-score": 0.9843197208910319,
                "support": 320
            },
            "weighted avg": {
                "precision": 0.9845659069548873,
                "recall": 0.984375,
                "f1-score": 0.9843837282803634,
                "support": 320
            },
            "roc_auc": 0.9995682719102005,
            "score": 0.984375
        }
    },
    "time": "0:01:30"
}
