{
    "dataset": "analcatdata",
    "algorithm": "ft_transformer",
    "config": {
        "data": {
            "cat_policy": "indices",
            "normalization": "quantile",
            "path": "data/analcatdata"
        },
        "model": {
            "activation": "reglu",
            "attention_dropout": 0.2368040226368552,
            "d_ffn_factor": 2.268488170625955,
            "d_token": 296,
            "ffn_dropout": 0.3902645881432277,
            "initialization": "kaiming",
            "n_heads": 8,
            "n_layers": 3,
            "prenormalization": true,
            "residual_dropout": 0.1279842042655048
        },
        "seed": 3,
        "training": {
            "batch_size": 256,
            "eval_batch_size": 8192,
            "lr": 1.935114088559527e-05,
            "n_epochs": 1000000000,
            "optimizer": "adamw",
            "patience": 16,
            "weight_decay": 0.0006823493012435792
        }
    },
    "environment": {
        "devices": {
            "CUDA_VISIBLE_DEVICES": null,
            "torch.version.cuda": "10.1",
            "torch.backends.cudnn.version()": 7603,
            "torch.cuda.nccl.version()": 2708,
            "driver": "470.256.02"
        }
    },
    "epoch_size": 3,
    "n_parameters": 2860432,
    "best_epoch": 3,
    "metrics": {
        "train": {
            "0": {
                "precision": 0.1875,
                "recall": 0.027777777777777776,
                "f1-score": 0.04838709677419354,
                "support": 108
            },
            "1": {
                "precision": 0.6666666666666666,
                "recall": 0.021052631578947368,
                "f1-score": 0.04081632653061225,
                "support": 95
            },
            "2": {
                "precision": 0.22527472527472528,
                "recall": 0.37962962962962965,
                "f1-score": 0.2827586206896552,
                "support": 108
            },
            "3": {
                "precision": 0.21804511278195488,
                "recall": 0.26126126126126126,
                "f1-score": 0.23770491803278687,
                "support": 111
            },
            "4": {
                "precision": 0.2251655629139073,
                "recall": 0.5862068965517241,
                "f1-score": 0.3253588516746411,
                "support": 116
            },
            "5": {
                "precision": 0.0,
                "recall": 0.0,
                "f1-score": 0.0,
                "support": 99
            },
            "accuracy": 0.22448979591836735,
            "macro avg": {
                "precision": 0.25377534460620904,
                "recall": 0.21265469946655668,
                "f1-score": 0.1558376356169815,
                "support": 637
            },
            "weighted avg": {
                "precision": 0.24840693324931537,
                "recall": 0.22448979591836735,
                "f1-score": 0.16290135196609346,
                "support": 637
            },
            "score": 0.22448979591836735
        },
        "val": {
            "0": {
                "precision": 0.0,
                "recall": 0.0,
                "f1-score": 0.0,
                "support": 17
            },
            "1": {
                "precision": 0.0,
                "recall": 0.0,
                "f1-score": 0.0,
                "support": 12
            },
            "2": {
                "precision": 0.13333333333333333,
                "recall": 0.3333333333333333,
                "f1-score": 0.19047619047619044,
                "support": 6
            },
            "3": {
                "precision": 0.16666666666666666,
                "recall": 0.3,
                "f1-score": 0.21428571428571427,
                "support": 10
            },
            "4": {
                "precision": 0.26666666666666666,
                "recall": 0.5714285714285714,
                "f1-score": 0.36363636363636365,
                "support": 21
            },
            "5": {
                "precision": 0.0,
                "recall": 0.0,
                "f1-score": 0.0,
                "support": 14
            },
            "accuracy": 0.2125,
            "macro avg": {
                "precision": 0.09444444444444444,
                "recall": 0.20079365079365077,
                "f1-score": 0.12806637806637808,
                "support": 80
            },
            "weighted avg": {
                "precision": 0.10083333333333333,
                "recall": 0.2125,
                "f1-score": 0.13652597402597402,
                "support": 80
            },
            "score": 0.2125
        },
        "test": {
            "0": {
                "precision": 0.0,
                "recall": 0.0,
                "f1-score": 0.0,
                "support": 11
            },
            "1": {
                "precision": 0.0,
                "recall": 0.0,
                "f1-score": 0.0,
                "support": 17
            },
            "2": {
                "precision": 0.16666666666666666,
                "recall": 0.3076923076923077,
                "f1-score": 0.21621621621621623,
                "support": 13
            },
            "3": {
                "precision": 0.07142857142857142,
                "recall": 0.09090909090909091,
                "f1-score": 0.08,
                "support": 11
            },
            "4": {
                "precision": 0.23076923076923078,
                "recall": 0.5,
                "f1-score": 0.3157894736842105,
                "support": 18
            },
            "5": {
                "precision": 0.0,
                "recall": 0.0,
                "f1-score": 0.0,
                "support": 10
            },
            "accuracy": 0.175,
            "macro avg": {
                "precision": 0.07814407814407814,
                "recall": 0.14976689976689977,
                "f1-score": 0.10200094831673778,
                "support": 80
            },
            "weighted avg": {
                "precision": 0.08882783882783882,
                "recall": 0.175,
                "f1-score": 0.11718776671408251,
                "support": 80
            },
            "score": 0.175
        }
    },
    "time": "0:00:09"
}
