{
    "dataset": "adult",
    "algorithm": "ft_transformer",
    "config": {
        "data": {
            "cat_policy": "indices",
            "normalization": "quantile",
            "path": "data/adult"
        },
        "model": {
            "activation": "reglu",
            "attention_dropout": 0.290284712609104,
            "d_ffn_factor": 2.037608078057796,
            "d_token": 352,
            "ffn_dropout": 0.1605824872092634,
            "initialization": "kaiming",
            "n_heads": 8,
            "n_layers": 3,
            "prenormalization": true,
            "residual_dropout": 0.0
        },
        "seed": 2,
        "training": {
            "batch_size": 256,
            "eval_batch_size": 8192,
            "lr": 2.670080766240071e-05,
            "n_epochs": 1000000000,
            "optimizer": "adamw",
            "patience": 16,
            "weight_decay": 1.878836874957554e-05
        }
    },
    "environment": {
        "devices": {
            "CUDA_VISIBLE_DEVICES": null,
            "torch.version.cuda": "11.7",
            "torch.backends.cudnn.version()": 8500,
            "torch.cuda.nccl.version()": [
                2,
                14,
                3
            ],
            "driver": "560.35.03"
        }
    },
    "epoch_size": 153,
    "n_parameters": 3815759,
    "best_epoch": 30,
    "metrics": {
        "train": {
            "0": {
                "precision": 0.9054502447517987,
                "recall": 0.9266693564656042,
                "f1-score": 0.9159369236137651,
                "support": 29742
            },
            "1": {
                "precision": 0.7474232773595831,
                "recall": 0.6915987998285469,
                "f1-score": 0.7184282295319196,
                "support": 9332
            },
            "accuracy": 0.8705277166402211,
            "macro avg": {
                "precision": 0.8264367610556909,
                "recall": 0.8091340781470755,
                "f1-score": 0.8171825765728424,
                "support": 39074
            },
            "weighted avg": {
                "precision": 0.8677088397330098,
                "recall": 0.8705277166402211,
                "f1-score": 0.868766141682768,
                "support": 39074
            },
            "roc_auc": 0.9309816223349927,
            "score": 0.8705277166402211
        },
        "val": {
            "0": {
                "precision": 0.8874934589220304,
                "recall": 0.9232444202504083,
                "f1-score": 0.9050160085378869,
                "support": 3674
            },
            "1": {
                "precision": 0.7344632768361582,
                "recall": 0.6446280991735537,
                "f1-score": 0.6866197183098591,
                "support": 1210
            },
            "accuracy": 0.8542178542178542,
            "macro avg": {
                "precision": 0.8109783678790943,
                "recall": 0.783936259711981,
                "f1-score": 0.7958178634238731,
                "support": 4884
            },
            "weighted avg": {
                "precision": 0.8495805759728278,
                "recall": 0.8542178542178542,
                "f1-score": 0.8509088195174295,
                "support": 4884
            },
            "roc_auc": 0.9087798107766435,
            "score": 0.8542178542178542
        },
        "test": {
            "0": {
                "precision": 0.897288842544317,
                "recall": 0.9205669965231346,
                "f1-score": 0.9087788778877888,
                "support": 3739
            },
            "1": {
                "precision": 0.7166030534351145,
                "recall": 0.6558951965065503,
                "f1-score": 0.684906520747834,
                "support": 1145
            },
            "accuracy": 0.8585176085176085,
            "macro avg": {
                "precision": 0.8069459479897158,
                "recall": 0.7882310965148425,
                "f1-score": 0.7968426993178114,
                "support": 4884
            },
            "weighted avg": {
                "precision": 0.854929049642999,
                "recall": 0.8585176085176085,
                "f1-score": 0.8562944698359363,
                "support": 4884
            },
            "roc_auc": 0.9097238946032086,
            "score": 0.8585176085176085
        }
    },
    "time": "0:55:17"
}
