{
    "dataset": "cylinder-bands",
    "algorithm": "resnet",
    "config": {
        "data": {
            "cat_policy": "indices",
            "normalization": "quantile",
            "path": "data/cylinder-bands"
        },
        "model": {
            "activation": "relu",
            "d": 463,
            "d_embedding": 421,
            "d_hidden_factor": 3.080392956062708,
            "hidden_dropout": 0.3504268615667025,
            "n_layers": 5,
            "normalization": "batchnorm",
            "residual_dropout": 0.2373430573011905
        },
        "seed": 9,
        "training": {
            "batch_size": 256,
            "eval_batch_size": 8192,
            "lr": 0.0002284872481822989,
            "n_epochs": 1000000000,
            "optimizer": "adamw",
            "patience": 16,
            "weight_decay": 1.021731278409643e-05
        }
    },
    "environment": {
        "devices": {
            "CUDA_VISIBLE_DEVICES": null,
            "torch.version.cuda": "11.7",
            "torch.backends.cudnn.version()": 8500,
            "torch.cuda.nccl.version()": [
                2,
                14,
                3
            ],
            "driver": "560.35.03"
        }
    },
    "epoch_size": 2,
    "n_parameters": 9403810,
    "best_epoch": 24,
    "metrics": {
        "train": {
            "0": {
                "precision": 0.8936170212765957,
                "recall": 1.0,
                "f1-score": 0.9438202247191011,
                "support": 252
            },
            "1": {
                "precision": 1.0,
                "recall": 0.8333333333333334,
                "f1-score": 0.9090909090909091,
                "support": 180
            },
            "accuracy": 0.9305555555555556,
            "macro avg": {
                "precision": 0.9468085106382979,
                "recall": 0.9166666666666667,
                "f1-score": 0.9264555669050051,
                "support": 432
            },
            "weighted avg": {
                "precision": 0.9379432624113475,
                "recall": 0.9305555555555556,
                "f1-score": 0.9293496765406878,
                "support": 432
            },
            "roc_auc": 0.999889770723104,
            "score": 0.9305555555555556
        },
        "val": {
            "0": {
                "precision": 0.918918918918919,
                "recall": 1.0,
                "f1-score": 0.9577464788732395,
                "support": 34
            },
            "1": {
                "precision": 1.0,
                "recall": 0.85,
                "f1-score": 0.9189189189189189,
                "support": 20
            },
            "accuracy": 0.9444444444444444,
            "macro avg": {
                "precision": 0.9594594594594594,
                "recall": 0.925,
                "f1-score": 0.9383326988960792,
                "support": 54
            },
            "weighted avg": {
                "precision": 0.9489489489489489,
                "recall": 0.9444444444444444,
                "f1-score": 0.9433659011123801,
                "support": 54
            },
            "roc_auc": 0.9941176470588236,
            "score": 0.9444444444444444
        },
        "test": {
            "0": {
                "precision": 0.6190476190476191,
                "recall": 1.0,
                "f1-score": 0.7647058823529412,
                "support": 26
            },
            "1": {
                "precision": 1.0,
                "recall": 0.42857142857142855,
                "f1-score": 0.6,
                "support": 28
            },
            "accuracy": 0.7037037037037037,
            "macro avg": {
                "precision": 0.8095238095238095,
                "recall": 0.7142857142857143,
                "f1-score": 0.6823529411764706,
                "support": 54
            },
            "weighted avg": {
                "precision": 0.8165784832451499,
                "recall": 0.7037037037037037,
                "f1-score": 0.6793028322440088,
                "support": 54
            },
            "roc_auc": 0.9203296703296703,
            "score": 0.7037037037037037
        }
    },
    "time": "0:00:13"
}
