{
    "dataset": "titanic_algo_3",
    "algorithm": "mlp_mha",
    "config": {
        "data": {
            "cat_policy": "indices",
            "normalization": "quantile",
            "path": "data/titanic_algo_3"
        },
        "model": {
            "d_embedding": 152,
            "d_layers": [
                180,
                100
            ],
            "dropout": 0.0
        },
        "seed": 9,
        "training": {
            "batch_size": 256,
            "eval_batch_size": 8192,
            "lr": 0.004604344555992167,
            "n_epochs": 1000000000,
            "optimizer": "adamw",
            "patience": 16,
            "weight_decay": 0.0
        }
    },
    "environment": {
        "devices": {
            "CUDA_VISIBLE_DEVICES": null,
            "torch.version.cuda": "10.1",
            "torch.backends.cudnn.version()": 7603,
            "torch.cuda.nccl.version()": 2708,
            "driver": "470.256.02"
        }
    },
    "epoch_size": 5,
    "n_parameters": 6301469,
    "best_epoch": 5,
    "metrics": {
        "train": {
            "0": {
                "precision": 0.9759036144578314,
                "recall": 0.9744360902255639,
                "f1-score": 0.9751693002257337,
                "support": 665
            },
            "1": {
                "precision": 0.9558441558441558,
                "recall": 0.9583333333333334,
                "f1-score": 0.9570871261378414,
                "support": 384
            },
            "accuracy": 0.9685414680648237,
            "macro avg": {
                "precision": 0.9658738851509936,
                "recall": 0.9663847117794486,
                "f1-score": 0.9661282131817875,
                "support": 1049
            },
            "weighted avg": {
                "precision": 0.9685605905229873,
                "recall": 0.9685414680648237,
                "f1-score": 0.9685500868322631,
                "support": 1049
            },
            "roc_auc": 0.9930705670426065,
            "score": 0.9685414680648237
        },
        "val": {
            "0": {
                "precision": 0.9459459459459459,
                "recall": 1.0,
                "f1-score": 0.9722222222222222,
                "support": 70
            },
            "1": {
                "precision": 1.0,
                "recall": 0.9333333333333333,
                "f1-score": 0.9655172413793104,
                "support": 60
            },
            "accuracy": 0.9692307692307692,
            "macro avg": {
                "precision": 0.972972972972973,
                "recall": 0.9666666666666667,
                "f1-score": 0.9688697318007663,
                "support": 130
            },
            "weighted avg": {
                "precision": 0.9708939708939709,
                "recall": 0.9692307692307692,
                "f1-score": 0.9691276156793398,
                "support": 130
            },
            "roc_auc": 0.9947619047619047,
            "score": 0.9692307692307692
        },
        "test": {
            "0": {
                "precision": 0.972972972972973,
                "recall": 0.972972972972973,
                "f1-score": 0.972972972972973,
                "support": 74
            },
            "1": {
                "precision": 0.9642857142857143,
                "recall": 0.9642857142857143,
                "f1-score": 0.9642857142857143,
                "support": 56
            },
            "accuracy": 0.9692307692307692,
            "macro avg": {
                "precision": 0.9686293436293436,
                "recall": 0.9686293436293436,
                "f1-score": 0.9686293436293436,
                "support": 130
            },
            "weighted avg": {
                "precision": 0.9692307692307692,
                "recall": 0.9692307692307692,
                "f1-score": 0.9692307692307692,
                "support": 130
            },
            "roc_auc": 0.9971042471042472,
            "score": 0.9692307692307692
        }
    },
    "time": "0:00:11"
}
