{
    "config": {
        "data": {
            "cat_policy": "ohe",
            "path": "data/analcatdata"
        },
        "fit": {
            "early_stopping_rounds": 50,
            "verbose": false
        },
        "model": {
            "alpha": 0,
            "booster": "gbtree",
            "colsample_bylevel": 0.6989376795401535,
            "colsample_bytree": 0.7572607161725085,
            "gamma": 0,
            "lambda": 0,
            "learning_rate": 0.3061156050996376,
            "max_depth": 6,
            "min_child_weight": 0.000151332613172996,
            "n_estimators": 2000,
            "n_jobs": -1,
            "subsample": 0.8367279110965042,
            "tree_method": "gpu_hist"
        },
        "seed": 7
    },
    "environment": {
        "devices": {
            "CUDA_VISIBLE_DEVICES": null,
            "torch.version.cuda": "10.1",
            "torch.backends.cudnn.version()": 7603,
            "torch.cuda.nccl.version()": 2708,
            "driver": "470.256.02"
        }
    },
    "dataset": "analcatdata",
    "algorithm": "xgboost_",
    "metrics": {
        "train": {
            "0": {
                "precision": 0.5975609756097561,
                "recall": 0.4537037037037037,
                "f1-score": 0.5157894736842105,
                "support": 108
            },
            "1": {
                "precision": 0.5483870967741935,
                "recall": 0.5368421052631579,
                "f1-score": 0.5425531914893618,
                "support": 95
            },
            "2": {
                "precision": 0.453781512605042,
                "recall": 0.5,
                "f1-score": 0.4757709251101322,
                "support": 108
            },
            "3": {
                "precision": 0.5,
                "recall": 0.4774774774774775,
                "f1-score": 0.48847926267281105,
                "support": 111
            },
            "4": {
                "precision": 0.4507042253521127,
                "recall": 0.5517241379310345,
                "f1-score": 0.4961240310077519,
                "support": 116
            },
            "5": {
                "precision": 0.5157894736842106,
                "recall": 0.494949494949495,
                "f1-score": 0.5051546391752577,
                "support": 99
            },
            "accuracy": 0.5023547880690737,
            "macro avg": {
                "precision": 0.5110372140042191,
                "recall": 0.5024494865541448,
                "f1-score": 0.5039785871899208,
                "support": 637
            },
            "weighted avg": {
                "precision": 0.5093981333694325,
                "recall": 0.5023547880690737,
                "f1-score": 0.5030030946518212,
                "support": 637
            },
            "score": 0.5023547880690737
        },
        "val": {
            "0": {
                "precision": 0.14285714285714285,
                "recall": 0.058823529411764705,
                "f1-score": 0.08333333333333333,
                "support": 17
            },
            "1": {
                "precision": 0.25,
                "recall": 0.25,
                "f1-score": 0.25,
                "support": 12
            },
            "2": {
                "precision": 0.1875,
                "recall": 0.5,
                "f1-score": 0.2727272727272727,
                "support": 6
            },
            "3": {
                "precision": 0.08333333333333333,
                "recall": 0.1,
                "f1-score": 0.0909090909090909,
                "support": 10
            },
            "4": {
                "precision": 0.25,
                "recall": 0.23809523809523808,
                "f1-score": 0.24390243902439024,
                "support": 21
            },
            "5": {
                "precision": 0.23076923076923078,
                "recall": 0.21428571428571427,
                "f1-score": 0.22222222222222224,
                "support": 14
            },
            "accuracy": 0.2,
            "macro avg": {
                "precision": 0.19074328449328448,
                "recall": 0.22686741363211949,
                "f1-score": 0.19384905970271823,
                "support": 80
            },
            "weighted avg": {
                "precision": 0.1983459249084249,
                "recall": 0.2,
                "f1-score": 0.18993979428430646,
                "support": 80
            },
            "score": 0.2
        },
        "test": {
            "0": {
                "precision": 0.125,
                "recall": 0.09090909090909091,
                "f1-score": 0.10526315789473685,
                "support": 11
            },
            "1": {
                "precision": 0.25,
                "recall": 0.17647058823529413,
                "f1-score": 0.20689655172413793,
                "support": 17
            },
            "2": {
                "precision": 0.16666666666666666,
                "recall": 0.23076923076923078,
                "f1-score": 0.1935483870967742,
                "support": 13
            },
            "3": {
                "precision": 0.125,
                "recall": 0.09090909090909091,
                "f1-score": 0.10526315789473685,
                "support": 11
            },
            "4": {
                "precision": 0.18518518518518517,
                "recall": 0.2777777777777778,
                "f1-score": 0.22222222222222224,
                "support": 18
            },
            "5": {
                "precision": 0.2857142857142857,
                "recall": 0.2,
                "f1-score": 0.23529411764705882,
                "support": 10
            },
            "accuracy": 0.1875,
            "macro avg": {
                "precision": 0.18959435626102294,
                "recall": 0.17780596310008076,
                "f1-score": 0.17808126574661112,
                "support": 80
            },
            "weighted avg": {
                "precision": 0.19196428571428573,
                "recall": 0.1875,
                "f1-score": 0.1837762632715401,
                "support": 80
            },
            "score": 0.1875
        }
    },
    "time": "0:00:01"
}
