{
    "dataset": "dresses-sales",
    "algorithm": "ft_transformer",
    "config": {
        "data": {
            "cat_policy": "indices",
            "normalization": "quantile",
            "path": "data/dresses-sales"
        },
        "model": {
            "activation": "reglu",
            "attention_dropout": 0.2744067519636624,
            "d_ffn_factor": 2.097045399411506,
            "d_token": 88,
            "ffn_dropout": 0.4289728088113784,
            "initialization": "kaiming",
            "n_heads": 8,
            "n_layers": 4,
            "prenormalization": true,
            "residual_dropout": 0.1247127393571945
        },
        "seed": 10,
        "training": {
            "batch_size": 256,
            "eval_batch_size": 8192,
            "lr": 5.871694001325904e-05,
            "n_epochs": 1000000000,
            "optimizer": "adamw",
            "patience": 16,
            "weight_decay": 7.809150983452712e-06
        }
    },
    "environment": {},
    "epoch_size": 2,
    "n_parameters": 338425,
    "best_epoch": 2,
    "metrics": {
        "train": {
            "0": {
                "precision": 0.5886889460154242,
                "recall": 0.9621848739495799,
                "f1-score": 0.7304625199362043,
                "support": 238
            },
            "1": {
                "precision": 0.55,
                "recall": 0.06432748538011696,
                "f1-score": 0.11518324607329843,
                "support": 171
            },
            "accuracy": 0.58679706601467,
            "macro avg": {
                "precision": 0.5693444730077122,
                "recall": 0.5132561796648484,
                "f1-score": 0.42282288300475135,
                "support": 409
            },
            "weighted avg": {
                "precision": 0.5725133720089756,
                "recall": 0.58679706601467,
                "f1-score": 0.47321861815000155,
                "support": 409
            },
            "roc_auc": 0.528048061329795,
            "score": 0.58679706601467
        },
        "val": {
            "0": {
                "precision": 0.5111111111111111,
                "recall": 1.0,
                "f1-score": 0.676470588235294,
                "support": 23
            },
            "1": {
                "precision": 0.0,
                "recall": 0.0,
                "f1-score": 0.0,
                "support": 22
            },
            "accuracy": 0.5111111111111111,
            "macro avg": {
                "precision": 0.25555555555555554,
                "recall": 0.5,
                "f1-score": 0.338235294117647,
                "support": 45
            },
            "weighted avg": {
                "precision": 0.26123456790123456,
                "recall": 0.5111111111111111,
                "f1-score": 0.34575163398692804,
                "support": 45
            },
            "roc_auc": 0.46640316205533605,
            "score": 0.5111111111111111
        },
        "test": {
            "0": {
                "precision": 0.6363636363636364,
                "recall": 0.9655172413793104,
                "f1-score": 0.7671232876712328,
                "support": 29
            },
            "1": {
                "precision": 0.5,
                "recall": 0.058823529411764705,
                "f1-score": 0.10526315789473684,
                "support": 17
            },
            "accuracy": 0.6304347826086957,
            "macro avg": {
                "precision": 0.5681818181818181,
                "recall": 0.5121703853955375,
                "f1-score": 0.43619322278298484,
                "support": 46
            },
            "weighted avg": {
                "precision": 0.5859683794466403,
                "recall": 0.6304347826086957,
                "f1-score": 0.5225228049277453,
                "support": 46
            },
            "roc_auc": 0.4381338742393509,
            "score": 0.6304347826086957
        }
    },
    "time": "0:00:09"
}
