{
    "config": {
        "data": {
            "cat_policy": "ohe",
            "path": "data/cylinder-bands"
        },
        "fit": {
            "early_stopping_rounds": 50,
            "verbose": false
        },
        "model": {
            "alpha": 1.43063630563962e-06,
            "booster": "gbtree",
            "colsample_bylevel": 0.5516328599335468,
            "colsample_bytree": 0.7184871022069426,
            "gamma": 0,
            "lambda": 0,
            "learning_rate": 0.3433573948867417,
            "max_depth": 5,
            "min_child_weight": 1.193008746386317e-08,
            "n_estimators": 2000,
            "n_jobs": -1,
            "subsample": 0.8923312311407093,
            "tree_method": "gpu_hist"
        },
        "seed": 7
    },
    "environment": {
        "devices": {
            "CUDA_VISIBLE_DEVICES": null,
            "torch.version.cuda": "11.7",
            "torch.backends.cudnn.version()": 8500,
            "torch.cuda.nccl.version()": [
                2,
                14,
                3
            ],
            "driver": "560.35.03"
        }
    },
    "dataset": "cylinder-bands",
    "algorithm": "xgboost_",
    "metrics": {
        "train": {
            "0": {
                "precision": 0.9438202247191011,
                "recall": 1.0,
                "f1-score": 0.9710982658959537,
                "support": 252
            },
            "1": {
                "precision": 1.0,
                "recall": 0.9166666666666666,
                "f1-score": 0.9565217391304348,
                "support": 180
            },
            "accuracy": 0.9652777777777778,
            "macro avg": {
                "precision": 0.9719101123595506,
                "recall": 0.9583333333333333,
                "f1-score": 0.9638100025131943,
                "support": 432
            },
            "weighted avg": {
                "precision": 0.9672284644194756,
                "recall": 0.9652777777777778,
                "f1-score": 0.9650247130769876,
                "support": 432
            },
            "roc_auc": 0.9968253968253968,
            "score": 0.9652777777777778
        },
        "val": {
            "0": {
                "precision": 0.8888888888888888,
                "recall": 0.9411764705882353,
                "f1-score": 0.9142857142857143,
                "support": 34
            },
            "1": {
                "precision": 0.8888888888888888,
                "recall": 0.8,
                "f1-score": 0.8421052631578948,
                "support": 20
            },
            "accuracy": 0.8888888888888888,
            "macro avg": {
                "precision": 0.8888888888888888,
                "recall": 0.8705882352941177,
                "f1-score": 0.8781954887218045,
                "support": 54
            },
            "weighted avg": {
                "precision": 0.8888888888888888,
                "recall": 0.8888888888888888,
                "f1-score": 0.8875522138680033,
                "support": 54
            },
            "roc_auc": 0.9411764705882353,
            "score": 0.8888888888888888
        },
        "test": {
            "0": {
                "precision": 0.7352941176470589,
                "recall": 0.9615384615384616,
                "f1-score": 0.8333333333333333,
                "support": 26
            },
            "1": {
                "precision": 0.95,
                "recall": 0.6785714285714286,
                "f1-score": 0.7916666666666667,
                "support": 28
            },
            "accuracy": 0.8148148148148148,
            "macro avg": {
                "precision": 0.8426470588235294,
                "recall": 0.820054945054945,
                "f1-score": 0.8125,
                "support": 54
            },
            "weighted avg": {
                "precision": 0.8466230936819172,
                "recall": 0.8148148148148148,
                "f1-score": 0.8117283950617283,
                "support": 54
            },
            "roc_auc": 0.9217032967032966,
            "score": 0.8148148148148148
        }
    },
    "time": "0:00:01"
}
