{
    "dataset": "adult_algo_3",
    "algorithm": "mlp_mha",
    "config": {
        "data": {
            "cat_policy": "ohe",
            "normalization": "quantile",
            "path": "data/adult_algo_3"
        },
        "model": {
            "d_embedding": 462,
            "d_layers": [
                54,
                397,
                397,
                122
            ],
            "dropout": 0.1285521852733068
        },
        "seed": 9,
        "training": {
            "batch_size": 256,
            "eval_batch_size": 8192,
            "lr": 0.0002069209865653834,
            "n_epochs": 1000000000,
            "optimizer": "adamw",
            "patience": 16,
            "weight_decay": 0.0
        }
    },
    "environment": {
        "devices": {
            "CUDA_VISIBLE_DEVICES": null,
            "torch.version.cuda": "10.1",
            "torch.backends.cudnn.version()": 7603,
            "torch.cuda.nccl.version()": 2708,
            "driver": "470.256.02"
        }
    },
    "epoch_size": 153,
    "n_parameters": 3348886,
    "best_epoch": 33,
    "metrics": {
        "train": {
            "0": {
                "precision": 0.8963457937891407,
                "recall": 0.9335955887297425,
                "f1-score": 0.9145915678524376,
                "support": 29742
            },
            "1": {
                "precision": 0.756052371541502,
                "recall": 0.6559151307329618,
                "f1-score": 0.7024328666513655,
                "support": 9332
            },
            "accuracy": 0.8672774735117982,
            "macro avg": {
                "precision": 0.8261990826653214,
                "recall": 0.7947553597313521,
                "f1-score": 0.8085122172519015,
                "support": 39074
            },
            "weighted avg": {
                "precision": 0.862839671651275,
                "recall": 0.8672774735117982,
                "f1-score": 0.8639219410006076,
                "support": 39074
            },
            "roc_auc": 0.9248292332922974,
            "score": 0.8672774735117982
        },
        "val": {
            "0": {
                "precision": 0.8825806451612903,
                "recall": 0.9308655416439847,
                "f1-score": 0.9060802755331832,
                "support": 3674
            },
            "1": {
                "precision": 0.7482656095143707,
                "recall": 0.6239669421487604,
                "f1-score": 0.6804867057232988,
                "support": 1210
            },
            "accuracy": 0.8548321048321048,
            "macro avg": {
                "precision": 0.8154231273378305,
                "recall": 0.7774162418963726,
                "f1-score": 0.793283490628241,
                "support": 4884
            },
            "weighted avg": {
                "precision": 0.8493043975911075,
                "recall": 0.8548321048321048,
                "f1-score": 0.85018997670641,
                "support": 4884
            },
            "roc_auc": 0.9075633106439263,
            "score": 0.8548321048321048
        },
        "test": {
            "0": {
                "precision": 0.8904810644831116,
                "recall": 0.9307301417491308,
                "f1-score": 0.9101608473911339,
                "support": 3739
            },
            "1": {
                "precision": 0.7346311475409836,
                "recall": 0.6262008733624455,
                "f1-score": 0.6760961810466761,
                "support": 1145
            },
            "accuracy": 0.8593366093366094,
            "macro avg": {
                "precision": 0.8125561060120476,
                "recall": 0.7784655075557881,
                "f1-score": 0.7931285142189051,
                "support": 4884
            },
            "weighted avg": {
                "precision": 0.853943768230299,
                "recall": 0.8593366093366094,
                "f1-score": 0.8552869647202893,
                "support": 4884
            },
            "roc_auc": 0.9108079478551934,
            "score": 0.8593366093366094
        }
    },
    "time": "0:06:10"
}
