{
    "dataset": "analcatdata_algo_3",
    "algorithm": "mlp_mha",
    "config": {
        "data": {
            "cat_policy": "indices",
            "normalization": "quantile",
            "path": "data/analcatdata_algo_3"
        },
        "model": {
            "d_embedding": 417,
            "d_layers": [
                286,
                339,
                339,
                339,
                285
            ],
            "dropout": 0.1355228122710398
        },
        "seed": 7,
        "training": {
            "batch_size": 128,
            "eval_batch_size": 32,
            "lr": 0.001598276282604273,
            "n_epochs": 1000000000,
            "optimizer": "adamw",
            "patience": 16,
            "weight_decay": 2.858445910603954e-05
        }
    },
    "environment": {
        "devices": {
            "CUDA_VISIBLE_DEVICES": null,
            "torch.version.cuda": "10.1",
            "torch.backends.cudnn.version()": 7603,
            "torch.cuda.nccl.version()": 2708,
            "driver": "470.256.02"
        }
    },
    "epoch_size": 5,
    "n_parameters": 24878296,
    "best_epoch": 16,
    "metrics": {
        "train": {
            "0": {
                "precision": 0.38095238095238093,
                "recall": 0.2222222222222222,
                "f1-score": 0.2807017543859649,
                "support": 108
            },
            "1": {
                "precision": 0.3333333333333333,
                "recall": 0.25263157894736843,
                "f1-score": 0.2874251497005988,
                "support": 95
            },
            "2": {
                "precision": 0.22602739726027396,
                "recall": 0.3055555555555556,
                "f1-score": 0.25984251968503935,
                "support": 108
            },
            "3": {
                "precision": 0.21649484536082475,
                "recall": 0.1891891891891892,
                "f1-score": 0.20192307692307693,
                "support": 111
            },
            "4": {
                "precision": 0.2097902097902098,
                "recall": 0.25862068965517243,
                "f1-score": 0.23166023166023167,
                "support": 116
            },
            "5": {
                "precision": 0.3017241379310345,
                "recall": 0.35353535353535354,
                "f1-score": 0.3255813953488372,
                "support": 99
            },
            "accuracy": 0.2621664050235479,
            "macro avg": {
                "precision": 0.27805371743800955,
                "recall": 0.26362576485081024,
                "f1-score": 0.26452235461729146,
                "support": 637
            },
            "weighted avg": {
                "precision": 0.27544390037601524,
                "recall": 0.2621664050235479,
                "f1-score": 0.2624847368474233,
                "support": 637
            },
            "score": 0.2621664050235479
        },
        "val": {
            "0": {
                "precision": 0.16666666666666666,
                "recall": 0.058823529411764705,
                "f1-score": 0.08695652173913045,
                "support": 17
            },
            "1": {
                "precision": 0.14285714285714285,
                "recall": 0.08333333333333333,
                "f1-score": 0.10526315789473685,
                "support": 12
            },
            "2": {
                "precision": 0.16666666666666666,
                "recall": 0.5,
                "f1-score": 0.25,
                "support": 6
            },
            "3": {
                "precision": 0.3333333333333333,
                "recall": 0.3,
                "f1-score": 0.3157894736842105,
                "support": 10
            },
            "4": {
                "precision": 0.39285714285714285,
                "recall": 0.5238095238095238,
                "f1-score": 0.4489795918367347,
                "support": 21
            },
            "5": {
                "precision": 0.25,
                "recall": 0.21428571428571427,
                "f1-score": 0.23076923076923075,
                "support": 14
            },
            "accuracy": 0.275,
            "macro avg": {
                "precision": 0.24206349206349206,
                "recall": 0.2800420168067227,
                "f1-score": 0.23962632932067388,
                "support": 80
            },
            "weighted avg": {
                "precision": 0.25788690476190473,
                "recall": 0.275,
                "f1-score": 0.2507331770060603,
                "support": 80
            },
            "score": 0.275
        },
        "test": {
            "0": {
                "precision": 0.16666666666666666,
                "recall": 0.09090909090909091,
                "f1-score": 0.11764705882352942,
                "support": 11
            },
            "1": {
                "precision": 0.2222222222222222,
                "recall": 0.11764705882352941,
                "f1-score": 0.15384615384615383,
                "support": 17
            },
            "2": {
                "precision": 0.14814814814814814,
                "recall": 0.3076923076923077,
                "f1-score": 0.2,
                "support": 13
            },
            "3": {
                "precision": 0.0,
                "recall": 0.0,
                "f1-score": 0.0,
                "support": 11
            },
            "4": {
                "precision": 0.5,
                "recall": 0.2222222222222222,
                "f1-score": 0.30769230769230765,
                "support": 18
            },
            "5": {
                "precision": 0.21052631578947367,
                "recall": 0.4,
                "f1-score": 0.27586206896551724,
                "support": 10
            },
            "accuracy": 0.1875,
            "macro avg": {
                "precision": 0.2079272254710851,
                "recall": 0.18974511327452503,
                "f1-score": 0.17584126488791804,
                "support": 80
            },
            "weighted avg": {
                "precision": 0.23302875243664717,
                "recall": 0.1875,
                "f1-score": 0.18508230613200188,
                "support": 80
            },
            "score": 0.1875
        }
    },
    "time": "0:00:59"
}
