{
    "dataset": "sick_algo_3",
    "algorithm": "mlp_mha",
    "config": {
        "data": {
            "cat_policy": "indices",
            "normalization": "quantile",
            "path": "data/sick_algo_3"
        },
        "model": {
            "d_embedding": 152,
            "d_layers": [
                166,
                26
            ],
            "dropout": 0.1686980802086342
        },
        "seed": 9,
        "training": {
            "batch_size": 256,
            "eval_batch_size": 8192,
            "lr": 0.0008800667561385505,
            "n_epochs": 1000000000,
            "optimizer": "adamw",
            "patience": 16,
            "weight_decay": 0.0
        }
    },
    "environment": {
        "devices": {
            "CUDA_VISIBLE_DEVICES": null,
            "torch.version.cuda": "10.1",
            "torch.backends.cudnn.version()": 7603,
            "torch.cuda.nccl.version()": 2708,
            "driver": "470.256.02"
        }
    },
    "epoch_size": 12,
    "n_parameters": 68543435,
    "best_epoch": 10,
    "metrics": {
        "train": {
            "0": {
                "precision": 0.9771609276177091,
                "recall": 0.9847733711048159,
                "f1-score": 0.980952380952381,
                "support": 2824
            },
            "1": {
                "precision": 0.7485380116959064,
                "recall": 0.6632124352331606,
                "f1-score": 0.7032967032967032,
                "support": 193
            },
            "accuracy": 0.9642028505137554,
            "macro avg": {
                "precision": 0.8628494696568078,
                "recall": 0.8239929031689883,
                "f1-score": 0.8421245421245421,
                "support": 3017
            },
            "weighted avg": {
                "precision": 0.9625357294828374,
                "recall": 0.9642028505137554,
                "f1-score": 0.9631905162564759,
                "support": 3017
            },
            "roc_auc": 0.9521569375743076,
            "score": 0.9642028505137554
        },
        "val": {
            "0": {
                "precision": 0.9887640449438202,
                "recall": 0.9859943977591037,
                "f1-score": 0.9873772791023843,
                "support": 357
            },
            "1": {
                "precision": 0.7619047619047619,
                "recall": 0.8,
                "f1-score": 0.7804878048780488,
                "support": 20
            },
            "accuracy": 0.9761273209549072,
            "macro avg": {
                "precision": 0.875334403424291,
                "recall": 0.8929971988795519,
                "f1-score": 0.8839325419902165,
                "support": 377
            },
            "weighted avg": {
                "precision": 0.976729069716284,
                "recall": 0.9761273209549072,
                "f1-score": 0.9764017101780164,
                "support": 377
            },
            "roc_auc": 0.969327731092437,
            "score": 0.9761273209549072
        },
        "test": {
            "0": {
                "precision": 0.9832869080779945,
                "recall": 0.9805555555555555,
                "f1-score": 0.9819193324061196,
                "support": 360
            },
            "1": {
                "precision": 0.631578947368421,
                "recall": 0.6666666666666666,
                "f1-score": 0.6486486486486486,
                "support": 18
            },
            "accuracy": 0.9656084656084656,
            "macro avg": {
                "precision": 0.8074329277232077,
                "recall": 0.8236111111111111,
                "f1-score": 0.8152839905273841,
                "support": 378
            },
            "weighted avg": {
                "precision": 0.9665389099489672,
                "recall": 0.9656084656084656,
                "f1-score": 0.9660492998462401,
                "support": 378
            },
            "roc_auc": 0.9757716049382716,
            "score": 0.9656084656084656
        }
    },
    "time": "0:06:04"
}
