{
    "dataset": "cylinder-bands_algo_3",
    "algorithm": "mlp_mha",
    "config": {
        "data": {
            "cat_policy": "indices",
            "normalization": "quantile",
            "path": "data/cylinder-bands_algo_3"
        },
        "model": {
            "d_embedding": 376,
            "d_layers": [
                348,
                228,
                228,
                228,
                501
            ],
            "dropout": 0.0
        },
        "seed": 9,
        "training": {
            "batch_size": 128,
            "eval_batch_size": 32,
            "lr": 0.003641931731996259,
            "n_epochs": 1000000000,
            "optimizer": "adamw",
            "patience": 16,
            "weight_decay": 0.0008356339903628834
        }
    },
    "environment": {},
    "epoch_size": 4,
    "n_parameters": 149172439,
    "best_epoch": 16,
    "metrics": {
        "train": {
            "0": {
                "precision": 0.8623481781376519,
                "recall": 0.8452380952380952,
                "f1-score": 0.8537074148296594,
                "support": 252
            },
            "1": {
                "precision": 0.7891891891891892,
                "recall": 0.8111111111111111,
                "f1-score": 0.8,
                "support": 180
            },
            "accuracy": 0.8310185185185185,
            "macro avg": {
                "precision": 0.8257686836634206,
                "recall": 0.8281746031746031,
                "f1-score": 0.8268537074148297,
                "support": 432
            },
            "weighted avg": {
                "precision": 0.8318652660757925,
                "recall": 0.8310185185185185,
                "f1-score": 0.8313293253173013,
                "support": 432
            },
            "roc_auc": 0.9255291005291005,
            "score": 0.8310185185185185
        },
        "val": {
            "0": {
                "precision": 0.868421052631579,
                "recall": 0.9705882352941176,
                "f1-score": 0.9166666666666667,
                "support": 34
            },
            "1": {
                "precision": 0.9375,
                "recall": 0.75,
                "f1-score": 0.8333333333333334,
                "support": 20
            },
            "accuracy": 0.8888888888888888,
            "macro avg": {
                "precision": 0.9029605263157895,
                "recall": 0.8602941176470589,
                "f1-score": 0.875,
                "support": 54
            },
            "weighted avg": {
                "precision": 0.8940058479532164,
                "recall": 0.8888888888888888,
                "f1-score": 0.8858024691358025,
                "support": 54
            },
            "roc_auc": 0.9691176470588235,
            "score": 0.8888888888888888
        },
        "test": {
            "0": {
                "precision": 0.7419354838709677,
                "recall": 0.8846153846153846,
                "f1-score": 0.8070175438596492,
                "support": 26
            },
            "1": {
                "precision": 0.8695652173913043,
                "recall": 0.7142857142857143,
                "f1-score": 0.7843137254901961,
                "support": 28
            },
            "accuracy": 0.7962962962962963,
            "macro avg": {
                "precision": 0.8057503506311361,
                "recall": 0.7994505494505495,
                "f1-score": 0.7956656346749227,
                "support": 54
            },
            "weighted avg": {
                "precision": 0.808113864214846,
                "recall": 0.7962962962962963,
                "f1-score": 0.7952451935940069,
                "support": 54
            },
            "roc_auc": 0.8763736263736264,
            "score": 0.7962962962962963
        }
    },
    "time": "0:04:13"
}
