{
    "dataset": "eucalyptus_algo_3",
    "algorithm": "mlp_mha",
    "config": {
        "data": {
            "cat_policy": "indices",
            "normalization": "quantile",
            "path": "data/eucalyptus_algo_3"
        },
        "model": {
            "d_embedding": 187,
            "d_layers": [
                251,
                266,
                266,
                192
            ],
            "dropout": 0.0
        },
        "seed": 8,
        "training": {
            "batch_size": 256,
            "eval_batch_size": 8192,
            "lr": 0.003296505359015626,
            "n_epochs": 1000000000,
            "optimizer": "adamw",
            "patience": 16,
            "weight_decay": 5.459580731119539e-05
        }
    },
    "environment": {
        "devices": {
            "CUDA_VISIBLE_DEVICES": null,
            "torch.version.cuda": "10.1",
            "torch.backends.cudnn.version()": 7603,
            "torch.cuda.nccl.version()": 2708,
            "driver": "470.256.02"
        }
    },
    "epoch_size": 3,
    "n_parameters": 12435124,
    "best_epoch": 13,
    "metrics": {
        "train": {
            "0": {
                "precision": 0.7924528301886793,
                "recall": 0.8689655172413793,
                "f1-score": 0.8289473684210527,
                "support": 145
            },
            "1": {
                "precision": 0.5866666666666667,
                "recall": 0.5238095238095238,
                "f1-score": 0.5534591194968552,
                "support": 84
            },
            "2": {
                "precision": 0.6136363636363636,
                "recall": 0.75,
                "f1-score": 0.6749999999999999,
                "support": 108
            },
            "3": {
                "precision": 0.7096774193548387,
                "recall": 0.6547619047619048,
                "f1-score": 0.6811145510835913,
                "support": 168
            },
            "4": {
                "precision": 0.7164179104477612,
                "recall": 0.5783132530120482,
                "f1-score": 0.64,
                "support": 83
            },
            "accuracy": 0.6955782312925171,
            "macro avg": {
                "precision": 0.683770238058862,
                "recall": 0.6751700397649711,
                "f1-score": 0.6757042078002998,
                "support": 588
            },
            "weighted avg": {
                "precision": 0.6958280283484062,
                "recall": 0.6955782312925171,
                "f1-score": 0.6924067670762446,
                "support": 588
            },
            "score": 0.6955782312925171
        },
        "val": {
            "0": {
                "precision": 0.6875,
                "recall": 0.9166666666666666,
                "f1-score": 0.7857142857142857,
                "support": 12
            },
            "1": {
                "precision": 0.7,
                "recall": 0.6363636363636364,
                "f1-score": 0.6666666666666666,
                "support": 11
            },
            "2": {
                "precision": 0.5,
                "recall": 0.6923076923076923,
                "f1-score": 0.5806451612903226,
                "support": 13
            },
            "3": {
                "precision": 0.7272727272727273,
                "recall": 0.64,
                "f1-score": 0.6808510638297872,
                "support": 25
            },
            "4": {
                "precision": 0.75,
                "recall": 0.46153846153846156,
                "f1-score": 0.5714285714285714,
                "support": 13
            },
            "accuracy": 0.6621621621621622,
            "macro avg": {
                "precision": 0.6729545454545455,
                "recall": 0.6693752913752914,
                "f1-score": 0.6570611497859268,
                "support": 74
            },
            "weighted avg": {
                "precision": 0.6808353808353809,
                "recall": 0.6621621621621622,
                "f1-score": 0.6589208092296631,
                "support": 74
            },
            "score": 0.6621621621621622
        },
        "test": {
            "0": {
                "precision": 0.7777777777777778,
                "recall": 0.9130434782608695,
                "f1-score": 0.84,
                "support": 23
            },
            "1": {
                "precision": 0.5714285714285714,
                "recall": 0.3333333333333333,
                "f1-score": 0.4210526315789474,
                "support": 12
            },
            "2": {
                "precision": 0.2777777777777778,
                "recall": 0.5555555555555556,
                "f1-score": 0.3703703703703704,
                "support": 9
            },
            "3": {
                "precision": 0.631578947368421,
                "recall": 0.5714285714285714,
                "f1-score": 0.6,
                "support": 21
            },
            "4": {
                "precision": 1.0,
                "recall": 0.3333333333333333,
                "f1-score": 0.5,
                "support": 9
            },
            "accuracy": 0.6081081081081081,
            "macro avg": {
                "precision": 0.6517126148705096,
                "recall": 0.5413388543823326,
                "f1-score": 0.5462846003898636,
                "support": 74
            },
            "weighted avg": {
                "precision": 0.6690431032536296,
                "recall": 0.6081081081081081,
                "f1-score": 0.6054860123281176,
                "support": 74
            },
            "score": 0.6081081081081081
        }
    },
    "time": "0:00:34"
}
