{
    "config": {
        "data": {
            "cat_policy": "ohe",
            "path": "data/eucalyptus"
        },
        "fit": {
            "early_stopping_rounds": 50,
            "verbose": false
        },
        "model": {
            "alpha": 0.0007476573580254821,
            "booster": "gbtree",
            "colsample_bylevel": 0.7663952296128965,
            "colsample_bytree": 0.9688269813495931,
            "gamma": 0,
            "lambda": 0,
            "learning_rate": 0.5183745037033529,
            "max_depth": 4,
            "min_child_weight": 1.537484829218048e-06,
            "n_estimators": 2000,
            "n_jobs": -1,
            "subsample": 0.7635302636669078,
            "tree_method": "gpu_hist"
        },
        "seed": 9
    },
    "environment": {
        "devices": {
            "CUDA_VISIBLE_DEVICES": null,
            "torch.version.cuda": "10.1",
            "torch.backends.cudnn.version()": 7603,
            "torch.cuda.nccl.version()": 2708,
            "driver": "470.256.02"
        }
    },
    "dataset": "eucalyptus",
    "algorithm": "xgboost_",
    "metrics": {
        "train": {
            "0": {
                "precision": 1.0,
                "recall": 0.9724137931034482,
                "f1-score": 0.9860139860139859,
                "support": 145
            },
            "1": {
                "precision": 0.9431818181818182,
                "recall": 0.9880952380952381,
                "f1-score": 0.9651162790697674,
                "support": 84
            },
            "2": {
                "precision": 0.9245283018867925,
                "recall": 0.9074074074074074,
                "f1-score": 0.9158878504672898,
                "support": 108
            },
            "3": {
                "precision": 0.8920454545454546,
                "recall": 0.9345238095238095,
                "f1-score": 0.9127906976744186,
                "support": 168
            },
            "4": {
                "precision": 0.935064935064935,
                "recall": 0.8674698795180723,
                "f1-score": 0.9,
                "support": 83
            },
            "accuracy": 0.9370748299319728,
            "macro avg": {
                "precision": 0.9389641019358,
                "recall": 0.9339820255295951,
                "f1-score": 0.9359617626450923,
                "support": 588
            },
            "weighted avg": {
                "precision": 0.9380108083419598,
                "recall": 0.9370748299319728,
                "f1-score": 0.937085919172888,
                "support": 588
            },
            "score": 0.9370748299319728
        },
        "val": {
            "0": {
                "precision": 0.8,
                "recall": 1.0,
                "f1-score": 0.888888888888889,
                "support": 12
            },
            "1": {
                "precision": 0.6666666666666666,
                "recall": 0.5454545454545454,
                "f1-score": 0.6,
                "support": 11
            },
            "2": {
                "precision": 0.6363636363636364,
                "recall": 0.5384615384615384,
                "f1-score": 0.5833333333333334,
                "support": 13
            },
            "3": {
                "precision": 0.6875,
                "recall": 0.88,
                "f1-score": 0.7719298245614036,
                "support": 25
            },
            "4": {
                "precision": 0.7142857142857143,
                "recall": 0.38461538461538464,
                "f1-score": 0.5,
                "support": 13
            },
            "accuracy": 0.7027027027027027,
            "macro avg": {
                "precision": 0.7009632034632035,
                "recall": 0.6697062937062936,
                "f1-score": 0.6688304093567252,
                "support": 74
            },
            "weighted avg": {
                "precision": 0.6983685796185796,
                "recall": 0.7027027027027027,
                "f1-score": 0.6844357515410148,
                "support": 74
            },
            "score": 0.7027027027027027
        },
        "test": {
            "0": {
                "precision": 0.8636363636363636,
                "recall": 0.8260869565217391,
                "f1-score": 0.8444444444444444,
                "support": 23
            },
            "1": {
                "precision": 0.4,
                "recall": 0.3333333333333333,
                "f1-score": 0.3636363636363636,
                "support": 12
            },
            "2": {
                "precision": 0.25,
                "recall": 0.4444444444444444,
                "f1-score": 0.32,
                "support": 9
            },
            "3": {
                "precision": 0.6818181818181818,
                "recall": 0.7142857142857143,
                "f1-score": 0.6976744186046512,
                "support": 21
            },
            "4": {
                "precision": 1.0,
                "recall": 0.4444444444444444,
                "f1-score": 0.6153846153846153,
                "support": 9
            },
            "accuracy": 0.6216216216216216,
            "macro avg": {
                "precision": 0.639090909090909,
                "recall": 0.5525189786059352,
                "f1-score": 0.5682279684140149,
                "support": 74
            },
            "weighted avg": {
                "precision": 0.6788083538083538,
                "recall": 0.6216216216216216,
                "f1-score": 0.6331822015542945,
                "support": 74
            },
            "score": 0.6216216216216216
        }
    },
    "time": "0:00:01"
}
