{
    "dataset": "dresses-sales",
    "algorithm": "ft_transformer",
    "config": {
        "data": {
            "cat_policy": "indices",
            "normalization": "quantile",
            "path": "data/dresses-sales"
        },
        "model": {
            "activation": "reglu",
            "attention_dropout": 0.2744067519636624,
            "d_ffn_factor": 2.097045399411506,
            "d_token": 88,
            "ffn_dropout": 0.4289728088113784,
            "initialization": "kaiming",
            "n_heads": 8,
            "n_layers": 4,
            "prenormalization": true,
            "residual_dropout": 0.1247127393571945
        },
        "seed": 0,
        "training": {
            "batch_size": 256,
            "eval_batch_size": 8192,
            "lr": 5.871694001325904e-05,
            "n_epochs": 1000000000,
            "optimizer": "adamw",
            "patience": 16,
            "weight_decay": 7.809150983452712e-06
        }
    },
    "environment": {},
    "epoch_size": 2,
    "n_parameters": 338425,
    "best_epoch": 1,
    "metrics": {
        "train": {
            "0": {
                "precision": 0.5802469135802469,
                "recall": 0.9873949579831933,
                "f1-score": 0.7309486780715397,
                "support": 238
            },
            "1": {
                "precision": 0.25,
                "recall": 0.005847953216374269,
                "f1-score": 0.011428571428571429,
                "support": 171
            },
            "accuracy": 0.5770171149144254,
            "macro avg": {
                "precision": 0.41512345679012347,
                "recall": 0.49662145559978377,
                "f1-score": 0.3711886247500556,
                "support": 409
            },
            "weighted avg": {
                "precision": 0.44217302061637836,
                "recall": 0.5770171149144254,
                "f1-score": 0.43012242321592215,
                "support": 409
            },
            "roc_auc": 0.5309228954739791,
            "score": 0.5770171149144254
        },
        "val": {
            "0": {
                "precision": 0.5111111111111111,
                "recall": 1.0,
                "f1-score": 0.676470588235294,
                "support": 23
            },
            "1": {
                "precision": 0.0,
                "recall": 0.0,
                "f1-score": 0.0,
                "support": 22
            },
            "accuracy": 0.5111111111111111,
            "macro avg": {
                "precision": 0.25555555555555554,
                "recall": 0.5,
                "f1-score": 0.338235294117647,
                "support": 45
            },
            "weighted avg": {
                "precision": 0.26123456790123456,
                "recall": 0.5111111111111111,
                "f1-score": 0.34575163398692804,
                "support": 45
            },
            "roc_auc": 0.4169960474308301,
            "score": 0.5111111111111111
        },
        "test": {
            "0": {
                "precision": 0.6304347826086957,
                "recall": 1.0,
                "f1-score": 0.7733333333333333,
                "support": 29
            },
            "1": {
                "precision": 0.0,
                "recall": 0.0,
                "f1-score": 0.0,
                "support": 17
            },
            "accuracy": 0.6304347826086957,
            "macro avg": {
                "precision": 0.31521739130434784,
                "recall": 0.5,
                "f1-score": 0.38666666666666666,
                "support": 46
            },
            "weighted avg": {
                "precision": 0.39744801512287337,
                "recall": 0.6304347826086957,
                "f1-score": 0.487536231884058,
                "support": 46
            },
            "roc_auc": 0.48073022312373226,
            "score": 0.6304347826086957
        }
    },
    "time": "0:00:05"
}
