{
    "dataset": "credit-approval_algo_3",
    "algorithm": "mlp_mha",
    "config": {
        "data": {
            "cat_policy": "indices",
            "normalization": "quantile",
            "path": "data/credit-approval_algo_3"
        },
        "model": {
            "d_embedding": 254,
            "d_layers": [
                381
            ],
            "dropout": 0.2681497445040155
        },
        "seed": 9,
        "training": {
            "batch_size": 128,
            "eval_batch_size": 32,
            "lr": 0.0007637429136171826,
            "n_epochs": 1000000000,
            "optimizer": "adamw",
            "patience": 16,
            "weight_decay": 0.0
        }
    },
    "environment": {
        "devices": {
            "CUDA_VISIBLE_DEVICES": null,
            "torch.version.cuda": "10.1",
            "torch.backends.cudnn.version()": 7603,
            "torch.cuda.nccl.version()": 2708,
            "driver": "470.256.02"
        }
    },
    "epoch_size": 5,
    "n_parameters": 38644693,
    "best_epoch": 12,
    "metrics": {
        "train": {
            "0": {
                "precision": 0.9351535836177475,
                "recall": 0.8698412698412699,
                "f1-score": 0.9013157894736842,
                "support": 315
            },
            "1": {
                "precision": 0.8416988416988417,
                "recall": 0.919831223628692,
                "f1-score": 0.8790322580645161,
                "support": 237
            },
            "accuracy": 0.8913043478260869,
            "macro avg": {
                "precision": 0.8884262126582946,
                "recall": 0.8948362467349809,
                "f1-score": 0.8901740237691002,
                "support": 552
            },
            "weighted avg": {
                "precision": 0.8950289933373476,
                "recall": 0.8913043478260869,
                "f1-score": 0.8917484037056176,
                "support": 552
            },
            "roc_auc": 0.9654544236822717,
            "score": 0.8913043478260869
        },
        "val": {
            "0": {
                "precision": 0.918918918918919,
                "recall": 0.8947368421052632,
                "f1-score": 0.9066666666666667,
                "support": 38
            },
            "1": {
                "precision": 0.875,
                "recall": 0.9032258064516129,
                "f1-score": 0.8888888888888888,
                "support": 31
            },
            "accuracy": 0.8985507246376812,
            "macro avg": {
                "precision": 0.8969594594594594,
                "recall": 0.898981324278438,
                "f1-score": 0.8977777777777778,
                "support": 69
            },
            "weighted avg": {
                "precision": 0.8991872307089699,
                "recall": 0.8985507246376812,
                "f1-score": 0.8986795491143318,
                "support": 69
            },
            "roc_auc": 0.8989813242784381,
            "score": 0.8985507246376812
        },
        "test": {
            "0": {
                "precision": 0.8064516129032258,
                "recall": 0.8333333333333334,
                "f1-score": 0.819672131147541,
                "support": 30
            },
            "1": {
                "precision": 0.868421052631579,
                "recall": 0.8461538461538461,
                "f1-score": 0.8571428571428572,
                "support": 39
            },
            "accuracy": 0.8405797101449275,
            "macro avg": {
                "precision": 0.8374363327674024,
                "recall": 0.8397435897435898,
                "f1-score": 0.8384074941451991,
                "support": 69
            },
            "weighted avg": {
                "precision": 0.8414778179670777,
                "recall": 0.8405797101449275,
                "f1-score": 0.8408512371448936,
                "support": 69
            },
            "roc_auc": 0.911965811965812,
            "score": 0.8405797101449275
        }
    },
    "time": "0:01:27"
}
