{
    "dataset": "adult",
    "algorithm": "ft_transformer",
    "config": {
        "data": {
            "cat_policy": "indices",
            "normalization": "quantile",
            "path": "data/adult"
        },
        "model": {
            "activation": "reglu",
            "attention_dropout": 0.290284712609104,
            "d_ffn_factor": 2.037608078057796,
            "d_token": 352,
            "ffn_dropout": 0.1605824872092634,
            "initialization": "kaiming",
            "n_heads": 8,
            "n_layers": 3,
            "prenormalization": true,
            "residual_dropout": 0.0
        },
        "seed": 5,
        "training": {
            "batch_size": 256,
            "eval_batch_size": 8192,
            "lr": 2.670080766240071e-05,
            "n_epochs": 1000000000,
            "optimizer": "adamw",
            "patience": 16,
            "weight_decay": 1.878836874957554e-05
        }
    },
    "environment": {
        "devices": {
            "CUDA_VISIBLE_DEVICES": null,
            "torch.version.cuda": "11.7",
            "torch.backends.cudnn.version()": 8500,
            "torch.cuda.nccl.version()": [
                2,
                14,
                3
            ],
            "driver": "560.35.03"
        }
    },
    "epoch_size": 153,
    "n_parameters": 3815759,
    "best_epoch": 32,
    "metrics": {
        "train": {
            "0": {
                "precision": 0.8910425471068603,
                "recall": 0.9428417725774998,
                "f1-score": 0.9162106088575955,
                "support": 29742
            },
            "1": {
                "precision": 0.7764040510324872,
                "recall": 0.6325546506643807,
                "f1-score": 0.6971361086507234,
                "support": 9332
            },
            "accuracy": 0.8687362440497518,
            "macro avg": {
                "precision": 0.8337232990696737,
                "recall": 0.7876982116209402,
                "f1-score": 0.8066733587541595,
                "support": 39074
            },
            "weighted avg": {
                "precision": 0.8636635624785639,
                "recall": 0.8687362440497518,
                "f1-score": 0.8638892894142182,
                "support": 39074
            },
            "roc_auc": 0.9304612826472833,
            "score": 0.8687362440497518
        },
        "val": {
            "0": {
                "precision": 0.8764586504312532,
                "recall": 0.9403919433859553,
                "f1-score": 0.9073004201680672,
                "support": 3674
            },
            "1": {
                "precision": 0.767515923566879,
                "recall": 0.5975206611570248,
                "f1-score": 0.6719330855018588,
                "support": 1210
            },
            "accuracy": 0.8554463554463555,
            "macro avg": {
                "precision": 0.8219872869990661,
                "recall": 0.76895630227149,
                "f1-score": 0.789616752834963,
                "support": 4884
            },
            "weighted avg": {
                "precision": 0.8494683352171064,
                "recall": 0.8554463554463555,
                "f1-score": 0.8489886931111237,
                "support": 4884
            },
            "roc_auc": 0.9096058071685329,
            "score": 0.8554463554463555
        },
        "test": {
            "0": {
                "precision": 0.8872313527180784,
                "recall": 0.9384862262637069,
                "f1-score": 0.9121393293475436,
                "support": 3739
            },
            "1": {
                "precision": 0.7524219590958019,
                "recall": 0.6104803493449782,
                "f1-score": 0.6740597878495661,
                "support": 1145
            },
            "accuracy": 0.8615888615888616,
            "macro avg": {
                "precision": 0.8198266559069401,
                "recall": 0.7744832878043426,
                "f1-score": 0.7930995585985549,
                "support": 4884
            },
            "weighted avg": {
                "precision": 0.8556267753844365,
                "recall": 0.8615888615888616,
                "f1-score": 0.8563242034230587,
                "support": 4884
            },
            "roc_auc": 0.9109681849874626,
            "score": 0.8615888615888616
        }
    },
    "time": "0:57:38"
}
