{
    "dataset": "bank_marketing",
    "algorithm": "ft_transformer",
    "config": {
        "data": {
            "cat_policy": "indices",
            "normalization": "quantile",
            "path": "data/bank_marketing"
        },
        "model": {
            "activation": "reglu",
            "attention_dropout": 0.1637753297849404,
            "d_ffn_factor": 1.042701491424939,
            "d_token": 176,
            "ffn_dropout": 0.4209548452479506,
            "initialization": "kaiming",
            "n_heads": 8,
            "n_layers": 4,
            "prenormalization": true,
            "residual_dropout": 0.0
        },
        "seed": 9,
        "training": {
            "batch_size": 256,
            "eval_batch_size": 8192,
            "lr": 0.0001871965269901442,
            "n_epochs": 1000000000,
            "optimizer": "adamw",
            "patience": 16,
            "weight_decay": 1.580780572230625e-05
        }
    },
    "environment": {
        "devices": {
            "CUDA_VISIBLE_DEVICES": null,
            "torch.version.cuda": "11.7",
            "torch.backends.cudnn.version()": 8500,
            "torch.cuda.nccl.version()": [
                2,
                14,
                3
            ],
            "driver": "560.35.03"
        }
    },
    "epoch_size": 142,
    "n_parameters": 902057,
    "best_epoch": 24,
    "metrics": {
        "train": {
            "0": {
                "precision": 0.9427366619812992,
                "recall": 0.9650297153581483,
                "f1-score": 0.9537529368121677,
                "support": 31970
            },
            "1": {
                "precision": 0.6751888436955259,
                "recall": 0.5535969509290138,
                "f1-score": 0.6083769633507854,
                "support": 4198
            },
            "accuracy": 0.9172749391727494,
            "macro avg": {
                "precision": 0.8089627528384126,
                "recall": 0.7593133331435811,
                "f1-score": 0.7810649500814766,
                "support": 36168
            },
            "weighted avg": {
                "precision": 0.9116825328847586,
                "recall": 0.9172749391727494,
                "f1-score": 0.9136653362649746,
                "support": 36168
            },
            "roc_auc": 0.9478080890508508,
            "score": 0.9172749391727494
        },
        "val": {
            "0": {
                "precision": 0.9433128834355828,
                "recall": 0.960279790157382,
                "f1-score": 0.9517207229512256,
                "support": 4003
            },
            "1": {
                "precision": 0.6434977578475336,
                "recall": 0.5540540540540541,
                "f1-score": 0.595435684647303,
                "support": 518
            },
            "accuracy": 0.913735899137359,
            "macro avg": {
                "precision": 0.7934053206415582,
                "recall": 0.757166922105718,
                "f1-score": 0.7735782037992642,
                "support": 4521
            },
            "weighted avg": {
                "precision": 0.9089611393403363,
                "recall": 0.913735899137359,
                "f1-score": 0.9108988583545806,
                "support": 4521
            },
            "roc_auc": 0.9361733526110244,
            "score": 0.913735899137359
        },
        "test": {
            "0": {
                "precision": 0.9359921221073363,
                "recall": 0.9627753861737148,
                "f1-score": 0.9491948570715266,
                "support": 3949
            },
            "1": {
                "precision": 0.6804347826086956,
                "recall": 0.5462478184991274,
                "f1-score": 0.6060019361084221,
                "support": 573
            },
            "accuracy": 0.9099955771782398,
            "macro avg": {
                "precision": 0.808213452358016,
                "recall": 0.7545116023364211,
                "f1-score": 0.7775983965899744,
                "support": 4522
            },
            "weighted avg": {
                "precision": 0.9036094694021791,
                "recall": 0.9099955771782398,
                "f1-score": 0.9057075630175994,
                "support": 4522
            },
            "roc_auc": 0.9391190559211093,
            "score": 0.9099955771782398
        }
    },
    "time": "0:20:35"
}
