{
    "config": {
        "data": {
            "cat_policy": "ohe",
            "path": "data/titanic"
        },
        "fit": {
            "early_stopping_rounds": 50,
            "verbose": false
        },
        "model": {
            "alpha": 0,
            "booster": "gbtree",
            "colsample_bylevel": 0.9859725012498328,
            "colsample_bytree": 0.9390967356735884,
            "gamma": 0,
            "lambda": 3.607006600307738e-08,
            "learning_rate": 0.001802171314263196,
            "max_depth": 10,
            "min_child_weight": 3.231776356179178e-08,
            "n_estimators": 2000,
            "n_jobs": -1,
            "subsample": 0.6414034812882048,
            "tree_method": "gpu_hist"
        },
        "seed": 9
    },
    "environment": {
        "devices": {
            "CUDA_VISIBLE_DEVICES": null,
            "torch.version.cuda": "11.7",
            "torch.backends.cudnn.version()": 8500,
            "torch.cuda.nccl.version()": [
                2,
                14,
                3
            ],
            "driver": "560.35.03"
        }
    },
    "dataset": "titanic",
    "algorithm": "xgboost_",
    "metrics": {
        "train": {
            "0": {
                "precision": 0.9924812030075187,
                "recall": 0.9924812030075187,
                "f1-score": 0.9924812030075187,
                "support": 665
            },
            "1": {
                "precision": 0.9869791666666666,
                "recall": 0.9869791666666666,
                "f1-score": 0.9869791666666666,
                "support": 384
            },
            "accuracy": 0.990467111534795,
            "macro avg": {
                "precision": 0.9897301848370927,
                "recall": 0.9897301848370927,
                "f1-score": 0.9897301848370927,
                "support": 1049
            },
            "weighted avg": {
                "precision": 0.990467111534795,
                "recall": 0.990467111534795,
                "f1-score": 0.990467111534795,
                "support": 1049
            },
            "roc_auc": 0.9993518953634085,
            "score": 0.990467111534795
        },
        "val": {
            "0": {
                "precision": 0.958904109589041,
                "recall": 1.0,
                "f1-score": 0.9790209790209791,
                "support": 70
            },
            "1": {
                "precision": 1.0,
                "recall": 0.95,
                "f1-score": 0.9743589743589743,
                "support": 60
            },
            "accuracy": 0.9769230769230769,
            "macro avg": {
                "precision": 0.9794520547945205,
                "recall": 0.975,
                "f1-score": 0.9766899766899767,
                "support": 130
            },
            "weighted avg": {
                "precision": 0.9778714436248682,
                "recall": 0.9769230769230769,
                "f1-score": 0.9768692845615922,
                "support": 130
            },
            "roc_auc": 0.9875,
            "score": 0.9769230769230769
        },
        "test": {
            "0": {
                "precision": 0.9722222222222222,
                "recall": 0.9459459459459459,
                "f1-score": 0.9589041095890412,
                "support": 74
            },
            "1": {
                "precision": 0.9310344827586207,
                "recall": 0.9642857142857143,
                "f1-score": 0.9473684210526316,
                "support": 56
            },
            "accuracy": 0.9538461538461539,
            "macro avg": {
                "precision": 0.9516283524904214,
                "recall": 0.9551158301158301,
                "f1-score": 0.9531362653208364,
                "support": 130
            },
            "weighted avg": {
                "precision": 0.954479811376363,
                "recall": 0.9538461538461539,
                "f1-score": 0.9539348899118185,
                "support": 130
            },
            "roc_auc": 0.9862451737451738,
            "score": 0.9538461538461539
        }
    },
    "time": "0:00:01"
}
