{
    "dataset": "bank_marketing",
    "algorithm": "ft_transformer",
    "config": {
        "data": {
            "cat_policy": "indices",
            "normalization": "quantile",
            "path": "data/bank_marketing"
        },
        "model": {
            "activation": "reglu",
            "attention_dropout": 0.1637753297849404,
            "d_ffn_factor": 1.042701491424939,
            "d_token": 176,
            "ffn_dropout": 0.4209548452479506,
            "initialization": "kaiming",
            "n_heads": 8,
            "n_layers": 4,
            "prenormalization": true,
            "residual_dropout": 0.0
        },
        "seed": 4,
        "training": {
            "batch_size": 256,
            "eval_batch_size": 8192,
            "lr": 0.0001871965269901442,
            "n_epochs": 1000000000,
            "optimizer": "adamw",
            "patience": 16,
            "weight_decay": 1.580780572230625e-05
        }
    },
    "environment": {
        "devices": {
            "CUDA_VISIBLE_DEVICES": null,
            "torch.version.cuda": "11.7",
            "torch.backends.cudnn.version()": 8500,
            "torch.cuda.nccl.version()": [
                2,
                14,
                3
            ],
            "driver": "560.35.03"
        }
    },
    "epoch_size": 142,
    "n_parameters": 902057,
    "best_epoch": 22,
    "metrics": {
        "train": {
            "0": {
                "precision": 0.9447188391569776,
                "recall": 0.9632467938692524,
                "f1-score": 0.9538928554834513,
                "support": 31970
            },
            "1": {
                "precision": 0.6709605152618314,
                "recall": 0.5707479752262983,
                "f1-score": 0.6168104003089201,
                "support": 4198
            },
            "accuracy": 0.9176896704268968,
            "macro avg": {
                "precision": 0.8078396772094045,
                "recall": 0.7669973845477753,
                "f1-score": 0.7853516278961856,
                "support": 36168
            },
            "weighted avg": {
                "precision": 0.9129438600674006,
                "recall": 0.9176896704268968,
                "f1-score": 0.9147678790727379,
                "support": 36168
            },
            "roc_auc": 0.9476252227292052,
            "score": 0.9176896704268968
        },
        "val": {
            "0": {
                "precision": 0.9457326097681302,
                "recall": 0.9577816637521859,
                "f1-score": 0.9517190021099665,
                "support": 4003
            },
            "1": {
                "precision": 0.6381156316916489,
                "recall": 0.5752895752895753,
                "f1-score": 0.6050761421319798,
                "support": 518
            },
            "accuracy": 0.9139570891395709,
            "macro avg": {
                "precision": 0.7919241207298895,
                "recall": 0.7665356195208806,
                "f1-score": 0.7783975721209732,
                "support": 4521
            },
            "weighted avg": {
                "precision": 0.9104869573364519,
                "recall": 0.9139570891395709,
                "f1-score": 0.9120019037979564,
                "support": 4521
            },
            "roc_auc": 0.9339110531965892,
            "score": 0.9139570891395709
        },
        "test": {
            "0": {
                "precision": 0.9364647713226205,
                "recall": 0.9592301848569258,
                "f1-score": 0.9477107830873155,
                "support": 3949
            },
            "1": {
                "precision": 0.6624737945492662,
                "recall": 0.5514834205933682,
                "f1-score": 0.6019047619047618,
                "support": 573
            },
            "accuracy": 0.907563025210084,
            "macro avg": {
                "precision": 0.7994692829359433,
                "recall": 0.7553568027251469,
                "f1-score": 0.7748077724960387,
                "support": 4522
            },
            "weighted avg": {
                "precision": 0.9017463215899509,
                "recall": 0.907563025210084,
                "f1-score": 0.9038923730613087,
                "support": 4522
            },
            "roc_auc": 0.9372328780078638,
            "score": 0.907563025210084
        }
    },
    "time": "0:19:20"
}
