{
    "dataset": "cylinder-bands",
    "algorithm": "resnet",
    "config": {
        "data": {
            "cat_policy": "indices",
            "normalization": "quantile",
            "path": "data/cylinder-bands"
        },
        "model": {
            "activation": "relu",
            "d": 463,
            "d_embedding": 421,
            "d_hidden_factor": 3.080392956062708,
            "hidden_dropout": 0.3504268615667025,
            "n_layers": 5,
            "normalization": "batchnorm",
            "residual_dropout": 0.2373430573011905
        },
        "seed": 7,
        "training": {
            "batch_size": 256,
            "eval_batch_size": 8192,
            "lr": 0.0002284872481822989,
            "n_epochs": 1000000000,
            "optimizer": "adamw",
            "patience": 16,
            "weight_decay": 1.021731278409643e-05
        }
    },
    "environment": {
        "devices": {
            "CUDA_VISIBLE_DEVICES": null,
            "torch.version.cuda": "11.7",
            "torch.backends.cudnn.version()": 8500,
            "torch.cuda.nccl.version()": [
                2,
                14,
                3
            ],
            "driver": "560.35.03"
        }
    },
    "epoch_size": 2,
    "n_parameters": 9403810,
    "best_epoch": 48,
    "metrics": {
        "train": {
            "0": {
                "precision": 0.9882352941176471,
                "recall": 1.0,
                "f1-score": 0.9940828402366864,
                "support": 252
            },
            "1": {
                "precision": 1.0,
                "recall": 0.9833333333333333,
                "f1-score": 0.9915966386554621,
                "support": 180
            },
            "accuracy": 0.9930555555555556,
            "macro avg": {
                "precision": 0.9941176470588236,
                "recall": 0.9916666666666667,
                "f1-score": 0.9928397394460742,
                "support": 432
            },
            "weighted avg": {
                "precision": 0.9931372549019608,
                "recall": 0.9930555555555556,
                "f1-score": 0.9930469229111762,
                "support": 432
            },
            "roc_auc": 0.9999338624338625,
            "score": 0.9930555555555556
        },
        "val": {
            "0": {
                "precision": 0.9714285714285714,
                "recall": 1.0,
                "f1-score": 0.9855072463768115,
                "support": 34
            },
            "1": {
                "precision": 1.0,
                "recall": 0.95,
                "f1-score": 0.9743589743589743,
                "support": 20
            },
            "accuracy": 0.9814814814814815,
            "macro avg": {
                "precision": 0.9857142857142858,
                "recall": 0.975,
                "f1-score": 0.979933110367893,
                "support": 54
            },
            "weighted avg": {
                "precision": 0.9820105820105819,
                "recall": 0.9814814814814815,
                "f1-score": 0.9813782567405757,
                "support": 54
            },
            "roc_auc": 0.9838235294117648,
            "score": 0.9814814814814815
        },
        "test": {
            "0": {
                "precision": 0.6842105263157895,
                "recall": 1.0,
                "f1-score": 0.8125000000000001,
                "support": 26
            },
            "1": {
                "precision": 1.0,
                "recall": 0.5714285714285714,
                "f1-score": 0.7272727272727273,
                "support": 28
            },
            "accuracy": 0.7777777777777778,
            "macro avg": {
                "precision": 0.8421052631578947,
                "recall": 0.7857142857142857,
                "f1-score": 0.7698863636363638,
                "support": 54
            },
            "weighted avg": {
                "precision": 0.847953216374269,
                "recall": 0.7777777777777778,
                "f1-score": 0.7683080808080809,
                "support": 54
            },
            "roc_auc": 0.8983516483516483,
            "score": 0.7777777777777778
        }
    },
    "time": "0:00:21"
}
