{
    "dataset": "sick",
    "algorithm": "ft_transformer",
    "config": {
        "data": {
            "cat_policy": "indices",
            "normalization": "quantile",
            "path": "data/sick"
        },
        "model": {
            "activation": "reglu",
            "attention_dropout": 0.1857119055034855,
            "d_ffn_factor": 2.370176839004245,
            "d_token": 384,
            "ffn_dropout": 0.310755435886316,
            "initialization": "kaiming",
            "n_heads": 8,
            "n_layers": 2,
            "prenormalization": true,
            "residual_dropout": 0.0
        },
        "seed": 5,
        "training": {
            "batch_size": 256,
            "eval_batch_size": 8192,
            "lr": 2.414502624052369e-05,
            "n_epochs": 1000000000,
            "optimizer": "adamw",
            "patience": 16,
            "weight_decay": 0.0003376347405193131
        }
    },
    "environment": {
        "devices": {
            "CUDA_VISIBLE_DEVICES": null,
            "torch.version.cuda": "10.1",
            "torch.backends.cudnn.version()": 7603,
            "torch.cuda.nccl.version()": 2708,
            "driver": "470.256.02"
        }
    },
    "epoch_size": 12,
    "n_parameters": 3318713,
    "best_epoch": 39,
    "metrics": {
        "train": {
            "0": {
                "precision": 0.9870175438596491,
                "recall": 0.9961048158640227,
                "f1-score": 0.9915403595347198,
                "support": 2824
            },
            "1": {
                "precision": 0.9341317365269461,
                "recall": 0.8082901554404145,
                "f1-score": 0.8666666666666666,
                "support": 193
            },
            "accuracy": 0.9840901557838913,
            "macro avg": {
                "precision": 0.9605746401932976,
                "recall": 0.9021974856522186,
                "f1-score": 0.9291035131006932,
                "support": 3017
            },
            "weighted avg": {
                "precision": 0.9836343947661086,
                "recall": 0.9840901557838913,
                "f1-score": 0.983552085512998,
                "support": 3017
            },
            "roc_auc": 0.9958277679108749,
            "score": 0.9840901557838913
        },
        "val": {
            "0": {
                "precision": 0.9916434540389972,
                "recall": 0.9971988795518207,
                "f1-score": 0.994413407821229,
                "support": 357
            },
            "1": {
                "precision": 0.9444444444444444,
                "recall": 0.85,
                "f1-score": 0.8947368421052632,
                "support": 20
            },
            "accuracy": 0.9893899204244032,
            "macro avg": {
                "precision": 0.9680439492417208,
                "recall": 0.9235994397759104,
                "f1-score": 0.9445751249632461,
                "support": 377
            },
            "weighted avg": {
                "precision": 0.9891395278005595,
                "recall": 0.9893899204244032,
                "f1-score": 0.989125526350886,
                "support": 377
            },
            "roc_auc": 0.9977591036414566,
            "score": 0.9893899204244032
        },
        "test": {
            "0": {
                "precision": 0.9833795013850416,
                "recall": 0.9861111111111112,
                "f1-score": 0.984743411927878,
                "support": 360
            },
            "1": {
                "precision": 0.7058823529411765,
                "recall": 0.6666666666666666,
                "f1-score": 0.6857142857142857,
                "support": 18
            },
            "accuracy": 0.9708994708994709,
            "macro avg": {
                "precision": 0.8446309271631091,
                "recall": 0.8263888888888888,
                "f1-score": 0.8352288488210818,
                "support": 378
            },
            "weighted avg": {
                "precision": 0.9701653514591433,
                "recall": 0.9708994708994709,
                "f1-score": 0.9705039297272308,
                "support": 378
            },
            "roc_auc": 0.9921296296296296,
            "score": 0.9708994708994709
        }
    },
    "time": "0:06:52"
}
