{
    "dataset": "kr-vs-kp",
    "algorithm": "ft_transformer",
    "config": {
        "data": {
            "cat_policy": "indices",
            "normalization": "quantile",
            "path": "data/kr-vs-kp"
        },
        "model": {
            "activation": "reglu",
            "attention_dropout": 0.06504516027258544,
            "d_ffn_factor": 2.282242023418398,
            "d_token": 432,
            "ffn_dropout": 0.1599972023188427,
            "initialization": "kaiming",
            "n_heads": 8,
            "n_layers": 1,
            "prenormalization": true,
            "residual_dropout": 0.0
        },
        "seed": 7,
        "training": {
            "batch_size": 256,
            "eval_batch_size": 32,
            "lr": 2.76684223777323e-05,
            "n_epochs": 1000000000,
            "optimizer": "adamw",
            "patience": 16,
            "weight_decay": 0.0002354064360804708
        }
    },
    "environment": {
        "devices": {
            "CUDA_VISIBLE_DEVICES": null,
            "torch.version.cuda": "10.1",
            "torch.backends.cudnn.version()": 7603,
            "torch.cuda.nccl.version()": 2708,
            "driver": "470.256.02"
        }
    },
    "epoch_size": 10,
    "n_parameters": 2076435,
    "best_epoch": 21,
    "metrics": {
        "train": {
            "0": {
                "precision": 0.9591346153846154,
                "recall": 0.9755501222493888,
                "f1-score": 0.9672727272727273,
                "support": 1227
            },
            "1": {
                "precision": 0.9770642201834863,
                "recall": 0.9616252821670429,
                "f1-score": 0.9692832764505119,
                "support": 1329
            },
            "accuracy": 0.9683098591549296,
            "macro avg": {
                "precision": 0.9680994177840508,
                "recall": 0.9685877022082159,
                "f1-score": 0.9682780018616196,
                "support": 2556
            },
            "weighted avg": {
                "precision": 0.9684571681145447,
                "recall": 0.9683098591549296,
                "f1-score": 0.9683181184531952,
                "support": 2556
            },
            "roc_auc": 0.9950842683709833,
            "score": 0.9683098591549296
        },
        "val": {
            "0": {
                "precision": 0.9135802469135802,
                "recall": 0.9801324503311258,
                "f1-score": 0.9456869009584664,
                "support": 151
            },
            "1": {
                "precision": 0.9810126582278481,
                "recall": 0.9171597633136095,
                "f1-score": 0.9480122324159023,
                "support": 169
            },
            "accuracy": 0.946875,
            "macro avg": {
                "precision": 0.9472964525707142,
                "recall": 0.9486461068223677,
                "f1-score": 0.9468495666871843,
                "support": 320
            },
            "weighted avg": {
                "precision": 0.9491929891389279,
                "recall": 0.946875,
                "f1-score": 0.9469149666344248,
                "support": 320
            },
            "roc_auc": 0.9811121125435951,
            "score": 0.946875
        },
        "test": {
            "0": {
                "precision": 0.925,
                "recall": 0.9932885906040269,
                "f1-score": 0.9579288025889967,
                "support": 149
            },
            "1": {
                "precision": 0.99375,
                "recall": 0.9298245614035088,
                "f1-score": 0.9607250755287008,
                "support": 171
            },
            "accuracy": 0.959375,
            "macro avg": {
                "precision": 0.9593750000000001,
                "recall": 0.9615565760037679,
                "f1-score": 0.9593269390588488,
                "support": 320
            },
            "weighted avg": {
                "precision": 0.96173828125,
                "recall": 0.959375,
                "f1-score": 0.9594230609411512,
                "support": 320
            },
            "roc_auc": 0.9914046862121747,
            "score": 0.959375
        }
    },
    "time": "0:01:21"
}
