{
    "dataset": "credit-g",
    "algorithm": "resnet",
    "config": {
        "data": {
            "cat_policy": "indices",
            "normalization": "quantile",
            "path": "data/credit-g"
        },
        "model": {
            "activation": "relu",
            "d": 68,
            "d_embedding": 200,
            "d_hidden_factor": 3.022429258658862,
            "hidden_dropout": 0.4807651936856114,
            "n_layers": 7,
            "normalization": "batchnorm",
            "residual_dropout": 0.4931432638142947
        },
        "seed": 4,
        "training": {
            "batch_size": 256,
            "eval_batch_size": 32,
            "lr": 0.0002522556862028747,
            "n_epochs": 1000000000,
            "optimizer": "adamw",
            "patience": 16,
            "weight_decay": 0.0
        }
    },
    "environment": {
        "devices": {
            "CUDA_VISIBLE_DEVICES": null,
            "torch.version.cuda": "10.1",
            "torch.backends.cudnn.version()": 7603,
            "torch.cuda.nccl.version()": 2708,
            "driver": "470.256.02"
        }
    },
    "epoch_size": 4,
    "n_parameters": 386372,
    "best_epoch": 8,
    "metrics": {
        "train": {
            "0": {
                "precision": 0.6059113300492611,
                "recall": 0.5103734439834025,
                "f1-score": 0.5540540540540541,
                "support": 241
            },
            "1": {
                "precision": 0.8023450586264657,
                "recall": 0.8568872987477638,
                "f1-score": 0.8287197231833908,
                "support": 559
            },
            "accuracy": 0.7525,
            "macro avg": {
                "precision": 0.7041281943378634,
                "recall": 0.6836303713655831,
                "f1-score": 0.6913868886187224,
                "support": 800
            },
            "weighted avg": {
                "precision": 0.7431693978925827,
                "recall": 0.7525,
                "f1-score": 0.7459766903581782,
                "support": 800
            },
            "roc_auc": 0.8023144471084256,
            "score": 0.7525
        },
        "val": {
            "0": {
                "precision": 0.68,
                "recall": 0.5483870967741935,
                "f1-score": 0.6071428571428571,
                "support": 31
            },
            "1": {
                "precision": 0.8133333333333334,
                "recall": 0.8840579710144928,
                "f1-score": 0.8472222222222223,
                "support": 69
            },
            "accuracy": 0.78,
            "macro avg": {
                "precision": 0.7466666666666667,
                "recall": 0.7162225338943431,
                "f1-score": 0.7271825396825398,
                "support": 100
            },
            "weighted avg": {
                "precision": 0.772,
                "recall": 0.78,
                "f1-score": 0.7727976190476191,
                "support": 100
            },
            "roc_auc": 0.8036465638148667,
            "score": 0.78
        },
        "test": {
            "0": {
                "precision": 0.4782608695652174,
                "recall": 0.39285714285714285,
                "f1-score": 0.4313725490196078,
                "support": 28
            },
            "1": {
                "precision": 0.7792207792207793,
                "recall": 0.8333333333333334,
                "f1-score": 0.8053691275167787,
                "support": 72
            },
            "accuracy": 0.71,
            "macro avg": {
                "precision": 0.6287408243929984,
                "recall": 0.6130952380952381,
                "f1-score": 0.6183708382681933,
                "support": 100
            },
            "weighted avg": {
                "precision": 0.6949520045172219,
                "recall": 0.71,
                "f1-score": 0.7006500855375708,
                "support": 100
            },
            "roc_auc": 0.7405753968253967,
            "score": 0.71
        }
    },
    "time": "0:00:03"
}
