{
    "dataset": "titanic",
    "algorithm": "ft_transformer",
    "config": {
        "data": {
            "cat_policy": "indices",
            "normalization": "quantile",
            "path": "data/titanic"
        },
        "model": {
            "activation": "reglu",
            "attention_dropout": 0.0991921981669352,
            "d_ffn_factor": 2.305595224363339,
            "d_token": 248,
            "ffn_dropout": 0.06196889525068081,
            "initialization": "kaiming",
            "n_heads": 8,
            "n_layers": 4,
            "prenormalization": true,
            "residual_dropout": 0.06880133565470853
        },
        "seed": 3,
        "training": {
            "batch_size": 256,
            "eval_batch_size": 8192,
            "lr": 0.0001176312611935439,
            "n_epochs": 1000000000,
            "optimizer": "adamw",
            "patience": 16,
            "weight_decay": 1.646651173030599e-05
        }
    },
    "environment": {
        "devices": {
            "CUDA_VISIBLE_DEVICES": null,
            "torch.version.cuda": "11.7",
            "torch.backends.cudnn.version()": 8500,
            "torch.cuda.nccl.version()": [
                2,
                14,
                3
            ],
            "driver": "560.35.03"
        }
    },
    "epoch_size": 5,
    "n_parameters": 2709505,
    "best_epoch": 2,
    "metrics": {
        "train": {
            "0": {
                "precision": 0.9845679012345679,
                "recall": 0.9593984962406015,
                "f1-score": 0.9718202589489718,
                "support": 665
            },
            "1": {
                "precision": 0.9326683291770573,
                "recall": 0.9739583333333334,
                "f1-score": 0.9528662420382166,
                "support": 384
            },
            "accuracy": 0.9647283126787417,
            "macro avg": {
                "precision": 0.9586181152058126,
                "recall": 0.9666784147869674,
                "f1-score": 0.9623432504935943,
                "support": 1049
            },
            "weighted avg": {
                "precision": 0.965569392492829,
                "recall": 0.9647283126787417,
                "f1-score": 0.9648818962285428,
                "support": 1049
            },
            "roc_auc": 0.9923245614035088,
            "score": 0.9647283126787417
        },
        "val": {
            "0": {
                "precision": 0.9452054794520548,
                "recall": 0.9857142857142858,
                "f1-score": 0.9650349650349651,
                "support": 70
            },
            "1": {
                "precision": 0.9824561403508771,
                "recall": 0.9333333333333333,
                "f1-score": 0.9572649572649572,
                "support": 60
            },
            "accuracy": 0.9615384615384616,
            "macro avg": {
                "precision": 0.963830809901466,
                "recall": 0.9595238095238096,
                "f1-score": 0.9611499611499612,
                "support": 130
            },
            "weighted avg": {
                "precision": 0.9623980921745882,
                "recall": 0.9615384615384616,
                "f1-score": 0.9614488076026538,
                "support": 130
            },
            "roc_auc": 0.9933333333333332,
            "score": 0.9615384615384616
        },
        "test": {
            "0": {
                "precision": 0.9863013698630136,
                "recall": 0.972972972972973,
                "f1-score": 0.979591836734694,
                "support": 74
            },
            "1": {
                "precision": 0.9649122807017544,
                "recall": 0.9821428571428571,
                "f1-score": 0.9734513274336283,
                "support": 56
            },
            "accuracy": 0.9769230769230769,
            "macro avg": {
                "precision": 0.975606825282384,
                "recall": 0.977557915057915,
                "f1-score": 0.9765215820841611,
                "support": 130
            },
            "weighted avg": {
                "precision": 0.9770876083781636,
                "recall": 0.9769230769230769,
                "f1-score": 0.9769466942665426,
                "support": 130
            },
            "roc_auc": 0.9992760617760618,
            "score": 0.9769230769230769
        }
    },
    "time": "0:00:23"
}
