{
    "config": {
        "data": {
            "cat_policy": "ohe",
            "path": "data/credit-approval"
        },
        "fit": {
            "early_stopping_rounds": 50,
            "verbose": false
        },
        "model": {
            "alpha": 0,
            "booster": "gbtree",
            "colsample_bylevel": 0.7479875860502782,
            "colsample_bytree": 0.7892656746801335,
            "gamma": 0,
            "lambda": 0,
            "learning_rate": 0.04486879472147982,
            "max_depth": 8,
            "min_child_weight": 2.541074371450198e-08,
            "n_estimators": 2000,
            "n_jobs": -1,
            "subsample": 0.683657763245091,
            "tree_method": "gpu_hist"
        },
        "seed": 8
    },
    "environment": {
        "devices": {
            "CUDA_VISIBLE_DEVICES": null,
            "torch.version.cuda": "10.1",
            "torch.backends.cudnn.version()": 7603,
            "torch.cuda.nccl.version()": 2708,
            "driver": "470.256.02"
        }
    },
    "dataset": "credit-approval",
    "algorithm": "xgboost_",
    "metrics": {
        "train": {
            "0": {
                "precision": 0.9968253968253968,
                "recall": 0.9968253968253968,
                "f1-score": 0.9968253968253968,
                "support": 315
            },
            "1": {
                "precision": 0.9957805907172996,
                "recall": 0.9957805907172996,
                "f1-score": 0.9957805907172996,
                "support": 237
            },
            "accuracy": 0.9963768115942029,
            "macro avg": {
                "precision": 0.9963029937713482,
                "recall": 0.9963029937713482,
                "f1-score": 0.9963029937713482,
                "support": 552
            },
            "weighted avg": {
                "precision": 0.9963768115942029,
                "recall": 0.9963768115942029,
                "f1-score": 0.9963768115942029,
                "support": 552
            },
            "roc_auc": 0.9999732100997923,
            "score": 0.9963768115942029
        },
        "val": {
            "0": {
                "precision": 0.9444444444444444,
                "recall": 0.8947368421052632,
                "f1-score": 0.918918918918919,
                "support": 38
            },
            "1": {
                "precision": 0.8787878787878788,
                "recall": 0.9354838709677419,
                "f1-score": 0.90625,
                "support": 31
            },
            "accuracy": 0.9130434782608695,
            "macro avg": {
                "precision": 0.9116161616161615,
                "recall": 0.9151103565365025,
                "f1-score": 0.9125844594594594,
                "support": 69
            },
            "weighted avg": {
                "precision": 0.9149465671204802,
                "recall": 0.9130434782608695,
                "f1-score": 0.9132270857814336,
                "support": 69
            },
            "roc_auc": 0.9159592529711374,
            "score": 0.9130434782608695
        },
        "test": {
            "0": {
                "precision": 0.7105263157894737,
                "recall": 0.9,
                "f1-score": 0.7941176470588235,
                "support": 30
            },
            "1": {
                "precision": 0.9032258064516129,
                "recall": 0.717948717948718,
                "f1-score": 0.8,
                "support": 39
            },
            "accuracy": 0.7971014492753623,
            "macro avg": {
                "precision": 0.8068760611205432,
                "recall": 0.808974358974359,
                "f1-score": 0.7970588235294118,
                "support": 69
            },
            "weighted avg": {
                "precision": 0.8194434192072045,
                "recall": 0.7971014492753623,
                "f1-score": 0.7974424552429668,
                "support": 69
            },
            "roc_auc": 0.8863247863247864,
            "score": 0.7971014492753623
        }
    },
    "time": "0:00:01"
}
