{
    "dataset": "cylinder-bands",
    "algorithm": "ft_transformer",
    "config": {
        "data": {
            "cat_policy": "indices",
            "normalization": "quantile",
            "path": "data/cylinder-bands"
        },
        "model": {
            "activation": "reglu",
            "attention_dropout": 0.4245682338953446,
            "d_ffn_factor": 1.476248318914501,
            "d_token": 456,
            "ffn_dropout": 0.05039934939631608,
            "initialization": "kaiming",
            "n_heads": 8,
            "n_layers": 2,
            "prenormalization": true,
            "residual_dropout": 0.0
        },
        "seed": 9,
        "training": {
            "batch_size": 256,
            "eval_batch_size": 8192,
            "lr": 0.0003240003178527273,
            "n_epochs": 1000000000,
            "optimizer": "adamw",
            "patience": 16,
            "weight_decay": 4.889546080877294e-05
        }
    },
    "environment": {
        "devices": {
            "CUDA_VISIBLE_DEVICES": null,
            "torch.version.cuda": "11.7",
            "torch.backends.cudnn.version()": 8500,
            "torch.cuda.nccl.version()": [
                2,
                14,
                3
            ],
            "driver": "560.35.03"
        }
    },
    "epoch_size": 2,
    "n_parameters": 3594149,
    "best_epoch": 32,
    "metrics": {
        "train": {
            "0": {
                "precision": 0.9021739130434783,
                "recall": 0.9880952380952381,
                "f1-score": 0.9431818181818182,
                "support": 252
            },
            "1": {
                "precision": 0.9807692307692307,
                "recall": 0.85,
                "f1-score": 0.9107142857142857,
                "support": 180
            },
            "accuracy": 0.9305555555555556,
            "macro avg": {
                "precision": 0.9414715719063544,
                "recall": 0.9190476190476191,
                "f1-score": 0.926948051948052,
                "support": 432
            },
            "weighted avg": {
                "precision": 0.9349219620958751,
                "recall": 0.9305555555555556,
                "f1-score": 0.9296536796536796,
                "support": 432
            },
            "roc_auc": 0.9867063492063491,
            "score": 0.9305555555555556
        },
        "val": {
            "0": {
                "precision": 0.918918918918919,
                "recall": 1.0,
                "f1-score": 0.9577464788732395,
                "support": 34
            },
            "1": {
                "precision": 1.0,
                "recall": 0.85,
                "f1-score": 0.9189189189189189,
                "support": 20
            },
            "accuracy": 0.9444444444444444,
            "macro avg": {
                "precision": 0.9594594594594594,
                "recall": 0.925,
                "f1-score": 0.9383326988960792,
                "support": 54
            },
            "weighted avg": {
                "precision": 0.9489489489489489,
                "recall": 0.9444444444444444,
                "f1-score": 0.9433659011123801,
                "support": 54
            },
            "roc_auc": 0.9558823529411764,
            "score": 0.9444444444444444
        },
        "test": {
            "0": {
                "precision": 0.6842105263157895,
                "recall": 1.0,
                "f1-score": 0.8125000000000001,
                "support": 26
            },
            "1": {
                "precision": 1.0,
                "recall": 0.5714285714285714,
                "f1-score": 0.7272727272727273,
                "support": 28
            },
            "accuracy": 0.7777777777777778,
            "macro avg": {
                "precision": 0.8421052631578947,
                "recall": 0.7857142857142857,
                "f1-score": 0.7698863636363638,
                "support": 54
            },
            "weighted avg": {
                "precision": 0.847953216374269,
                "recall": 0.7777777777777778,
                "f1-score": 0.7683080808080809,
                "support": 54
            },
            "roc_auc": 0.8983516483516484,
            "score": 0.7777777777777778
        }
    },
    "time": "0:01:15"
}
