{
    "config": {
        "data": {
            "cat_policy": "ohe",
            "path": "data/credit-approval"
        },
        "fit": {
            "early_stopping_rounds": 50,
            "verbose": false
        },
        "model": {
            "alpha": 0,
            "booster": "gbtree",
            "colsample_bylevel": 0.7479875860502782,
            "colsample_bytree": 0.7892656746801335,
            "gamma": 0,
            "lambda": 0,
            "learning_rate": 0.04486879472147982,
            "max_depth": 8,
            "min_child_weight": 2.541074371450198e-08,
            "n_estimators": 2000,
            "n_jobs": -1,
            "subsample": 0.683657763245091,
            "tree_method": "gpu_hist"
        },
        "seed": 9
    },
    "environment": {
        "devices": {
            "CUDA_VISIBLE_DEVICES": null,
            "torch.version.cuda": "10.1",
            "torch.backends.cudnn.version()": 7603,
            "torch.cuda.nccl.version()": 2708,
            "driver": "470.256.02"
        }
    },
    "dataset": "credit-approval",
    "algorithm": "xgboost_",
    "metrics": {
        "train": {
            "0": {
                "precision": 0.9506172839506173,
                "recall": 0.9777777777777777,
                "f1-score": 0.9640062597809077,
                "support": 315
            },
            "1": {
                "precision": 0.9692982456140351,
                "recall": 0.9324894514767933,
                "f1-score": 0.9505376344086022,
                "support": 237
            },
            "accuracy": 0.9583333333333334,
            "macro avg": {
                "precision": 0.9599577647823262,
                "recall": 0.9551336146272855,
                "f1-score": 0.9572719470947549,
                "support": 552
            },
            "weighted avg": {
                "precision": 0.9586379142300195,
                "recall": 0.9583333333333334,
                "f1-score": 0.9582235347569288,
                "support": 552
            },
            "roc_auc": 0.9940794320541155,
            "score": 0.9583333333333334
        },
        "val": {
            "0": {
                "precision": 0.9411764705882353,
                "recall": 0.8421052631578947,
                "f1-score": 0.8888888888888888,
                "support": 38
            },
            "1": {
                "precision": 0.8285714285714286,
                "recall": 0.9354838709677419,
                "f1-score": 0.8787878787878788,
                "support": 31
            },
            "accuracy": 0.8840579710144928,
            "macro avg": {
                "precision": 0.8848739495798319,
                "recall": 0.8887945670628183,
                "f1-score": 0.8838383838383839,
                "support": 69
            },
            "weighted avg": {
                "precision": 0.8905857995372062,
                "recall": 0.8840579710144928,
                "f1-score": 0.8843507539159713,
                "support": 69
            },
            "roc_auc": 0.9091680814940578,
            "score": 0.8840579710144928
        },
        "test": {
            "0": {
                "precision": 0.7567567567567568,
                "recall": 0.9333333333333333,
                "f1-score": 0.835820895522388,
                "support": 30
            },
            "1": {
                "precision": 0.9375,
                "recall": 0.7692307692307693,
                "f1-score": 0.8450704225352113,
                "support": 39
            },
            "accuracy": 0.8405797101449275,
            "macro avg": {
                "precision": 0.8471283783783784,
                "recall": 0.8512820512820514,
                "f1-score": 0.8404456590287996,
                "support": 69
            },
            "weighted avg": {
                "precision": 0.85891598119859,
                "recall": 0.8405797101449275,
                "f1-score": 0.8410488890513751,
                "support": 69
            },
            "roc_auc": 0.8999999999999999,
            "score": 0.8405797101449275
        }
    },
    "time": "0:00:01"
}
