{
    "config": {
        "data": {
            "cat_policy": "ohe",
            "path": "data/bank_marketing"
        },
        "fit": {
            "early_stopping_rounds": 50,
            "verbose": false
        },
        "model": {
            "alpha": 9.745193765513678,
            "booster": "gbtree",
            "colsample_bylevel": 0.6551928846054192,
            "colsample_bytree": 0.873629885087349,
            "gamma": 0,
            "lambda": 0,
            "learning_rate": 0.3682599367980634,
            "max_depth": 6,
            "min_child_weight": 0.00296533338968678,
            "n_estimators": 2000,
            "n_jobs": -1,
            "subsample": 0.7912451345978706,
            "tree_method": "gpu_hist"
        },
        "seed": 2
    },
    "environment": {
        "devices": {
            "CUDA_VISIBLE_DEVICES": null,
            "torch.version.cuda": "11.7",
            "torch.backends.cudnn.version()": 8500,
            "torch.cuda.nccl.version()": [
                2,
                14,
                3
            ],
            "driver": "560.35.03"
        }
    },
    "dataset": "bank_marketing",
    "algorithm": "xgboost_",
    "metrics": {
        "train": {
            "0": {
                "precision": 0.9471523702374799,
                "recall": 0.9743196746950266,
                "f1-score": 0.9605439659558722,
                "support": 31970
            },
            "1": {
                "precision": 0.7497714111551357,
                "recall": 0.5859933301572178,
                "f1-score": 0.6578419574809468,
                "support": 4198
            },
            "accuracy": 0.9292468480424685,
            "macro avg": {
                "precision": 0.8484618906963077,
                "recall": 0.7801565024261221,
                "f1-score": 0.8091929617184095,
                "support": 36168
            },
            "weighted avg": {
                "precision": 0.9242424701537683,
                "recall": 0.9292468480424685,
                "f1-score": 0.9254095092101927,
                "support": 36168
            },
            "roc_auc": 0.9578432496043887,
            "score": 0.9292468480424685
        },
        "val": {
            "0": {
                "precision": 0.9375303840544482,
                "recall": 0.9635273544841368,
                "f1-score": 0.9503511149439448,
                "support": 4003
            },
            "1": {
                "precision": 0.6412776412776413,
                "recall": 0.5038610038610039,
                "f1-score": 0.5643243243243243,
                "support": 518
            },
            "accuracy": 0.9108604291086043,
            "macro avg": {
                "precision": 0.7894040126660448,
                "recall": 0.7336941791725704,
                "f1-score": 0.7573377196341345,
                "support": 4521
            },
            "weighted avg": {
                "precision": 0.9035868050324649,
                "recall": 0.9108604291086043,
                "f1-score": 0.9061215468083633,
                "support": 4521
            },
            "roc_auc": 0.9313367291133967,
            "score": 0.9108604291086043
        },
        "test": {
            "0": {
                "precision": 0.9317180616740088,
                "recall": 0.9640415295011395,
                "f1-score": 0.9476042314872434,
                "support": 3949
            },
            "1": {
                "precision": 0.6743119266055045,
                "recall": 0.5130890052356021,
                "f1-score": 0.5827552031714568,
                "support": 573
            },
            "accuracy": 0.9068996019460416,
            "macro avg": {
                "precision": 0.8030149941397566,
                "recall": 0.7385652673683708,
                "f1-score": 0.7651797173293501,
                "support": 4522
            },
            "weighted avg": {
                "precision": 0.8991011409764739,
                "recall": 0.9068996019460416,
                "f1-score": 0.9013728088368793,
                "support": 4522
            },
            "roc_auc": 0.9351823003327328,
            "score": 0.9068996019460416
        }
    },
    "time": "0:00:01"
}
