{
    "dataset": "kr-vs-kp",
    "algorithm": "resnet",
    "config": {
        "data": {
            "cat_policy": "indices",
            "normalization": "quantile",
            "path": "data/kr-vs-kp"
        },
        "model": {
            "activation": "relu",
            "d": 103,
            "d_embedding": 284,
            "d_hidden_factor": 1.846316989503202,
            "hidden_dropout": 0.3960150210200928,
            "n_layers": 5,
            "normalization": "batchnorm",
            "residual_dropout": 0.238670028034606
        },
        "seed": 5,
        "training": {
            "batch_size": 256,
            "eval_batch_size": 32,
            "lr": 1.228961322647247e-05,
            "n_epochs": 1000000000,
            "optimizer": "adamw",
            "patience": 16,
            "weight_decay": 4.516205353699927e-05
        }
    },
    "environment": {
        "devices": {
            "CUDA_VISIBLE_DEVICES": null,
            "torch.version.cuda": "10.1",
            "torch.backends.cudnn.version()": 7603,
            "torch.cuda.nccl.version()": 2708,
            "driver": "470.256.02"
        }
    },
    "epoch_size": 10,
    "n_parameters": 1272128,
    "best_epoch": 97,
    "metrics": {
        "train": {
            "0": {
                "precision": 0.9926948051948052,
                "recall": 0.9967400162999185,
                "f1-score": 0.9947132980886539,
                "support": 1227
            },
            "1": {
                "precision": 0.9969788519637462,
                "recall": 0.9932279909706546,
                "f1-score": 0.9950998869204675,
                "support": 1329
            },
            "accuracy": 0.9949139280125195,
            "macro avg": {
                "precision": 0.9948368285792757,
                "recall": 0.9949840036352866,
                "f1-score": 0.9949065925045607,
                "support": 2556
            },
            "weighted avg": {
                "precision": 0.9949223083856983,
                "recall": 0.9949139280125195,
                "f1-score": 0.9949143061314866,
                "support": 2556
            },
            "roc_auc": 0.9997080977725284,
            "score": 0.9949139280125195
        },
        "val": {
            "0": {
                "precision": 0.967741935483871,
                "recall": 0.9933774834437086,
                "f1-score": 0.9803921568627451,
                "support": 151
            },
            "1": {
                "precision": 0.9939393939393939,
                "recall": 0.9704142011834319,
                "f1-score": 0.9820359281437127,
                "support": 169
            },
            "accuracy": 0.98125,
            "macro avg": {
                "precision": 0.9808406647116324,
                "recall": 0.9818958423135702,
                "f1-score": 0.9812140425032289,
                "support": 320
            },
            "weighted avg": {
                "precision": 0.9815774682306941,
                "recall": 0.98125,
                "f1-score": 0.9812602735705059,
                "support": 320
            },
            "roc_auc": 0.9986284729025432,
            "score": 0.98125
        },
        "test": {
            "0": {
                "precision": 0.9736842105263158,
                "recall": 0.9932885906040269,
                "f1-score": 0.9833887043189369,
                "support": 149
            },
            "1": {
                "precision": 0.9940476190476191,
                "recall": 0.9766081871345029,
                "f1-score": 0.9852507374631269,
                "support": 171
            },
            "accuracy": 0.984375,
            "macro avg": {
                "precision": 0.9838659147869675,
                "recall": 0.984948388869265,
                "f1-score": 0.9843197208910319,
                "support": 320
            },
            "weighted avg": {
                "precision": 0.9845659069548873,
                "recall": 0.984375,
                "f1-score": 0.9843837282803634,
                "support": 320
            },
            "roc_auc": 0.999332783861219,
            "score": 0.984375
        }
    },
    "time": "0:01:17"
}
