{
    "dataset": "dresses-sales",
    "algorithm": "ft_transformer",
    "config": {
        "data": {
            "cat_policy": "indices",
            "normalization": "quantile",
            "path": "data/dresses-sales"
        },
        "model": {
            "activation": "reglu",
            "attention_dropout": 0.2744067519636624,
            "d_ffn_factor": 2.097045399411506,
            "d_token": 88,
            "ffn_dropout": 0.4289728088113784,
            "initialization": "kaiming",
            "n_heads": 8,
            "n_layers": 4,
            "prenormalization": true,
            "residual_dropout": 0.1247127393571945
        },
        "seed": 5,
        "training": {
            "batch_size": 256,
            "eval_batch_size": 8192,
            "lr": 5.871694001325904e-05,
            "n_epochs": 1000000000,
            "optimizer": "adamw",
            "patience": 16,
            "weight_decay": 7.809150983452712e-06
        }
    },
    "environment": {},
    "epoch_size": 2,
    "n_parameters": 338425,
    "best_epoch": 2,
    "metrics": {
        "train": {
            "0": {
                "precision": 0.5811688311688312,
                "recall": 0.7521008403361344,
                "f1-score": 0.6556776556776557,
                "support": 238
            },
            "1": {
                "precision": 0.4158415841584158,
                "recall": 0.24561403508771928,
                "f1-score": 0.30882352941176466,
                "support": 171
            },
            "accuracy": 0.5403422982885085,
            "macro avg": {
                "precision": 0.4985052076636235,
                "recall": 0.49885743771192687,
                "f1-score": 0.48225059254471014,
                "support": 409
            },
            "weighted avg": {
                "precision": 0.5120466814407603,
                "recall": 0.5403422982885085,
                "f1-score": 0.5106604048427722,
                "support": 409
            },
            "roc_auc": 0.5209469752813406,
            "score": 0.5403422982885085
        },
        "val": {
            "0": {
                "precision": 0.5897435897435898,
                "recall": 1.0,
                "f1-score": 0.7419354838709677,
                "support": 23
            },
            "1": {
                "precision": 1.0,
                "recall": 0.2727272727272727,
                "f1-score": 0.42857142857142855,
                "support": 22
            },
            "accuracy": 0.6444444444444445,
            "macro avg": {
                "precision": 0.7948717948717949,
                "recall": 0.6363636363636364,
                "f1-score": 0.5852534562211982,
                "support": 45
            },
            "weighted avg": {
                "precision": 0.7903133903133903,
                "recall": 0.6444444444444445,
                "f1-score": 0.5887352790578597,
                "support": 45
            },
            "roc_auc": 0.6146245059288538,
            "score": 0.6444444444444445
        },
        "test": {
            "0": {
                "precision": 0.6410256410256411,
                "recall": 0.8620689655172413,
                "f1-score": 0.7352941176470588,
                "support": 29
            },
            "1": {
                "precision": 0.42857142857142855,
                "recall": 0.17647058823529413,
                "f1-score": 0.25,
                "support": 17
            },
            "accuracy": 0.6086956521739131,
            "macro avg": {
                "precision": 0.5347985347985348,
                "recall": 0.5192697768762677,
                "f1-score": 0.4926470588235294,
                "support": 46
            },
            "weighted avg": {
                "precision": 0.5625099538143017,
                "recall": 0.6086956521739131,
                "f1-score": 0.5559462915601022,
                "support": 46
            },
            "roc_auc": 0.4239350912778905,
            "score": 0.6086956521739131
        }
    },
    "time": "0:00:06"
}
