{
    "dataset": "dresses-sales",
    "algorithm": "ft_transformer",
    "config": {
        "data": {
            "cat_policy": "indices",
            "normalization": "quantile",
            "path": "data/dresses-sales"
        },
        "model": {
            "activation": "reglu",
            "attention_dropout": 0.2744067519636624,
            "d_ffn_factor": 2.097045399411506,
            "d_token": 88,
            "ffn_dropout": 0.4289728088113784,
            "initialization": "kaiming",
            "n_heads": 8,
            "n_layers": 4,
            "prenormalization": true,
            "residual_dropout": 0.1247127393571945
        },
        "seed": 6,
        "training": {
            "batch_size": 256,
            "eval_batch_size": 8192,
            "lr": 5.871694001325904e-05,
            "n_epochs": 1000000000,
            "optimizer": "adamw",
            "patience": 16,
            "weight_decay": 7.809150983452712e-06
        }
    },
    "environment": {},
    "epoch_size": 2,
    "n_parameters": 338425,
    "best_epoch": 1,
    "metrics": {
        "train": {
            "0": {
                "precision": 0.572972972972973,
                "recall": 0.44537815126050423,
                "f1-score": 0.5011820330969267,
                "support": 238
            },
            "1": {
                "precision": 0.4107142857142857,
                "recall": 0.5380116959064327,
                "f1-score": 0.46582278481012657,
                "support": 171
            },
            "accuracy": 0.4841075794621027,
            "macro avg": {
                "precision": 0.49184362934362935,
                "recall": 0.49169492358346845,
                "f1-score": 0.4835024089535266,
                "support": 409
            },
            "weighted avg": {
                "precision": 0.5051337663195854,
                "recall": 0.4841075794621027,
                "f1-score": 0.48639858210171194,
                "support": 409
            },
            "roc_auc": 0.5064499484004128,
            "score": 0.4841075794621027
        },
        "val": {
            "0": {
                "precision": 0.6,
                "recall": 0.5217391304347826,
                "f1-score": 0.5581395348837209,
                "support": 23
            },
            "1": {
                "precision": 0.56,
                "recall": 0.6363636363636364,
                "f1-score": 0.5957446808510639,
                "support": 22
            },
            "accuracy": 0.5777777777777777,
            "macro avg": {
                "precision": 0.5800000000000001,
                "recall": 0.5790513833992095,
                "f1-score": 0.5769421078673924,
                "support": 45
            },
            "weighted avg": {
                "precision": 0.5804444444444444,
                "recall": 0.5777777777777777,
                "f1-score": 0.5765242729121997,
                "support": 45
            },
            "roc_auc": 0.5513833992094862,
            "score": 0.5777777777777777
        },
        "test": {
            "0": {
                "precision": 0.47058823529411764,
                "recall": 0.27586206896551724,
                "f1-score": 0.34782608695652173,
                "support": 29
            },
            "1": {
                "precision": 0.27586206896551724,
                "recall": 0.47058823529411764,
                "f1-score": 0.34782608695652173,
                "support": 17
            },
            "accuracy": 0.34782608695652173,
            "macro avg": {
                "precision": 0.37322515212981744,
                "recall": 0.37322515212981744,
                "f1-score": 0.34782608695652173,
                "support": 46
            },
            "weighted avg": {
                "precision": 0.3986242173031131,
                "recall": 0.34782608695652173,
                "f1-score": 0.34782608695652173,
                "support": 46
            },
            "roc_auc": 0.2961460446247464,
            "score": 0.34782608695652173
        }
    },
    "time": "0:00:05"
}
