{
    "dataset": "kr-vs-kp",
    "algorithm": "resnet",
    "config": {
        "data": {
            "cat_policy": "indices",
            "normalization": "quantile",
            "path": "data/kr-vs-kp"
        },
        "model": {
            "activation": "relu",
            "d": 103,
            "d_embedding": 284,
            "d_hidden_factor": 1.846316989503202,
            "hidden_dropout": 0.3960150210200928,
            "n_layers": 5,
            "normalization": "batchnorm",
            "residual_dropout": 0.238670028034606
        },
        "seed": 3,
        "training": {
            "batch_size": 256,
            "eval_batch_size": 32,
            "lr": 1.228961322647247e-05,
            "n_epochs": 1000000000,
            "optimizer": "adamw",
            "patience": 16,
            "weight_decay": 4.516205353699927e-05
        }
    },
    "environment": {
        "devices": {
            "CUDA_VISIBLE_DEVICES": null,
            "torch.version.cuda": "10.1",
            "torch.backends.cudnn.version()": 7603,
            "torch.cuda.nccl.version()": 2708,
            "driver": "470.256.02"
        }
    },
    "epoch_size": 10,
    "n_parameters": 1272128,
    "best_epoch": 102,
    "metrics": {
        "train": {
            "0": {
                "precision": 0.9975530179445351,
                "recall": 0.9967400162999185,
                "f1-score": 0.997146351406441,
                "support": 1227
            },
            "1": {
                "precision": 0.9969924812030075,
                "recall": 0.9977426636568849,
                "f1-score": 0.9973674313651749,
                "support": 1329
            },
            "accuracy": 0.9972613458528952,
            "macro avg": {
                "precision": 0.9972727495737713,
                "recall": 0.9972413399784017,
                "f1-score": 0.997256891385808,
                "support": 2556
            },
            "weighted avg": {
                "precision": 0.9972615651552197,
                "recall": 0.9972613458528952,
                "f1-score": 0.9972613026056417,
                "support": 2556
            },
            "roc_auc": 0.9996970594530021,
            "score": 0.9972613458528952
        },
        "val": {
            "0": {
                "precision": 0.974025974025974,
                "recall": 0.9933774834437086,
                "f1-score": 0.9836065573770492,
                "support": 151
            },
            "1": {
                "precision": 0.9939759036144579,
                "recall": 0.9763313609467456,
                "f1-score": 0.9850746268656716,
                "support": 169
            },
            "accuracy": 0.984375,
            "macro avg": {
                "precision": 0.984000938820216,
                "recall": 0.9848544221952271,
                "f1-score": 0.9843405921213604,
                "support": 320
            },
            "weighted avg": {
                "precision": 0.9845620305898921,
                "recall": 0.984375,
                "f1-score": 0.9843818815757277,
                "support": 320
            },
            "roc_auc": 0.9988635918335359,
            "score": 0.984375
        },
        "test": {
            "0": {
                "precision": 0.9801324503311258,
                "recall": 0.9932885906040269,
                "f1-score": 0.9866666666666667,
                "support": 149
            },
            "1": {
                "precision": 0.9940828402366864,
                "recall": 0.9824561403508771,
                "f1-score": 0.988235294117647,
                "support": 171
            },
            "accuracy": 0.9875,
            "macro avg": {
                "precision": 0.987107645283906,
                "recall": 0.9878723654774519,
                "f1-score": 0.9874509803921568,
                "support": 320
            },
            "weighted avg": {
                "precision": 0.9875871899369099,
                "recall": 0.9875,
                "f1-score": 0.9875049019607843,
                "support": 320
            },
            "roc_auc": 0.9997252639428549,
            "score": 0.9875
        }
    },
    "time": "0:01:21"
}
