{
    "dataset": "credit-approval_algo_3",
    "algorithm": "mlp_mha",
    "config": {
        "data": {
            "cat_policy": "indices",
            "normalization": "quantile",
            "path": "data/credit-approval_algo_3"
        },
        "model": {
            "d_embedding": 254,
            "d_layers": [
                381
            ],
            "dropout": 0.2681497445040155
        },
        "seed": 1,
        "training": {
            "batch_size": 128,
            "eval_batch_size": 32,
            "lr": 0.0007637429136171826,
            "n_epochs": 1000000000,
            "optimizer": "adamw",
            "patience": 16,
            "weight_decay": 0.0
        }
    },
    "environment": {
        "devices": {
            "CUDA_VISIBLE_DEVICES": null,
            "torch.version.cuda": "10.1",
            "torch.backends.cudnn.version()": 7603,
            "torch.cuda.nccl.version()": 2708,
            "driver": "470.256.02"
        }
    },
    "epoch_size": 5,
    "n_parameters": 38644693,
    "best_epoch": 14,
    "metrics": {
        "train": {
            "0": {
                "precision": 0.9228187919463087,
                "recall": 0.873015873015873,
                "f1-score": 0.897226753670473,
                "support": 315
            },
            "1": {
                "precision": 0.84251968503937,
                "recall": 0.9029535864978903,
                "f1-score": 0.8716904276985743,
                "support": 237
            },
            "accuracy": 0.8858695652173914,
            "macro avg": {
                "precision": 0.8826692384928394,
                "recall": 0.8879847297568817,
                "f1-score": 0.8844585906845237,
                "support": 552
            },
            "weighted avg": {
                "precision": 0.8883425449590905,
                "recall": 0.8858695652173914,
                "f1-score": 0.8862627876281904,
                "support": 552
            },
            "roc_auc": 0.9603911325430313,
            "score": 0.8858695652173914
        },
        "val": {
            "0": {
                "precision": 0.8947368421052632,
                "recall": 0.8947368421052632,
                "f1-score": 0.8947368421052632,
                "support": 38
            },
            "1": {
                "precision": 0.8709677419354839,
                "recall": 0.8709677419354839,
                "f1-score": 0.8709677419354839,
                "support": 31
            },
            "accuracy": 0.8840579710144928,
            "macro avg": {
                "precision": 0.8828522920203735,
                "recall": 0.8828522920203735,
                "f1-score": 0.8828522920203735,
                "support": 69
            },
            "weighted avg": {
                "precision": 0.8840579710144928,
                "recall": 0.8840579710144928,
                "f1-score": 0.8840579710144928,
                "support": 69
            },
            "roc_auc": 0.8862478777589134,
            "score": 0.8840579710144928
        },
        "test": {
            "0": {
                "precision": 0.78125,
                "recall": 0.8333333333333334,
                "f1-score": 0.8064516129032259,
                "support": 30
            },
            "1": {
                "precision": 0.8648648648648649,
                "recall": 0.8205128205128205,
                "f1-score": 0.8421052631578947,
                "support": 39
            },
            "accuracy": 0.8260869565217391,
            "macro avg": {
                "precision": 0.8230574324324325,
                "recall": 0.8269230769230769,
                "f1-score": 0.8242784380305603,
                "support": 69
            },
            "weighted avg": {
                "precision": 0.8285105757931845,
                "recall": 0.8260869565217391,
                "f1-score": 0.8266036760906473,
                "support": 69
            },
            "roc_auc": 0.8974358974358975,
            "score": 0.8260869565217391
        }
    },
    "time": "0:01:39"
}
