{
    "dataset": "credit-approval",
    "algorithm": "resnet",
    "config": {
        "data": {
            "cat_policy": "indices",
            "normalization": "quantile",
            "path": "data/credit-approval"
        },
        "model": {
            "activation": "relu",
            "d": 296,
            "d_embedding": 74,
            "d_hidden_factor": 2.707315986578528,
            "hidden_dropout": 0.2533257357444936,
            "n_layers": 4,
            "normalization": "batchnorm",
            "residual_dropout": 0.3332603519319425
        },
        "seed": 9,
        "training": {
            "batch_size": 256,
            "eval_batch_size": 8192,
            "lr": 0.0001932101082955889,
            "n_epochs": 1000000000,
            "optimizer": "adamw",
            "patience": 16,
            "weight_decay": 0.0
        }
    },
    "environment": {
        "devices": {
            "CUDA_VISIBLE_DEVICES": null,
            "torch.version.cuda": "10.1",
            "torch.backends.cudnn.version()": 7603,
            "torch.cuda.nccl.version()": 2708,
            "driver": "470.256.02"
        }
    },
    "epoch_size": 3,
    "n_parameters": 2106951,
    "best_epoch": 25,
    "metrics": {
        "train": {
            "0": {
                "precision": 0.9325153374233128,
                "recall": 0.9650793650793651,
                "f1-score": 0.9485179407176286,
                "support": 315
            },
            "1": {
                "precision": 0.9513274336283186,
                "recall": 0.9071729957805907,
                "f1-score": 0.9287257019438445,
                "support": 237
            },
            "accuracy": 0.9402173913043478,
            "macro avg": {
                "precision": 0.9419213855258157,
                "recall": 0.9361261804299779,
                "f1-score": 0.9386218213307366,
                "support": 552
            },
            "weighted avg": {
                "precision": 0.9405922700330709,
                "recall": 0.9402173913043478,
                "f1-score": 0.9400201860267104,
                "support": 552
            },
            "roc_auc": 0.9855602437880919,
            "score": 0.9402173913043478
        },
        "val": {
            "0": {
                "precision": 0.9459459459459459,
                "recall": 0.9210526315789473,
                "f1-score": 0.9333333333333332,
                "support": 38
            },
            "1": {
                "precision": 0.90625,
                "recall": 0.9354838709677419,
                "f1-score": 0.9206349206349206,
                "support": 31
            },
            "accuracy": 0.927536231884058,
            "macro avg": {
                "precision": 0.926097972972973,
                "recall": 0.9282682512733447,
                "f1-score": 0.9269841269841269,
                "support": 69
            },
            "weighted avg": {
                "precision": 0.9281115354484918,
                "recall": 0.927536231884058,
                "f1-score": 0.9276282493673798,
                "support": 69
            },
            "roc_auc": 0.9388794567062817,
            "score": 0.927536231884058
        },
        "test": {
            "0": {
                "precision": 0.7435897435897436,
                "recall": 0.9666666666666667,
                "f1-score": 0.8405797101449275,
                "support": 30
            },
            "1": {
                "precision": 0.9666666666666667,
                "recall": 0.7435897435897436,
                "f1-score": 0.8405797101449275,
                "support": 39
            },
            "accuracy": 0.8405797101449275,
            "macro avg": {
                "precision": 0.8551282051282052,
                "recall": 0.8551282051282052,
                "f1-score": 0.8405797101449275,
                "support": 69
            },
            "weighted avg": {
                "precision": 0.8696767001114828,
                "recall": 0.8405797101449275,
                "f1-score": 0.8405797101449275,
                "support": 69
            },
            "roc_auc": 0.9188034188034188,
            "score": 0.8405797101449275
        }
    },
    "time": "0:00:08"
}
