{
    "dataset": "sick",
    "algorithm": "resnet",
    "config": {
        "data": {
            "cat_policy": "indices",
            "normalization": "quantile",
            "path": "data/sick"
        },
        "model": {
            "activation": "relu",
            "d": 310,
            "d_embedding": 126,
            "d_hidden_factor": 2.840858920403509,
            "hidden_dropout": 0.3881354102712599,
            "n_layers": 3,
            "normalization": "batchnorm",
            "residual_dropout": 0.0
        },
        "seed": 5,
        "training": {
            "batch_size": 256,
            "eval_batch_size": 8192,
            "lr": 0.004864724374345986,
            "n_epochs": 1000000000,
            "optimizer": "adamw",
            "patience": 16,
            "weight_decay": 0.0
        }
    },
    "environment": {
        "devices": {
            "CUDA_VISIBLE_DEVICES": null,
            "torch.version.cuda": "10.1",
            "torch.backends.cudnn.version()": 7603,
            "torch.cuda.nccl.version()": 2708,
            "driver": "470.256.02"
        }
    },
    "epoch_size": 12,
    "n_parameters": 2510573,
    "best_epoch": 38,
    "metrics": {
        "train": {
            "0": {
                "precision": 0.9936283185840707,
                "recall": 0.9939801699716714,
                "f1-score": 0.9938042131350681,
                "support": 2824
            },
            "1": {
                "precision": 0.9114583333333334,
                "recall": 0.9067357512953368,
                "f1-score": 0.9090909090909092,
                "support": 193
            },
            "accuracy": 0.988399071925754,
            "macro avg": {
                "precision": 0.9525433259587021,
                "recall": 0.9503579606335041,
                "f1-score": 0.9514475611129887,
                "support": 3017
            },
            "weighted avg": {
                "precision": 0.9883718362660753,
                "recall": 0.988399071925754,
                "f1-score": 0.9883850325979376,
                "support": 3017
            },
            "roc_auc": 0.9976827048687049,
            "score": 0.988399071925754
        },
        "val": {
            "0": {
                "precision": 0.994413407821229,
                "recall": 0.9971988795518207,
                "f1-score": 0.9958041958041959,
                "support": 357
            },
            "1": {
                "precision": 0.9473684210526315,
                "recall": 0.9,
                "f1-score": 0.9230769230769231,
                "support": 20
            },
            "accuracy": 0.9920424403183024,
            "macro avg": {
                "precision": 0.9708909144369302,
                "recall": 0.9485994397759103,
                "f1-score": 0.9594405594405595,
                "support": 377
            },
            "weighted avg": {
                "precision": 0.9919176525549905,
                "recall": 0.9920424403183024,
                "f1-score": 0.9919459850494334,
                "support": 377
            },
            "roc_auc": 0.9950980392156863,
            "score": 0.9920424403183024
        },
        "test": {
            "0": {
                "precision": 0.9914285714285714,
                "recall": 0.9638888888888889,
                "f1-score": 0.9774647887323943,
                "support": 360
            },
            "1": {
                "precision": 0.5357142857142857,
                "recall": 0.8333333333333334,
                "f1-score": 0.6521739130434783,
                "support": 18
            },
            "accuracy": 0.9576719576719577,
            "macro avg": {
                "precision": 0.7635714285714286,
                "recall": 0.8986111111111111,
                "f1-score": 0.8148193508879362,
                "support": 378
            },
            "weighted avg": {
                "precision": 0.9697278911564626,
                "recall": 0.9576719576719577,
                "f1-score": 0.9619747470329222,
                "support": 378
            },
            "roc_auc": 0.9828703703703704,
            "score": 0.9576719576719577
        }
    },
    "time": "0:00:41"
}
