{
    "config": {
        "data": {
            "cat_policy": "ohe",
            "path": "data/bank_marketing"
        },
        "fit": {
            "early_stopping_rounds": 50,
            "verbose": false
        },
        "model": {
            "alpha": 9.745193765513678,
            "booster": "gbtree",
            "colsample_bylevel": 0.6551928846054192,
            "colsample_bytree": 0.873629885087349,
            "gamma": 0,
            "lambda": 0,
            "learning_rate": 0.3682599367980634,
            "max_depth": 6,
            "min_child_weight": 0.00296533338968678,
            "n_estimators": 2000,
            "n_jobs": -1,
            "subsample": 0.7912451345978706,
            "tree_method": "gpu_hist"
        },
        "seed": 1
    },
    "environment": {
        "devices": {
            "CUDA_VISIBLE_DEVICES": null,
            "torch.version.cuda": "11.7",
            "torch.backends.cudnn.version()": 8500,
            "torch.cuda.nccl.version()": [
                2,
                14,
                3
            ],
            "driver": "560.35.03"
        }
    },
    "dataset": "bank_marketing",
    "algorithm": "xgboost_",
    "metrics": {
        "train": {
            "0": {
                "precision": 0.9507877014961758,
                "recall": 0.975977478886456,
                "f1-score": 0.9632179295228981,
                "support": 31970
            },
            "1": {
                "precision": 0.7708146821844225,
                "recall": 0.6152929966650786,
                "f1-score": 0.6843290502053252,
                "support": 4198
            },
            "accuracy": 0.9341130280911303,
            "macro avg": {
                "precision": 0.8608011918402991,
                "recall": 0.7956352377757674,
                "f1-score": 0.8237734898641116,
                "support": 36168
            },
            "weighted avg": {
                "precision": 0.9298983314709949,
                "recall": 0.9341130280911303,
                "f1-score": 0.930847449668464,
                "support": 36168
            },
            "roc_auc": 0.9636205214422822,
            "score": 0.9341130280911303
        },
        "val": {
            "0": {
                "precision": 0.941133365901319,
                "recall": 0.9625281039220585,
                "f1-score": 0.9517105100654563,
                "support": 4003
            },
            "1": {
                "precision": 0.6487119437939111,
                "recall": 0.5347490347490348,
                "f1-score": 0.5862433862433862,
                "support": 518
            },
            "accuracy": 0.9135147091351471,
            "macro avg": {
                "precision": 0.794922654847615,
                "recall": 0.7486385693355466,
                "f1-score": 0.7689769481544213,
                "support": 4521
            },
            "weighted avg": {
                "precision": 0.9076287658898973,
                "recall": 0.9135147091351471,
                "f1-score": 0.9098365949714876,
                "support": 4521
            },
            "roc_auc": 0.9315243297256786,
            "score": 0.9135147091351471
        },
        "test": {
            "0": {
                "precision": 0.9324987727049583,
                "recall": 0.96201570017726,
                "f1-score": 0.9470272965224978,
                "support": 3949
            },
            "1": {
                "precision": 0.6651785714285714,
                "recall": 0.5200698080279232,
                "f1-score": 0.583741429970617,
                "support": 573
            },
            "accuracy": 0.9060150375939849,
            "macro avg": {
                "precision": 0.7988386720667648,
                "recall": 0.7410427541025917,
                "f1-score": 0.7653843632465573,
                "support": 4522
            },
            "weighted avg": {
                "precision": 0.8986256025741821,
                "recall": 0.9060150375939849,
                "f1-score": 0.9009939481071445,
                "support": 4522
            },
            "roc_auc": 0.9367246529375188,
            "score": 0.9060150375939849
        }
    },
    "time": "0:00:01"
}
