{
    "config": {
        "data": {
            "cat_policy": "ohe",
            "path": "data/credit-g"
        },
        "fit": {
            "early_stopping_rounds": 50,
            "verbose": false
        },
        "model": {
            "alpha": 0,
            "booster": "gbtree",
            "colsample_bylevel": 0.6040514356057036,
            "colsample_bytree": 0.5876097317209871,
            "gamma": 0.0009972538800380253,
            "lambda": 2.886850217417765e-07,
            "learning_rate": 0.163011966646272,
            "max_depth": 5,
            "min_child_weight": 0.01792550419215392,
            "n_estimators": 2000,
            "n_jobs": -1,
            "subsample": 0.8580292141839648,
            "tree_method": "gpu_hist"
        },
        "seed": 7
    },
    "environment": {
        "devices": {
            "CUDA_VISIBLE_DEVICES": null,
            "torch.version.cuda": "10.1",
            "torch.backends.cudnn.version()": 7603,
            "torch.cuda.nccl.version()": 2708,
            "driver": "470.256.02"
        }
    },
    "dataset": "credit-g",
    "algorithm": "xgboost_",
    "metrics": {
        "train": {
            "0": {
                "precision": 0.9710982658959537,
                "recall": 0.6970954356846473,
                "f1-score": 0.8115942028985507,
                "support": 241
            },
            "1": {
                "precision": 0.8835725677830941,
                "recall": 0.9910554561717353,
                "f1-score": 0.9342327150084316,
                "support": 559
            },
            "accuracy": 0.9025,
            "macro avg": {
                "precision": 0.9273354168395239,
                "recall": 0.8440754459281913,
                "f1-score": 0.8729134589534912,
                "support": 800
            },
            "weighted avg": {
                "precision": 0.909939684339593,
                "recall": 0.9025,
                "f1-score": 0.89728786323533,
                "support": 800
            },
            "roc_auc": 0.965624744839258,
            "score": 0.9025
        },
        "val": {
            "0": {
                "precision": 0.85,
                "recall": 0.5483870967741935,
                "f1-score": 0.6666666666666665,
                "support": 31
            },
            "1": {
                "precision": 0.825,
                "recall": 0.9565217391304348,
                "f1-score": 0.8859060402684564,
                "support": 69
            },
            "accuracy": 0.83,
            "macro avg": {
                "precision": 0.8374999999999999,
                "recall": 0.7524544179523142,
                "f1-score": 0.7762863534675615,
                "support": 100
            },
            "weighted avg": {
                "precision": 0.8327499999999999,
                "recall": 0.83,
                "f1-score": 0.8179418344519016,
                "support": 100
            },
            "roc_auc": 0.8719027582982701,
            "score": 0.83
        },
        "test": {
            "0": {
                "precision": 0.5833333333333334,
                "recall": 0.25,
                "f1-score": 0.35000000000000003,
                "support": 28
            },
            "1": {
                "precision": 0.7613636363636364,
                "recall": 0.9305555555555556,
                "f1-score": 0.8375,
                "support": 72
            },
            "accuracy": 0.74,
            "macro avg": {
                "precision": 0.6723484848484849,
                "recall": 0.5902777777777778,
                "f1-score": 0.59375,
                "support": 100
            },
            "weighted avg": {
                "precision": 0.7115151515151515,
                "recall": 0.74,
                "f1-score": 0.7010000000000001,
                "support": 100
            },
            "roc_auc": 0.7733134920634921,
            "score": 0.74
        }
    },
    "time": "0:00:01"
}
