{
    "dataset": "cylinder-bands_algo_3",
    "algorithm": "mlp_mha",
    "config": {
        "data": {
            "cat_policy": "indices",
            "normalization": "quantile",
            "path": "data/cylinder-bands_algo_3"
        },
        "model": {
            "d_embedding": 376,
            "d_layers": [
                348,
                228,
                228,
                228,
                501
            ],
            "dropout": 0.0
        },
        "seed": 5,
        "training": {
            "batch_size": 128,
            "eval_batch_size": 32,
            "lr": 0.003641931731996259,
            "n_epochs": 1000000000,
            "optimizer": "adamw",
            "patience": 16,
            "weight_decay": 0.0008356339903628834
        }
    },
    "environment": {},
    "epoch_size": 4,
    "n_parameters": 149172439,
    "best_epoch": 23,
    "metrics": {
        "train": {
            "0": {
                "precision": 0.8163934426229508,
                "recall": 0.9880952380952381,
                "f1-score": 0.8940754039497307,
                "support": 252
            },
            "1": {
                "precision": 0.9763779527559056,
                "recall": 0.6888888888888889,
                "f1-score": 0.8078175895765473,
                "support": 180
            },
            "accuracy": 0.8634259259259259,
            "macro avg": {
                "precision": 0.8963856976894282,
                "recall": 0.8384920634920635,
                "f1-score": 0.850946496763139,
                "support": 432
            },
            "weighted avg": {
                "precision": 0.8830536551783487,
                "recall": 0.8634259259259259,
                "f1-score": 0.8581346479609043,
                "support": 432
            },
            "roc_auc": 0.9305114638447972,
            "score": 0.8634259259259259
        },
        "val": {
            "0": {
                "precision": 0.8292682926829268,
                "recall": 1.0,
                "f1-score": 0.9066666666666667,
                "support": 34
            },
            "1": {
                "precision": 1.0,
                "recall": 0.65,
                "f1-score": 0.787878787878788,
                "support": 20
            },
            "accuracy": 0.8703703703703703,
            "macro avg": {
                "precision": 0.9146341463414633,
                "recall": 0.825,
                "f1-score": 0.8472727272727274,
                "support": 54
            },
            "weighted avg": {
                "precision": 0.8925022583559169,
                "recall": 0.8703703703703703,
                "f1-score": 0.8626711560044894,
                "support": 54
            },
            "roc_auc": 0.9029411764705884,
            "score": 0.8703703703703703
        },
        "test": {
            "0": {
                "precision": 0.75,
                "recall": 0.9230769230769231,
                "f1-score": 0.8275862068965517,
                "support": 26
            },
            "1": {
                "precision": 0.9090909090909091,
                "recall": 0.7142857142857143,
                "f1-score": 0.8,
                "support": 28
            },
            "accuracy": 0.8148148148148148,
            "macro avg": {
                "precision": 0.8295454545454546,
                "recall": 0.8186813186813187,
                "f1-score": 0.8137931034482759,
                "support": 54
            },
            "weighted avg": {
                "precision": 0.8324915824915825,
                "recall": 0.8148148148148148,
                "f1-score": 0.8132822477650065,
                "support": 54
            },
            "roc_auc": 0.9024725274725275,
            "score": 0.8148148148148148
        }
    },
    "time": "0:05:03"
}
