{
    "dataset": "titanic_algo_3",
    "algorithm": "mlp_mha",
    "config": {
        "data": {
            "cat_policy": "indices",
            "normalization": "quantile",
            "path": "data/titanic_algo_3"
        },
        "model": {
            "d_embedding": 152,
            "d_layers": [
                180,
                100
            ],
            "dropout": 0.0
        },
        "seed": 8,
        "training": {
            "batch_size": 256,
            "eval_batch_size": 8192,
            "lr": 0.004604344555992167,
            "n_epochs": 1000000000,
            "optimizer": "adamw",
            "patience": 16,
            "weight_decay": 0.0
        }
    },
    "environment": {
        "devices": {
            "CUDA_VISIBLE_DEVICES": null,
            "torch.version.cuda": "10.1",
            "torch.backends.cudnn.version()": 7603,
            "torch.cuda.nccl.version()": 2708,
            "driver": "470.256.02"
        }
    },
    "epoch_size": 5,
    "n_parameters": 6301469,
    "best_epoch": 4,
    "metrics": {
        "train": {
            "0": {
                "precision": 0.9786910197869102,
                "recall": 0.9669172932330827,
                "f1-score": 0.972768532526475,
                "support": 665
            },
            "1": {
                "precision": 0.9438775510204082,
                "recall": 0.9635416666666666,
                "f1-score": 0.9536082474226804,
                "support": 384
            },
            "accuracy": 0.9656816015252622,
            "macro avg": {
                "precision": 0.9612842854036592,
                "recall": 0.9652294799498746,
                "f1-score": 0.9631883899745777,
                "support": 1049
            },
            "weighted avg": {
                "precision": 0.9659470998571326,
                "recall": 0.9656816015252622,
                "f1-score": 0.9657546626696044,
                "support": 1049
            },
            "roc_auc": 0.9933348997493734,
            "score": 0.9656816015252622
        },
        "val": {
            "0": {
                "precision": 0.9452054794520548,
                "recall": 0.9857142857142858,
                "f1-score": 0.9650349650349651,
                "support": 70
            },
            "1": {
                "precision": 0.9824561403508771,
                "recall": 0.9333333333333333,
                "f1-score": 0.9572649572649572,
                "support": 60
            },
            "accuracy": 0.9615384615384616,
            "macro avg": {
                "precision": 0.963830809901466,
                "recall": 0.9595238095238096,
                "f1-score": 0.9611499611499612,
                "support": 130
            },
            "weighted avg": {
                "precision": 0.9623980921745882,
                "recall": 0.9615384615384616,
                "f1-score": 0.9614488076026538,
                "support": 130
            },
            "roc_auc": 0.9945238095238095,
            "score": 0.9615384615384616
        },
        "test": {
            "0": {
                "precision": 0.9866666666666667,
                "recall": 1.0,
                "f1-score": 0.9932885906040269,
                "support": 74
            },
            "1": {
                "precision": 1.0,
                "recall": 0.9821428571428571,
                "f1-score": 0.9909909909909909,
                "support": 56
            },
            "accuracy": 0.9923076923076923,
            "macro avg": {
                "precision": 0.9933333333333334,
                "recall": 0.9910714285714286,
                "f1-score": 0.9921397907975089,
                "support": 130
            },
            "weighted avg": {
                "precision": 0.9924102564102563,
                "recall": 0.9923076923076923,
                "f1-score": 0.9922988553861037,
                "support": 130
            },
            "roc_auc": 0.9992760617760618,
            "score": 0.9923076923076923
        }
    },
    "time": "0:00:11"
}
