{
    "dataset": "kr-vs-kp",
    "algorithm": "resnet",
    "config": {
        "data": {
            "cat_policy": "indices",
            "normalization": "quantile",
            "path": "data/kr-vs-kp"
        },
        "model": {
            "activation": "relu",
            "d": 103,
            "d_embedding": 284,
            "d_hidden_factor": 1.846316989503202,
            "hidden_dropout": 0.3960150210200928,
            "n_layers": 5,
            "normalization": "batchnorm",
            "residual_dropout": 0.238670028034606
        },
        "seed": 7,
        "training": {
            "batch_size": 256,
            "eval_batch_size": 32,
            "lr": 1.228961322647247e-05,
            "n_epochs": 1000000000,
            "optimizer": "adamw",
            "patience": 16,
            "weight_decay": 4.516205353699927e-05
        }
    },
    "environment": {
        "devices": {
            "CUDA_VISIBLE_DEVICES": null,
            "torch.version.cuda": "10.1",
            "torch.backends.cudnn.version()": 7603,
            "torch.cuda.nccl.version()": 2708,
            "driver": "470.256.02"
        }
    },
    "epoch_size": 10,
    "n_parameters": 1272128,
    "best_epoch": 36,
    "metrics": {
        "train": {
            "0": {
                "precision": 0.9744204636290967,
                "recall": 0.993480032599837,
                "f1-score": 0.9838579499596448,
                "support": 1227
            },
            "1": {
                "precision": 0.9938697318007663,
                "recall": 0.9759217456734387,
                "f1-score": 0.9848139711465453,
                "support": 1329
            },
            "accuracy": 0.9843505477308294,
            "macro avg": {
                "precision": 0.9841450977149315,
                "recall": 0.9847008891366378,
                "f1-score": 0.984335960553095,
                "support": 2556
            },
            "weighted avg": {
                "precision": 0.9845331699671832,
                "recall": 0.9843505477308294,
                "f1-score": 0.9843550360932093,
                "support": 2556
            },
            "roc_auc": 0.9980137157252513,
            "score": 0.9843505477308294
        },
        "val": {
            "0": {
                "precision": 0.9197530864197531,
                "recall": 0.9867549668874173,
                "f1-score": 0.952076677316294,
                "support": 151
            },
            "1": {
                "precision": 0.9873417721518988,
                "recall": 0.9230769230769231,
                "f1-score": 0.9541284403669724,
                "support": 169
            },
            "accuracy": 0.953125,
            "macro avg": {
                "precision": 0.9535474292858259,
                "recall": 0.9549159449821703,
                "f1-score": 0.9531025588416332,
                "support": 320
            },
            "weighted avg": {
                "precision": 0.9554483610720425,
                "recall": 0.953125,
                "f1-score": 0.9531602646774335,
                "support": 320
            },
            "roc_auc": 0.9932599239782124,
            "score": 0.953125
        },
        "test": {
            "0": {
                "precision": 0.9426751592356688,
                "recall": 0.9932885906040269,
                "f1-score": 0.9673202614379084,
                "support": 149
            },
            "1": {
                "precision": 0.9938650306748467,
                "recall": 0.9473684210526315,
                "f1-score": 0.970059880239521,
                "support": 171
            },
            "accuracy": 0.96875,
            "macro avg": {
                "precision": 0.9682700949552577,
                "recall": 0.9703285058283292,
                "f1-score": 0.9686900708387147,
                "support": 320
            },
            "weighted avg": {
                "precision": 0.9700297467859794,
                "recall": 0.96875,
                "f1-score": 0.9687842452350202,
                "support": 320
            },
            "roc_auc": 0.9970171513795675,
            "score": 0.96875
        }
    },
    "time": "0:00:37"
}
