{
    "dataset": "credit-g",
    "algorithm": "resnet",
    "config": {
        "data": {
            "cat_policy": "indices",
            "normalization": "quantile",
            "path": "data/credit-g"
        },
        "model": {
            "activation": "relu",
            "d": 68,
            "d_embedding": 200,
            "d_hidden_factor": 3.022429258658862,
            "hidden_dropout": 0.4807651936856114,
            "n_layers": 7,
            "normalization": "batchnorm",
            "residual_dropout": 0.4931432638142947
        },
        "seed": 6,
        "training": {
            "batch_size": 256,
            "eval_batch_size": 32,
            "lr": 0.0002522556862028747,
            "n_epochs": 1000000000,
            "optimizer": "adamw",
            "patience": 16,
            "weight_decay": 0.0
        }
    },
    "environment": {
        "devices": {
            "CUDA_VISIBLE_DEVICES": null,
            "torch.version.cuda": "10.1",
            "torch.backends.cudnn.version()": 7603,
            "torch.cuda.nccl.version()": 2708,
            "driver": "470.256.02"
        }
    },
    "epoch_size": 4,
    "n_parameters": 386372,
    "best_epoch": 37,
    "metrics": {
        "train": {
            "0": {
                "precision": 0.6498054474708171,
                "recall": 0.6929460580912863,
                "f1-score": 0.6706827309236948,
                "support": 241
            },
            "1": {
                "precision": 0.8637200736648251,
                "recall": 0.8389982110912343,
                "f1-score": 0.8511796733212341,
                "support": 559
            },
            "accuracy": 0.795,
            "macro avg": {
                "precision": 0.7567627605678211,
                "recall": 0.7659721345912602,
                "f1-score": 0.7609312021224645,
                "support": 800
            },
            "weighted avg": {
                "precision": 0.7992782925238803,
                "recall": 0.795,
                "f1-score": 0.7968049694239754,
                "support": 800
            },
            "roc_auc": 0.8571322530600731,
            "score": 0.795
        },
        "val": {
            "0": {
                "precision": 0.696969696969697,
                "recall": 0.7419354838709677,
                "f1-score": 0.71875,
                "support": 31
            },
            "1": {
                "precision": 0.8805970149253731,
                "recall": 0.855072463768116,
                "f1-score": 0.8676470588235295,
                "support": 69
            },
            "accuracy": 0.82,
            "macro avg": {
                "precision": 0.788783355947535,
                "recall": 0.7985039738195419,
                "f1-score": 0.7931985294117647,
                "support": 100
            },
            "weighted avg": {
                "precision": 0.8236725463591135,
                "recall": 0.82,
                "f1-score": 0.8214889705882353,
                "support": 100
            },
            "roc_auc": 0.860215053763441,
            "score": 0.82
        },
        "test": {
            "0": {
                "precision": 0.6153846153846154,
                "recall": 0.5714285714285714,
                "f1-score": 0.5925925925925927,
                "support": 28
            },
            "1": {
                "precision": 0.8378378378378378,
                "recall": 0.8611111111111112,
                "f1-score": 0.8493150684931507,
                "support": 72
            },
            "accuracy": 0.78,
            "macro avg": {
                "precision": 0.7266112266112266,
                "recall": 0.7162698412698413,
                "f1-score": 0.7209538305428718,
                "support": 100
            },
            "weighted avg": {
                "precision": 0.7755509355509355,
                "recall": 0.78,
                "f1-score": 0.7774327752409945,
                "support": 100
            },
            "roc_auc": 0.7663690476190477,
            "score": 0.78
        }
    },
    "time": "0:00:08"
}
