{
    "dataset": "cylinder-bands",
    "algorithm": "ft_transformer",
    "config": {
        "data": {
            "cat_policy": "indices",
            "normalization": "quantile",
            "path": "data/cylinder-bands"
        },
        "model": {
            "activation": "reglu",
            "attention_dropout": 0.4245682338953446,
            "d_ffn_factor": 1.476248318914501,
            "d_token": 456,
            "ffn_dropout": 0.05039934939631608,
            "initialization": "kaiming",
            "n_heads": 8,
            "n_layers": 2,
            "prenormalization": true,
            "residual_dropout": 0.0
        },
        "seed": 10,
        "training": {
            "batch_size": 256,
            "eval_batch_size": 8192,
            "lr": 0.0003240003178527273,
            "n_epochs": 1000000000,
            "optimizer": "adamw",
            "patience": 16,
            "weight_decay": 4.889546080877294e-05
        }
    },
    "environment": {
        "devices": {
            "CUDA_VISIBLE_DEVICES": null,
            "torch.version.cuda": "11.7",
            "torch.backends.cudnn.version()": 8500,
            "torch.cuda.nccl.version()": [
                2,
                14,
                3
            ],
            "driver": "560.35.03"
        }
    },
    "epoch_size": 2,
    "n_parameters": 3594149,
    "best_epoch": 27,
    "metrics": {
        "train": {
            "0": {
                "precision": 0.8978102189781022,
                "recall": 0.9761904761904762,
                "f1-score": 0.935361216730038,
                "support": 252
            },
            "1": {
                "precision": 0.9620253164556962,
                "recall": 0.8444444444444444,
                "f1-score": 0.8994082840236687,
                "support": 180
            },
            "accuracy": 0.9212962962962963,
            "macro avg": {
                "precision": 0.9299177677168993,
                "recall": 0.9103174603174603,
                "f1-score": 0.9173847503768533,
                "support": 432
            },
            "weighted avg": {
                "precision": 0.9245665095937665,
                "recall": 0.9212962962962963,
                "f1-score": 0.9203808281023841,
                "support": 432
            },
            "roc_auc": 0.9664241622574955,
            "score": 0.9212962962962963
        },
        "val": {
            "0": {
                "precision": 0.9166666666666666,
                "recall": 0.9705882352941176,
                "f1-score": 0.9428571428571428,
                "support": 34
            },
            "1": {
                "precision": 0.9444444444444444,
                "recall": 0.85,
                "f1-score": 0.8947368421052632,
                "support": 20
            },
            "accuracy": 0.9259259259259259,
            "macro avg": {
                "precision": 0.9305555555555556,
                "recall": 0.9102941176470588,
                "f1-score": 0.918796992481203,
                "support": 54
            },
            "weighted avg": {
                "precision": 0.9269547325102881,
                "recall": 0.9259259259259259,
                "f1-score": 0.9250348092453357,
                "support": 54
            },
            "roc_auc": 0.9705882352941175,
            "score": 0.9259259259259259
        },
        "test": {
            "0": {
                "precision": 0.7272727272727273,
                "recall": 0.9230769230769231,
                "f1-score": 0.8135593220338984,
                "support": 26
            },
            "1": {
                "precision": 0.9047619047619048,
                "recall": 0.6785714285714286,
                "f1-score": 0.7755102040816326,
                "support": 28
            },
            "accuracy": 0.7962962962962963,
            "macro avg": {
                "precision": 0.8160173160173161,
                "recall": 0.8008241758241759,
                "f1-score": 0.7945347630577655,
                "support": 54
            },
            "weighted avg": {
                "precision": 0.819304152637486,
                "recall": 0.7962962962962963,
                "f1-score": 0.7938301497623532,
                "support": 54
            },
            "roc_auc": 0.8626373626373626,
            "score": 0.7962962962962963
        }
    },
    "time": "0:01:10"
}
