{
    "dataset": "credit-approval_algo_3",
    "algorithm": "mlp_mha",
    "config": {
        "data": {
            "cat_policy": "indices",
            "normalization": "quantile",
            "path": "data/credit-approval_algo_3"
        },
        "model": {
            "d_embedding": 254,
            "d_layers": [
                381
            ],
            "dropout": 0.2681497445040155
        },
        "seed": 2,
        "training": {
            "batch_size": 128,
            "eval_batch_size": 32,
            "lr": 0.0007637429136171826,
            "n_epochs": 1000000000,
            "optimizer": "adamw",
            "patience": 16,
            "weight_decay": 0.0
        }
    },
    "environment": {
        "devices": {
            "CUDA_VISIBLE_DEVICES": null,
            "torch.version.cuda": "10.1",
            "torch.backends.cudnn.version()": 7603,
            "torch.cuda.nccl.version()": 2708,
            "driver": "470.256.02"
        }
    },
    "epoch_size": 5,
    "n_parameters": 38644693,
    "best_epoch": 15,
    "metrics": {
        "train": {
            "0": {
                "precision": 0.9150943396226415,
                "recall": 0.9238095238095239,
                "f1-score": 0.9194312796208531,
                "support": 315
            },
            "1": {
                "precision": 0.8974358974358975,
                "recall": 0.8860759493670886,
                "f1-score": 0.8917197452229298,
                "support": 237
            },
            "accuracy": 0.907608695652174,
            "macro avg": {
                "precision": 0.9062651185292695,
                "recall": 0.9049427365883063,
                "f1-score": 0.9055755124218915,
                "support": 552
            },
            "weighted avg": {
                "precision": 0.9075127258576808,
                "recall": 0.907608695652174,
                "f1-score": 0.9075333925695709,
                "support": 552
            },
            "roc_auc": 0.9705578996718236,
            "score": 0.907608695652174
        },
        "val": {
            "0": {
                "precision": 0.8947368421052632,
                "recall": 0.8947368421052632,
                "f1-score": 0.8947368421052632,
                "support": 38
            },
            "1": {
                "precision": 0.8709677419354839,
                "recall": 0.8709677419354839,
                "f1-score": 0.8709677419354839,
                "support": 31
            },
            "accuracy": 0.8840579710144928,
            "macro avg": {
                "precision": 0.8828522920203735,
                "recall": 0.8828522920203735,
                "f1-score": 0.8828522920203735,
                "support": 69
            },
            "weighted avg": {
                "precision": 0.8840579710144928,
                "recall": 0.8840579710144928,
                "f1-score": 0.8840579710144928,
                "support": 69
            },
            "roc_auc": 0.9032258064516129,
            "score": 0.8840579710144928
        },
        "test": {
            "0": {
                "precision": 0.8,
                "recall": 0.9333333333333333,
                "f1-score": 0.8615384615384616,
                "support": 30
            },
            "1": {
                "precision": 0.9411764705882353,
                "recall": 0.8205128205128205,
                "f1-score": 0.8767123287671232,
                "support": 39
            },
            "accuracy": 0.8695652173913043,
            "macro avg": {
                "precision": 0.8705882352941177,
                "recall": 0.8769230769230769,
                "f1-score": 0.8691253951527924,
                "support": 69
            },
            "weighted avg": {
                "precision": 0.8797953964194373,
                "recall": 0.8695652173913043,
                "f1-score": 0.8701149951894442,
                "support": 69
            },
            "roc_auc": 0.9034188034188034,
            "score": 0.8695652173913043
        }
    },
    "time": "0:01:36"
}
