{
    "dataset": "kr-vs-kp",
    "algorithm": "ft_transformer",
    "config": {
        "data": {
            "cat_policy": "indices",
            "normalization": "quantile",
            "path": "data/kr-vs-kp"
        },
        "model": {
            "activation": "reglu",
            "attention_dropout": 0.06504516027258544,
            "d_ffn_factor": 2.282242023418398,
            "d_token": 432,
            "ffn_dropout": 0.1599972023188427,
            "initialization": "kaiming",
            "n_heads": 8,
            "n_layers": 1,
            "prenormalization": true,
            "residual_dropout": 0.0
        },
        "seed": 0,
        "training": {
            "batch_size": 256,
            "eval_batch_size": 32,
            "lr": 2.76684223777323e-05,
            "n_epochs": 1000000000,
            "optimizer": "adamw",
            "patience": 16,
            "weight_decay": 0.0002354064360804708
        }
    },
    "environment": {
        "devices": {
            "CUDA_VISIBLE_DEVICES": null,
            "torch.version.cuda": "10.1",
            "torch.backends.cudnn.version()": 7603,
            "torch.cuda.nccl.version()": 2708,
            "driver": "470.256.02"
        }
    },
    "epoch_size": 10,
    "n_parameters": 2076435,
    "best_epoch": 53,
    "metrics": {
        "train": {
            "0": {
                "precision": 0.9444015444015444,
                "recall": 0.9967400162999185,
                "f1-score": 0.9698651863600317,
                "support": 1227
            },
            "1": {
                "precision": 0.9968279143536876,
                "recall": 0.945823927765237,
                "f1-score": 0.9706563706563708,
                "support": 1329
            },
            "accuracy": 0.9702660406885759,
            "macro avg": {
                "precision": 0.970614729377616,
                "recall": 0.9712819720325778,
                "f1-score": 0.9702607785082012,
                "support": 2556
            },
            "weighted avg": {
                "precision": 0.9716607954447363,
                "recall": 0.9702660406885759,
                "f1-score": 0.9702765650493254,
                "support": 2556
            },
            "roc_auc": 0.9973526430336247,
            "score": 0.9702660406885759
        },
        "val": {
            "0": {
                "precision": 0.9041916167664671,
                "recall": 1.0,
                "f1-score": 0.949685534591195,
                "support": 151
            },
            "1": {
                "precision": 1.0,
                "recall": 0.9053254437869822,
                "f1-score": 0.9503105590062112,
                "support": 169
            },
            "accuracy": 0.95,
            "macro avg": {
                "precision": 0.9520958083832336,
                "recall": 0.9526627218934911,
                "f1-score": 0.949998046798703,
                "support": 320
            },
            "weighted avg": {
                "precision": 0.9547904191616766,
                "recall": 0.95,
                "f1-score": 0.9500156256103753,
                "support": 320
            },
            "roc_auc": 0.9911830400877777,
            "score": 0.95
        },
        "test": {
            "0": {
                "precision": 0.9141104294478528,
                "recall": 1.0,
                "f1-score": 0.9551282051282052,
                "support": 149
            },
            "1": {
                "precision": 1.0,
                "recall": 0.9181286549707602,
                "f1-score": 0.9573170731707318,
                "support": 171
            },
            "accuracy": 0.95625,
            "macro avg": {
                "precision": 0.9570552147239264,
                "recall": 0.9590643274853801,
                "f1-score": 0.9562226391494685,
                "support": 320
            },
            "weighted avg": {
                "precision": 0.9600076687116565,
                "recall": 0.95625,
                "f1-score": 0.9562978814884303,
                "support": 320
            },
            "roc_auc": 0.9961929432081321,
            "score": 0.95625
        }
    },
    "time": "0:02:31"
}
