{
    "config": {
        "data": {
            "cat_policy": "ohe",
            "path": "data/kr-vs-kp"
        },
        "fit": {
            "early_stopping_rounds": 50,
            "verbose": false
        },
        "model": {
            "alpha": 0,
            "booster": "gbtree",
            "colsample_bylevel": 0.5372424781732694,
            "colsample_bytree": 0.5768279789146363,
            "gamma": 0,
            "lambda": 2.208349701204509e-07,
            "learning_rate": 0.4890618178657657,
            "max_depth": 5,
            "min_child_weight": 4.714115161288987e-07,
            "n_estimators": 2000,
            "n_jobs": -1,
            "subsample": 0.7058112023579635,
            "tree_method": "gpu_hist"
        },
        "seed": 0
    },
    "environment": {
        "devices": {
            "CUDA_VISIBLE_DEVICES": null,
            "torch.version.cuda": "10.1",
            "torch.backends.cudnn.version()": 7603,
            "torch.cuda.nccl.version()": 2708,
            "driver": "470.256.02"
        }
    },
    "dataset": "kr-vs-kp",
    "algorithm": "xgboost_",
    "metrics": {
        "train": {
            "0": {
                "precision": 0.9983700081499592,
                "recall": 0.9983700081499592,
                "f1-score": 0.9983700081499592,
                "support": 1227
            },
            "1": {
                "precision": 0.9984951091045899,
                "recall": 0.9984951091045899,
                "f1-score": 0.9984951091045899,
                "support": 1329
            },
            "accuracy": 0.9984350547730829,
            "macro avg": {
                "precision": 0.9984325586272746,
                "recall": 0.9984325586272746,
                "f1-score": 0.9984325586272746,
                "support": 2556
            },
            "weighted avg": {
                "precision": 0.9984350547730829,
                "recall": 0.9984350547730829,
                "f1-score": 0.9984350547730829,
                "support": 2556
            },
            "roc_auc": 0.9999515540420794,
            "score": 0.9984350547730829
        },
        "val": {
            "0": {
                "precision": 1.0,
                "recall": 0.9933774834437086,
                "f1-score": 0.9966777408637874,
                "support": 151
            },
            "1": {
                "precision": 0.9941176470588236,
                "recall": 1.0,
                "f1-score": 0.9970501474926253,
                "support": 169
            },
            "accuracy": 0.996875,
            "macro avg": {
                "precision": 0.9970588235294118,
                "recall": 0.9966887417218543,
                "f1-score": 0.9968639441782063,
                "support": 320
            },
            "weighted avg": {
                "precision": 0.9968933823529411,
                "recall": 0.996875,
                "f1-score": 0.9968744181146423,
                "support": 320
            },
            "roc_auc": 0.9991770837415259,
            "score": 0.996875
        },
        "test": {
            "0": {
                "precision": 0.9932885906040269,
                "recall": 0.9932885906040269,
                "f1-score": 0.9932885906040269,
                "support": 149
            },
            "1": {
                "precision": 0.9941520467836257,
                "recall": 0.9941520467836257,
                "f1-score": 0.9941520467836257,
                "support": 171
            },
            "accuracy": 0.99375,
            "macro avg": {
                "precision": 0.9937203186938263,
                "recall": 0.9937203186938263,
                "f1-score": 0.9937203186938263,
                "support": 320
            },
            "weighted avg": {
                "precision": 0.99375,
                "recall": 0.99375,
                "f1-score": 0.99375,
                "support": 320
            },
            "roc_auc": 0.9990580478040739,
            "score": 0.99375
        }
    },
    "time": "0:00:01"
}
