{
    "dataset": "kr-vs-kp_algo_3",
    "algorithm": "mlp_mha",
    "config": {
        "data": {
            "cat_policy": "indices",
            "normalization": "quantile",
            "path": "data/kr-vs-kp_algo_3"
        },
        "model": {
            "d_embedding": 152,
            "d_layers": [
                166,
                26
            ],
            "dropout": 0.1686980802086342
        },
        "seed": 8,
        "training": {
            "batch_size": 256,
            "eval_batch_size": 8192,
            "lr": 0.0008800667561385505,
            "n_epochs": 1000000000,
            "optimizer": "adamw",
            "patience": 16,
            "weight_decay": 0.0
        }
    },
    "environment": {
        "devices": {
            "CUDA_VISIBLE_DEVICES": null,
            "torch.version.cuda": "10.1",
            "torch.backends.cudnn.version()": 7603,
            "torch.cuda.nccl.version()": 2708,
            "driver": "470.256.02"
        }
    },
    "epoch_size": 10,
    "n_parameters": 156826679,
    "best_epoch": 36,
    "metrics": {
        "train": {
            "0": {
                "precision": 0.9975530179445351,
                "recall": 0.9967400162999185,
                "f1-score": 0.997146351406441,
                "support": 1227
            },
            "1": {
                "precision": 0.9969924812030075,
                "recall": 0.9977426636568849,
                "f1-score": 0.9973674313651749,
                "support": 1329
            },
            "accuracy": 0.9972613458528952,
            "macro avg": {
                "precision": 0.9972727495737713,
                "recall": 0.9972413399784017,
                "f1-score": 0.997256891385808,
                "support": 2556
            },
            "weighted avg": {
                "precision": 0.9972615651552197,
                "recall": 0.9972613458528952,
                "f1-score": 0.9972613026056417,
                "support": 2556
            },
            "roc_auc": 0.999900655124264,
            "score": 0.9972613458528952
        },
        "val": {
            "0": {
                "precision": 1.0,
                "recall": 0.9867549668874173,
                "f1-score": 0.9933333333333334,
                "support": 151
            },
            "1": {
                "precision": 0.9883040935672515,
                "recall": 1.0,
                "f1-score": 0.9941176470588234,
                "support": 169
            },
            "accuracy": 0.99375,
            "macro avg": {
                "precision": 0.9941520467836258,
                "recall": 0.9933774834437086,
                "f1-score": 0.9937254901960784,
                "support": 320
            },
            "weighted avg": {
                "precision": 0.9938230994152046,
                "recall": 0.99375,
                "f1-score": 0.9937475490196078,
                "support": 320
            },
            "roc_auc": 0.9989811512990321,
            "score": 0.99375
        },
        "test": {
            "0": {
                "precision": 0.9932885906040269,
                "recall": 0.9932885906040269,
                "f1-score": 0.9932885906040269,
                "support": 149
            },
            "1": {
                "precision": 0.9941520467836257,
                "recall": 0.9941520467836257,
                "f1-score": 0.9941520467836257,
                "support": 171
            },
            "accuracy": 0.99375,
            "macro avg": {
                "precision": 0.9937203186938263,
                "recall": 0.9937203186938263,
                "f1-score": 0.9937203186938263,
                "support": 320
            },
            "weighted avg": {
                "precision": 0.99375,
                "recall": 0.99375,
                "f1-score": 0.99375,
                "support": 320
            },
            "roc_auc": 0.9998430079673457,
            "score": 0.99375
        }
    },
    "time": "0:28:39"
}
