{
    "dataset": "dresses-sales",
    "algorithm": "resnet",
    "config": {
        "data": {
            "cat_policy": "indices",
            "normalization": "quantile",
            "path": "data/dresses-sales"
        },
        "model": {
            "activation": "relu",
            "d": 236,
            "d_embedding": 111,
            "d_hidden_factor": 3.145568099117258,
            "hidden_dropout": 0.3013816880358219,
            "n_layers": 4,
            "normalization": "batchnorm",
            "residual_dropout": 0.2118273996694524
        },
        "seed": 2,
        "training": {
            "batch_size": 256,
            "eval_batch_size": 8192,
            "lr": 0.0008663279761354553,
            "n_epochs": 1000000000,
            "optimizer": "adamw",
            "patience": 16,
            "weight_decay": 0.0
        }
    },
    "environment": {},
    "epoch_size": 2,
    "n_parameters": 1714015,
    "best_epoch": 17,
    "metrics": {
        "train": {
            "0": {
                "precision": 0.6025316455696202,
                "recall": 1.0,
                "f1-score": 0.7519747235387045,
                "support": 238
            },
            "1": {
                "precision": 1.0,
                "recall": 0.08187134502923976,
                "f1-score": 0.15135135135135133,
                "support": 171
            },
            "accuracy": 0.6161369193154034,
            "macro avg": {
                "precision": 0.8012658227848102,
                "recall": 0.5409356725146199,
                "f1-score": 0.45166303744502795,
                "support": 409
            },
            "weighted avg": {
                "precision": 0.7687103463216861,
                "recall": 0.6161369193154034,
                "f1-score": 0.5008583503258992,
                "support": 409
            },
            "roc_auc": 0.9987837240159221,
            "score": 0.6161369193154034
        },
        "val": {
            "0": {
                "precision": 0.5348837209302325,
                "recall": 1.0,
                "f1-score": 0.6969696969696969,
                "support": 23
            },
            "1": {
                "precision": 1.0,
                "recall": 0.09090909090909091,
                "f1-score": 0.16666666666666669,
                "support": 22
            },
            "accuracy": 0.5555555555555556,
            "macro avg": {
                "precision": 0.7674418604651163,
                "recall": 0.5454545454545454,
                "f1-score": 0.43181818181818177,
                "support": 45
            },
            "weighted avg": {
                "precision": 0.7622739018087856,
                "recall": 0.5555555555555556,
                "f1-score": 0.43771043771043766,
                "support": 45
            },
            "roc_auc": 0.5296442687747036,
            "score": 0.5555555555555556
        },
        "test": {
            "0": {
                "precision": 0.6304347826086957,
                "recall": 1.0,
                "f1-score": 0.7733333333333333,
                "support": 29
            },
            "1": {
                "precision": 0.0,
                "recall": 0.0,
                "f1-score": 0.0,
                "support": 17
            },
            "accuracy": 0.6304347826086957,
            "macro avg": {
                "precision": 0.31521739130434784,
                "recall": 0.5,
                "f1-score": 0.38666666666666666,
                "support": 46
            },
            "weighted avg": {
                "precision": 0.39744801512287337,
                "recall": 0.6304347826086957,
                "f1-score": 0.487536231884058,
                "support": 46
            },
            "roc_auc": 0.5841784989858012,
            "score": 0.6304347826086957
        }
    },
    "time": "0:00:04"
}
