{
    "config": {
        "data": {
            "cat_policy": "ohe",
            "path": "data/credit-approval"
        },
        "fit": {
            "early_stopping_rounds": 50,
            "verbose": false
        },
        "model": {
            "alpha": 0,
            "booster": "gbtree",
            "colsample_bylevel": 0.7479875860502782,
            "colsample_bytree": 0.7892656746801335,
            "gamma": 0,
            "lambda": 0,
            "learning_rate": 0.04486879472147982,
            "max_depth": 8,
            "min_child_weight": 2.541074371450198e-08,
            "n_estimators": 2000,
            "n_jobs": -1,
            "subsample": 0.683657763245091,
            "tree_method": "gpu_hist"
        },
        "seed": 0
    },
    "environment": {
        "devices": {
            "CUDA_VISIBLE_DEVICES": null,
            "torch.version.cuda": "10.1",
            "torch.backends.cudnn.version()": 7603,
            "torch.cuda.nccl.version()": 2708,
            "driver": "470.256.02"
        }
    },
    "dataset": "credit-approval",
    "algorithm": "xgboost_",
    "metrics": {
        "train": {
            "0": {
                "precision": 0.9778481012658228,
                "recall": 0.9809523809523809,
                "f1-score": 0.9793977812995246,
                "support": 315
            },
            "1": {
                "precision": 0.9745762711864406,
                "recall": 0.9704641350210971,
                "f1-score": 0.9725158562367865,
                "support": 237
            },
            "accuracy": 0.9764492753623188,
            "macro avg": {
                "precision": 0.9762121862261317,
                "recall": 0.975708257986739,
                "f1-score": 0.9759568187681555,
                "support": 552
            },
            "weighted avg": {
                "precision": 0.9764433481339142,
                "recall": 0.9764492753623188,
                "f1-score": 0.9764430417345445,
                "support": 552
            },
            "roc_auc": 0.9968856741008639,
            "score": 0.9764492753623188
        },
        "val": {
            "0": {
                "precision": 0.9487179487179487,
                "recall": 0.9736842105263158,
                "f1-score": 0.9610389610389611,
                "support": 38
            },
            "1": {
                "precision": 0.9666666666666667,
                "recall": 0.9354838709677419,
                "f1-score": 0.9508196721311476,
                "support": 31
            },
            "accuracy": 0.9565217391304348,
            "macro avg": {
                "precision": 0.9576923076923076,
                "recall": 0.9545840407470289,
                "f1-score": 0.9559293165850544,
                "support": 69
            },
            "weighted avg": {
                "precision": 0.9567818654775175,
                "recall": 0.9565217391304348,
                "f1-score": 0.9564476863122624,
                "support": 69
            },
            "roc_auc": 0.9460950764006791,
            "score": 0.9565217391304348
        },
        "test": {
            "0": {
                "precision": 0.7297297297297297,
                "recall": 0.9,
                "f1-score": 0.8059701492537312,
                "support": 30
            },
            "1": {
                "precision": 0.90625,
                "recall": 0.7435897435897436,
                "f1-score": 0.8169014084507042,
                "support": 39
            },
            "accuracy": 0.8115942028985508,
            "macro avg": {
                "precision": 0.8179898648648649,
                "recall": 0.8217948717948718,
                "f1-score": 0.8114357788522177,
                "support": 69
            },
            "weighted avg": {
                "precision": 0.8295020564042302,
                "recall": 0.8115942028985508,
                "f1-score": 0.812148687060716,
                "support": 69
            },
            "roc_auc": 0.885897435897436,
            "score": 0.8115942028985508
        }
    },
    "time": "0:00:01"
}
