{
    "dataset": "nursery",
    "algorithm": "ft_transformer",
    "config": {
        "data": {
            "cat_policy": "indices",
            "normalization": "quantile",
            "path": "data/nursery"
        },
        "model": {
            "activation": "reglu",
            "attention_dropout": 0.02835648865872159,
            "d_ffn_factor": 1.211979255826893,
            "d_token": 72,
            "ffn_dropout": 0.3958625190413323,
            "initialization": "kaiming",
            "n_heads": 8,
            "n_layers": 4,
            "prenormalization": true,
            "residual_dropout": 0.0
        },
        "seed": 6,
        "training": {
            "batch_size": 256,
            "eval_batch_size": 8192,
            "lr": 0.0001368009527972692,
            "n_epochs": 1000000000,
            "optimizer": "adamw",
            "patience": 16,
            "weight_decay": 0.0005981221901152554
        }
    },
    "environment": {
        "devices": {
            "CUDA_VISIBLE_DEVICES": null,
            "torch.version.cuda": "11.7",
            "torch.backends.cudnn.version()": 8500,
            "torch.cuda.nccl.version()": [
                2,
                14,
                3
            ],
            "driver": "560.35.03"
        }
    },
    "epoch_size": 41,
    "n_parameters": 164357,
    "best_epoch": 29,
    "metrics": {
        "train": {
            "0": {
                "precision": 1.0,
                "recall": 1.0,
                "f1-score": 1.0,
                "support": 3456
            },
            "1": {
                "precision": 0.9987639060568603,
                "recall": 0.9990726429675425,
                "f1-score": 0.9989182506567763,
                "support": 3235
            },
            "2": {
                "precision": 0.9812734082397003,
                "recall": 1.0,
                "f1-score": 0.9905482041587902,
                "support": 262
            },
            "3": {
                "precision": 0.9991199765327076,
                "recall": 0.9979490184588339,
                "f1-score": 0.9985341542069774,
                "support": 3413
            },
            "4": {
                "precision": 0.0,
                "recall": 0.0,
                "f1-score": 0.0,
                "support": 2
            },
            "accuracy": 0.9988425925925926,
            "macro avg": {
                "precision": 0.7958314581658537,
                "recall": 0.7994043322852752,
                "f1-score": 0.7976001218045088,
                "support": 10368
            },
            "weighted avg": {
                "precision": 0.9986585020214964,
                "recall": 0.9988425925925926,
                "f1-score": 0.9987481904583998,
                "support": 10368
            },
            "score": 0.9988425925925926
        },
        "val": {
            "0": {
                "precision": 1.0,
                "recall": 1.0,
                "f1-score": 1.0,
                "support": 418
            },
            "1": {
                "precision": 1.0,
                "recall": 1.0,
                "f1-score": 1.0,
                "support": 402
            },
            "2": {
                "precision": 1.0,
                "recall": 1.0,
                "f1-score": 1.0,
                "support": 37
            },
            "3": {
                "precision": 1.0,
                "recall": 1.0,
                "f1-score": 1.0,
                "support": 439
            },
            "accuracy": 1.0,
            "macro avg": {
                "precision": 1.0,
                "recall": 1.0,
                "f1-score": 1.0,
                "support": 1296
            },
            "weighted avg": {
                "precision": 1.0,
                "recall": 1.0,
                "f1-score": 1.0,
                "support": 1296
            },
            "score": 1.0
        },
        "test": {
            "0": {
                "precision": 1.0,
                "recall": 1.0,
                "f1-score": 1.0,
                "support": 446
            },
            "1": {
                "precision": 0.9975490196078431,
                "recall": 1.0,
                "f1-score": 0.9987730061349693,
                "support": 407
            },
            "2": {
                "precision": 0.9666666666666667,
                "recall": 1.0,
                "f1-score": 0.983050847457627,
                "support": 29
            },
            "3": {
                "precision": 1.0,
                "recall": 0.9951690821256038,
                "f1-score": 0.9975786924939467,
                "support": 414
            },
            "accuracy": 0.9984567901234568,
            "macro avg": {
                "precision": 0.9910539215686275,
                "recall": 0.998792270531401,
                "f1-score": 0.9948506365216359,
                "support": 1296
            },
            "weighted avg": {
                "precision": 0.99848440147664,
                "recall": 0.9984567901234568,
                "f1-score": 0.9984619342327914,
                "support": 1296
            },
            "score": 0.9984567901234568
        }
    },
    "time": "0:01:41"
}
