{
    "dataset": "adult",
    "algorithm": "ft_transformer",
    "config": {
        "data": {
            "cat_policy": "indices",
            "normalization": "quantile",
            "path": "data/adult"
        },
        "model": {
            "activation": "reglu",
            "attention_dropout": 0.290284712609104,
            "d_ffn_factor": 2.037608078057796,
            "d_token": 352,
            "ffn_dropout": 0.1605824872092634,
            "initialization": "kaiming",
            "n_heads": 8,
            "n_layers": 3,
            "prenormalization": true,
            "residual_dropout": 0.0
        },
        "seed": 8,
        "training": {
            "batch_size": 256,
            "eval_batch_size": 8192,
            "lr": 2.670080766240071e-05,
            "n_epochs": 1000000000,
            "optimizer": "adamw",
            "patience": 16,
            "weight_decay": 1.878836874957554e-05
        }
    },
    "environment": {
        "devices": {
            "CUDA_VISIBLE_DEVICES": null,
            "torch.version.cuda": "11.7",
            "torch.backends.cudnn.version()": 8500,
            "torch.cuda.nccl.version()": [
                2,
                14,
                3
            ],
            "driver": "560.35.03"
        }
    },
    "epoch_size": 153,
    "n_parameters": 3815759,
    "best_epoch": 39,
    "metrics": {
        "train": {
            "0": {
                "precision": 0.9023569023569024,
                "recall": 0.9371259498352498,
                "f1-score": 0.919412831931387,
                "support": 29742
            },
            "1": {
                "precision": 0.7715612020522844,
                "recall": 0.6768109729961423,
                "f1-score": 0.7210868820641625,
                "support": 9332
            },
            "accuracy": 0.8749552131852383,
            "macro avg": {
                "precision": 0.8369590522045933,
                "recall": 0.806968461415696,
                "f1-score": 0.8202498569977748,
                "support": 39074
            },
            "weighted avg": {
                "precision": 0.8711191105965835,
                "recall": 0.8749552131852383,
                "f1-score": 0.8720468657093228,
                "support": 39074
            },
            "roc_auc": 0.9354196230459505,
            "score": 0.8749552131852383
        },
        "val": {
            "0": {
                "precision": 0.8819587628865979,
                "recall": 0.9314099074578116,
                "f1-score": 0.9060100608948901,
                "support": 3674
            },
            "1": {
                "precision": 0.749003984063745,
                "recall": 0.6214876033057851,
                "f1-score": 0.6793134598012647,
                "support": 1210
            },
            "accuracy": 0.8546273546273546,
            "macro avg": {
                "precision": 0.8154813734751715,
                "recall": 0.7764487553817984,
                "f1-score": 0.7926617603480774,
                "support": 4884
            },
            "weighted avg": {
                "precision": 0.8490195158809363,
                "recall": 0.8546273546273546,
                "f1-score": 0.8498464885518748,
                "support": 4884
            },
            "roc_auc": 0.906916820003869,
            "score": 0.8546273546273546
        },
        "test": {
            "0": {
                "precision": 0.8956880970823651,
                "recall": 0.927788178657395,
                "f1-score": 0.9114555964266946,
                "support": 3739
            },
            "1": {
                "precision": 0.7329376854599406,
                "recall": 0.6471615720524018,
                "f1-score": 0.6873840445269017,
                "support": 1145
            },
            "accuracy": 0.861998361998362,
            "macro avg": {
                "precision": 0.8143128912711528,
                "recall": 0.7874748753548984,
                "f1-score": 0.7994198204767982,
                "support": 4884
            },
            "weighted avg": {
                "precision": 0.8575330558645772,
                "recall": 0.861998361998362,
                "f1-score": 0.85892448935764,
                "support": 4884
            },
            "roc_auc": 0.9106388346135563,
            "score": 0.861998361998362
        }
    },
    "time": "1:05:45"
}
