{
    "config": {
        "data": {
            "cat_policy": "ohe",
            "path": "data/sick"
        },
        "fit": {
            "early_stopping_rounds": 50,
            "verbose": false
        },
        "model": {
            "alpha": 0,
            "booster": "gbtree",
            "colsample_bylevel": 0.5510283817844643,
            "colsample_bytree": 0.8463277170746664,
            "gamma": 0,
            "lambda": 0.0002258619672456327,
            "learning_rate": 0.623815540201843,
            "max_depth": 7,
            "min_child_weight": 1.317233677879026e-05,
            "n_estimators": 2000,
            "n_jobs": -1,
            "subsample": 0.5088411382455749,
            "tree_method": "gpu_hist"
        },
        "seed": 2
    },
    "environment": {
        "devices": {
            "CUDA_VISIBLE_DEVICES": null,
            "torch.version.cuda": "10.1",
            "torch.backends.cudnn.version()": 7603,
            "torch.cuda.nccl.version()": 2708,
            "driver": "470.256.02"
        }
    },
    "dataset": "sick",
    "algorithm": "xgboost_",
    "metrics": {
        "train": {
            "0": {
                "precision": 0.9996460176991151,
                "recall": 1.0,
                "f1-score": 0.9998229775181449,
                "support": 2824
            },
            "1": {
                "precision": 1.0,
                "recall": 0.9948186528497409,
                "f1-score": 0.9974025974025974,
                "support": 193
            },
            "accuracy": 0.9996685449121644,
            "macro avg": {
                "precision": 0.9998230088495575,
                "recall": 0.9974093264248705,
                "f1-score": 0.9986127874603712,
                "support": 3017
            },
            "weighted avg": {
                "precision": 0.999668662241399,
                "recall": 0.9996685449121644,
                "f1-score": 0.9996681437885127,
                "support": 3017
            },
            "roc_auc": 1.0,
            "score": 0.9996685449121644
        },
        "val": {
            "0": {
                "precision": 0.9888888888888889,
                "recall": 0.9971988795518207,
                "f1-score": 0.99302649930265,
                "support": 357
            },
            "1": {
                "precision": 0.9411764705882353,
                "recall": 0.8,
                "f1-score": 0.8648648648648648,
                "support": 20
            },
            "accuracy": 0.986737400530504,
            "macro avg": {
                "precision": 0.9650326797385621,
                "recall": 0.8985994397759104,
                "f1-score": 0.9289456820837574,
                "support": 377
            },
            "weighted avg": {
                "precision": 0.9863577261143185,
                "recall": 0.986737400530504,
                "f1-score": 0.9862274736030326,
                "support": 377
            },
            "roc_auc": 0.9948179271708684,
            "score": 0.986737400530504
        },
        "test": {
            "0": {
                "precision": 0.9916897506925207,
                "recall": 0.9944444444444445,
                "f1-score": 0.9930651872399445,
                "support": 360
            },
            "1": {
                "precision": 0.8823529411764706,
                "recall": 0.8333333333333334,
                "f1-score": 0.8571428571428571,
                "support": 18
            },
            "accuracy": 0.9867724867724867,
            "macro avg": {
                "precision": 0.9370213459344956,
                "recall": 0.913888888888889,
                "f1-score": 0.9251040221914009,
                "support": 378
            },
            "weighted avg": {
                "precision": 0.9864832359536612,
                "recall": 0.9867724867724867,
                "f1-score": 0.9865926953305595,
                "support": 378
            },
            "roc_auc": 0.9975308641975309,
            "score": 0.9867724867724867
        }
    },
    "time": "0:00:01"
}
