{
    "dataset": "kr-vs-kp",
    "algorithm": "ft_transformer",
    "config": {
        "data": {
            "cat_policy": "indices",
            "normalization": "quantile",
            "path": "data/kr-vs-kp"
        },
        "model": {
            "activation": "reglu",
            "attention_dropout": 0.06504516027258544,
            "d_ffn_factor": 2.282242023418398,
            "d_token": 432,
            "ffn_dropout": 0.1599972023188427,
            "initialization": "kaiming",
            "n_heads": 8,
            "n_layers": 1,
            "prenormalization": true,
            "residual_dropout": 0.0
        },
        "seed": 3,
        "training": {
            "batch_size": 256,
            "eval_batch_size": 32,
            "lr": 2.76684223777323e-05,
            "n_epochs": 1000000000,
            "optimizer": "adamw",
            "patience": 16,
            "weight_decay": 0.0002354064360804708
        }
    },
    "environment": {
        "devices": {
            "CUDA_VISIBLE_DEVICES": null,
            "torch.version.cuda": "10.1",
            "torch.backends.cudnn.version()": 7603,
            "torch.cuda.nccl.version()": 2708,
            "driver": "470.256.02"
        }
    },
    "epoch_size": 10,
    "n_parameters": 2076435,
    "best_epoch": 49,
    "metrics": {
        "train": {
            "0": {
                "precision": 0.9547228727556596,
                "recall": 0.9967400162999185,
                "f1-score": 0.9752791068580542,
                "support": 1227
            },
            "1": {
                "precision": 0.9968627450980392,
                "recall": 0.9563581640331076,
                "f1-score": 0.9761904761904762,
                "support": 1329
            },
            "accuracy": 0.9757433489827856,
            "macro avg": {
                "precision": 0.9757928089268494,
                "recall": 0.976549090166513,
                "f1-score": 0.9757347915242651,
                "support": 2556
            },
            "weighted avg": {
                "precision": 0.9766336279759344,
                "recall": 0.9757433489827856,
                "f1-score": 0.9757529761236209,
                "support": 2556
            },
            "roc_auc": 0.9971858417607836,
            "score": 0.9757433489827856
        },
        "val": {
            "0": {
                "precision": 0.9090909090909091,
                "recall": 0.9933774834437086,
                "f1-score": 0.9493670886075949,
                "support": 151
            },
            "1": {
                "precision": 0.9935483870967742,
                "recall": 0.9112426035502958,
                "f1-score": 0.9506172839506174,
                "support": 169
            },
            "accuracy": 0.95,
            "macro avg": {
                "precision": 0.9513196480938416,
                "recall": 0.9523100434970022,
                "f1-score": 0.9499921862791061,
                "support": 320
            },
            "weighted avg": {
                "precision": 0.9536950146627566,
                "recall": 0.95,
                "f1-score": 0.9500273480231286,
                "support": 320
            },
            "roc_auc": 0.9907128022257926,
            "score": 0.95
        },
        "test": {
            "0": {
                "precision": 0.9254658385093167,
                "recall": 1.0,
                "f1-score": 0.9612903225806452,
                "support": 149
            },
            "1": {
                "precision": 1.0,
                "recall": 0.9298245614035088,
                "f1-score": 0.9636363636363636,
                "support": 171
            },
            "accuracy": 0.9625,
            "macro avg": {
                "precision": 0.9627329192546583,
                "recall": 0.9649122807017544,
                "f1-score": 0.9624633431085043,
                "support": 320
            },
            "weighted avg": {
                "precision": 0.9652950310559006,
                "recall": 0.9625,
                "f1-score": 0.9625439882697947,
                "support": 320
            },
            "roc_auc": 0.9963499352407865,
            "score": 0.9625
        }
    },
    "time": "0:02:23"
}
