{
    "dataset": "adult_algo_3",
    "algorithm": "mlp_mha",
    "config": {
        "data": {
            "cat_policy": "ohe",
            "normalization": "quantile",
            "path": "data/adult_algo_3"
        },
        "model": {
            "d_embedding": 462,
            "d_layers": [
                54,
                397,
                397,
                122
            ],
            "dropout": 0.1285521852733068
        },
        "seed": 5,
        "training": {
            "batch_size": 256,
            "eval_batch_size": 8192,
            "lr": 0.0002069209865653834,
            "n_epochs": 1000000000,
            "optimizer": "adamw",
            "patience": 16,
            "weight_decay": 0.0
        }
    },
    "environment": {
        "devices": {
            "CUDA_VISIBLE_DEVICES": null,
            "torch.version.cuda": "10.1",
            "torch.backends.cudnn.version()": 7603,
            "torch.cuda.nccl.version()": 2708,
            "driver": "470.256.02"
        }
    },
    "epoch_size": 153,
    "n_parameters": 3348886,
    "best_epoch": 14,
    "metrics": {
        "train": {
            "0": {
                "precision": 0.8949334199415394,
                "recall": 0.9264676215452895,
                "f1-score": 0.9104275424568823,
                "support": 29742
            },
            "1": {
                "precision": 0.7359971028488653,
                "recall": 0.6533433347621088,
                "f1-score": 0.692211625794732,
                "support": 9332
            },
            "accuracy": 0.8612376516353586,
            "macro avg": {
                "precision": 0.8154652613952024,
                "recall": 0.7899054781536992,
                "f1-score": 0.8013195841258072,
                "support": 39074
            },
            "weighted avg": {
                "precision": 0.856974835944282,
                "recall": 0.8612376516353586,
                "f1-score": 0.8583112775674114,
                "support": 39074
            },
            "roc_auc": 0.918035813813916,
            "score": 0.8612376516353586
        },
        "val": {
            "0": {
                "precision": 0.8858554342173687,
                "recall": 0.92732716385411,
                "f1-score": 0.9061170212765958,
                "support": 3674
            },
            "1": {
                "precision": 0.7427745664739884,
                "recall": 0.6371900826446281,
                "f1-score": 0.6859430604982207,
                "support": 1210
            },
            "accuracy": 0.8554463554463555,
            "macro avg": {
                "precision": 0.8143150003456785,
                "recall": 0.782258623249369,
                "f1-score": 0.7960300408874083,
                "support": 4884
            },
            "weighted avg": {
                "precision": 0.8504074714881529,
                "recall": 0.8554463554463555,
                "f1-score": 0.8515694183810525,
                "support": 4884
            },
            "roc_auc": 0.9085031289787068,
            "score": 0.8554463554463555
        },
        "test": {
            "0": {
                "precision": 0.896248382923674,
                "recall": 0.926450922706606,
                "f1-score": 0.9110994213571804,
                "support": 3739
            },
            "1": {
                "precision": 0.7301275760549558,
                "recall": 0.6497816593886463,
                "f1-score": 0.6876155268022182,
                "support": 1145
            },
            "accuracy": 0.8615888615888616,
            "macro avg": {
                "precision": 0.8131879794893149,
                "recall": 0.7881162910476261,
                "f1-score": 0.7993574740796993,
                "support": 4884
            },
            "weighted avg": {
                "precision": 0.8573031896671871,
                "recall": 0.8615888615888616,
                "f1-score": 0.8587060840792461,
                "support": 4884
            },
            "roc_auc": 0.9100396972312379,
            "score": 0.8615888615888616
        }
    },
    "time": "0:03:52"
}
