{
    "dataset": "bank_marketing",
    "algorithm": "ft_transformer",
    "config": {
        "data": {
            "cat_policy": "indices",
            "normalization": "quantile",
            "path": "data/bank_marketing"
        },
        "model": {
            "activation": "reglu",
            "attention_dropout": 0.1637753297849404,
            "d_ffn_factor": 1.042701491424939,
            "d_token": 176,
            "ffn_dropout": 0.4209548452479506,
            "initialization": "kaiming",
            "n_heads": 8,
            "n_layers": 4,
            "prenormalization": true,
            "residual_dropout": 0.0
        },
        "seed": 5,
        "training": {
            "batch_size": 256,
            "eval_batch_size": 8192,
            "lr": 0.0001871965269901442,
            "n_epochs": 1000000000,
            "optimizer": "adamw",
            "patience": 16,
            "weight_decay": 1.580780572230625e-05
        }
    },
    "environment": {
        "devices": {
            "CUDA_VISIBLE_DEVICES": null,
            "torch.version.cuda": "11.7",
            "torch.backends.cudnn.version()": 8500,
            "torch.cuda.nccl.version()": [
                2,
                14,
                3
            ],
            "driver": "560.35.03"
        }
    },
    "epoch_size": 142,
    "n_parameters": 902057,
    "best_epoch": 31,
    "metrics": {
        "train": {
            "0": {
                "precision": 0.9389370637822159,
                "recall": 0.9720362840162653,
                "f1-score": 0.955200024590038,
                "support": 31970
            },
            "1": {
                "precision": 0.7088896125040703,
                "recall": 0.5185802763220582,
                "f1-score": 0.5989819782638603,
                "support": 4198
            },
            "accuracy": 0.9194038929440389,
            "macro avg": {
                "precision": 0.8239133381431432,
                "recall": 0.7453082801691617,
                "f1-score": 0.7770910014269492,
                "support": 36168
            },
            "weighted avg": {
                "precision": 0.9122355817963262,
                "recall": 0.9194038929440389,
                "f1-score": 0.9138539905688787,
                "support": 36168
            },
            "roc_auc": 0.9526590592389274,
            "score": 0.9194038929440389
        },
        "val": {
            "0": {
                "precision": 0.9353281853281853,
                "recall": 0.9682737946540095,
                "f1-score": 0.9515158954216276,
                "support": 4003
            },
            "1": {
                "precision": 0.6631299734748011,
                "recall": 0.4826254826254826,
                "f1-score": 0.5586592178770949,
                "support": 518
            },
            "accuracy": 0.9126299491262995,
            "macro avg": {
                "precision": 0.7992290794014931,
                "recall": 0.7254496386397461,
                "f1-score": 0.7550875566493613,
                "support": 4521
            },
            "weighted avg": {
                "precision": 0.9041406883717479,
                "recall": 0.9126299491262995,
                "f1-score": 0.9065037832853595,
                "support": 4521
            },
            "roc_auc": 0.9358883347142152,
            "score": 0.9126299491262995
        },
        "test": {
            "0": {
                "precision": 0.9308755760368663,
                "recall": 0.9718916181311724,
                "f1-score": 0.9509415262636273,
                "support": 3949
            },
            "1": {
                "precision": 0.7218045112781954,
                "recall": 0.5026178010471204,
                "f1-score": 0.5925925925925924,
                "support": 573
            },
            "accuracy": 0.9124281291463954,
            "macro avg": {
                "precision": 0.8263400436575309,
                "recall": 0.7372547095891464,
                "f1-score": 0.7717670594281099,
                "support": 4522
            },
            "weighted avg": {
                "precision": 0.9043833778708517,
                "recall": 0.9124281291463954,
                "f1-score": 0.9055337555883723,
                "support": 4522
            },
            "roc_auc": 0.9380866961260435,
            "score": 0.9124281291463954
        }
    },
    "time": "0:23:43"
}
