{
    "config": {
        "data": {
            "cat_policy": "ohe",
            "path": "data/eucalyptus"
        },
        "fit": {
            "early_stopping_rounds": 50,
            "verbose": false
        },
        "model": {
            "alpha": 0.0007476573580254821,
            "booster": "gbtree",
            "colsample_bylevel": 0.7663952296128965,
            "colsample_bytree": 0.9688269813495931,
            "gamma": 0,
            "lambda": 0,
            "learning_rate": 0.5183745037033529,
            "max_depth": 4,
            "min_child_weight": 1.537484829218048e-06,
            "n_estimators": 2000,
            "n_jobs": -1,
            "subsample": 0.7635302636669078,
            "tree_method": "gpu_hist"
        },
        "seed": 2
    },
    "environment": {
        "devices": {
            "CUDA_VISIBLE_DEVICES": null,
            "torch.version.cuda": "10.1",
            "torch.backends.cudnn.version()": 7603,
            "torch.cuda.nccl.version()": 2708,
            "driver": "470.256.02"
        }
    },
    "dataset": "eucalyptus",
    "algorithm": "xgboost_",
    "metrics": {
        "train": {
            "0": {
                "precision": 1.0,
                "recall": 1.0,
                "f1-score": 1.0,
                "support": 145
            },
            "1": {
                "precision": 1.0,
                "recall": 1.0,
                "f1-score": 1.0,
                "support": 84
            },
            "2": {
                "precision": 1.0,
                "recall": 0.9629629629629629,
                "f1-score": 0.9811320754716981,
                "support": 108
            },
            "3": {
                "precision": 0.9655172413793104,
                "recall": 1.0,
                "f1-score": 0.9824561403508771,
                "support": 168
            },
            "4": {
                "precision": 1.0,
                "recall": 0.9759036144578314,
                "f1-score": 0.9878048780487805,
                "support": 83
            },
            "accuracy": 0.9897959183673469,
            "macro avg": {
                "precision": 0.993103448275862,
                "recall": 0.9877733154841588,
                "f1-score": 0.9902786187742711,
                "support": 588
            },
            "weighted avg": {
                "precision": 0.9901477832512317,
                "recall": 0.9897959183673469,
                "f1-score": 0.9898005112379925,
                "support": 588
            },
            "score": 0.9897959183673469
        },
        "val": {
            "0": {
                "precision": 0.8,
                "recall": 1.0,
                "f1-score": 0.888888888888889,
                "support": 12
            },
            "1": {
                "precision": 0.7777777777777778,
                "recall": 0.6363636363636364,
                "f1-score": 0.7000000000000001,
                "support": 11
            },
            "2": {
                "precision": 0.8,
                "recall": 0.6153846153846154,
                "f1-score": 0.6956521739130435,
                "support": 13
            },
            "3": {
                "precision": 0.6470588235294118,
                "recall": 0.88,
                "f1-score": 0.7457627118644068,
                "support": 25
            },
            "4": {
                "precision": 0.6666666666666666,
                "recall": 0.3076923076923077,
                "f1-score": 0.42105263157894735,
                "support": 13
            },
            "accuracy": 0.7162162162162162,
            "macro avg": {
                "precision": 0.7383006535947713,
                "recall": 0.6878881118881118,
                "f1-score": 0.6902712812490572,
                "support": 74
            },
            "weighted avg": {
                "precision": 0.7216039568980744,
                "recall": 0.7162162162162162,
                "f1-score": 0.6963229315496312,
                "support": 74
            },
            "score": 0.7162162162162162
        },
        "test": {
            "0": {
                "precision": 0.8181818181818182,
                "recall": 0.782608695652174,
                "f1-score": 0.8,
                "support": 23
            },
            "1": {
                "precision": 0.45454545454545453,
                "recall": 0.4166666666666667,
                "f1-score": 0.43478260869565216,
                "support": 12
            },
            "2": {
                "precision": 0.23076923076923078,
                "recall": 0.3333333333333333,
                "f1-score": 0.27272727272727276,
                "support": 9
            },
            "3": {
                "precision": 0.64,
                "recall": 0.7619047619047619,
                "f1-score": 0.6956521739130435,
                "support": 21
            },
            "4": {
                "precision": 1.0,
                "recall": 0.3333333333333333,
                "f1-score": 0.5,
                "support": 9
            },
            "accuracy": 0.6081081081081081,
            "macro avg": {
                "precision": 0.6286993006993007,
                "recall": 0.5255693581780538,
                "f1-score": 0.5406324110671937,
                "support": 74
            },
            "weighted avg": {
                "precision": 0.6593195993195994,
                "recall": 0.6081081081081081,
                "f1-score": 0.6105490866360431,
                "support": 74
            },
            "score": 0.6081081081081081
        }
    },
    "time": "0:00:01"
}
