{
    "dataset": "credit-approval_algo_3",
    "algorithm": "mlp_mha",
    "config": {
        "data": {
            "cat_policy": "indices",
            "normalization": "quantile",
            "path": "data/credit-approval_algo_3"
        },
        "model": {
            "d_embedding": 254,
            "d_layers": [
                381
            ],
            "dropout": 0.2681497445040155
        },
        "seed": 0,
        "training": {
            "batch_size": 128,
            "eval_batch_size": 32,
            "lr": 0.0007637429136171826,
            "n_epochs": 1000000000,
            "optimizer": "adamw",
            "patience": 16,
            "weight_decay": 0.0
        }
    },
    "environment": {
        "devices": {
            "CUDA_VISIBLE_DEVICES": null,
            "torch.version.cuda": "10.1",
            "torch.backends.cudnn.version()": 7603,
            "torch.cuda.nccl.version()": 2708,
            "driver": "470.256.02"
        }
    },
    "epoch_size": 5,
    "n_parameters": 38644693,
    "best_epoch": 15,
    "metrics": {
        "train": {
            "0": {
                "precision": 0.8996960486322189,
                "recall": 0.9396825396825397,
                "f1-score": 0.9192546583850931,
                "support": 315
            },
            "1": {
                "precision": 0.9147982062780269,
                "recall": 0.8607594936708861,
                "f1-score": 0.8869565217391304,
                "support": 237
            },
            "accuracy": 0.9057971014492754,
            "macro avg": {
                "precision": 0.9072471274551228,
                "recall": 0.9002210166767128,
                "f1-score": 0.9031055900621118,
                "support": 552
            },
            "weighted avg": {
                "precision": 0.9061801271866691,
                "recall": 0.9057971014492754,
                "f1-score": 0.9053875236294895,
                "support": 552
            },
            "roc_auc": 0.9673699015471168,
            "score": 0.9057971014492754
        },
        "val": {
            "0": {
                "precision": 0.9210526315789473,
                "recall": 0.9210526315789473,
                "f1-score": 0.9210526315789473,
                "support": 38
            },
            "1": {
                "precision": 0.9032258064516129,
                "recall": 0.9032258064516129,
                "f1-score": 0.9032258064516129,
                "support": 31
            },
            "accuracy": 0.9130434782608695,
            "macro avg": {
                "precision": 0.9121392190152802,
                "recall": 0.9121392190152802,
                "f1-score": 0.9121392190152802,
                "support": 69
            },
            "weighted avg": {
                "precision": 0.9130434782608695,
                "recall": 0.9130434782608695,
                "f1-score": 0.9130434782608695,
                "support": 69
            },
            "roc_auc": 0.9185059422750425,
            "score": 0.9130434782608695
        },
        "test": {
            "0": {
                "precision": 0.7567567567567568,
                "recall": 0.9333333333333333,
                "f1-score": 0.835820895522388,
                "support": 30
            },
            "1": {
                "precision": 0.9375,
                "recall": 0.7692307692307693,
                "f1-score": 0.8450704225352113,
                "support": 39
            },
            "accuracy": 0.8405797101449275,
            "macro avg": {
                "precision": 0.8471283783783784,
                "recall": 0.8512820512820514,
                "f1-score": 0.8404456590287996,
                "support": 69
            },
            "weighted avg": {
                "precision": 0.85891598119859,
                "recall": 0.8405797101449275,
                "f1-score": 0.8410488890513751,
                "support": 69
            },
            "roc_auc": 0.8777777777777779,
            "score": 0.8405797101449275
        }
    },
    "time": "0:01:38"
}
