{
    "config": {
        "data": {
            "cat_policy": "ohe",
            "path": "data/credit-g"
        },
        "fit": {
            "early_stopping_rounds": 50,
            "verbose": false
        },
        "model": {
            "alpha": 0,
            "booster": "gbtree",
            "colsample_bylevel": 0.6040514356057036,
            "colsample_bytree": 0.5876097317209871,
            "gamma": 0.0009972538800380253,
            "lambda": 2.886850217417765e-07,
            "learning_rate": 0.163011966646272,
            "max_depth": 5,
            "min_child_weight": 0.01792550419215392,
            "n_estimators": 2000,
            "n_jobs": -1,
            "subsample": 0.8580292141839648,
            "tree_method": "gpu_hist"
        },
        "seed": 0
    },
    "environment": {
        "devices": {
            "CUDA_VISIBLE_DEVICES": null,
            "torch.version.cuda": "10.1",
            "torch.backends.cudnn.version()": 7603,
            "torch.cuda.nccl.version()": 2708,
            "driver": "470.256.02"
        }
    },
    "dataset": "credit-g",
    "algorithm": "xgboost_",
    "metrics": {
        "train": {
            "0": {
                "precision": 0.9715639810426541,
                "recall": 0.8506224066390041,
                "f1-score": 0.9070796460176992,
                "support": 241
            },
            "1": {
                "precision": 0.9388794567062818,
                "recall": 0.9892665474060823,
                "f1-score": 0.9634146341463414,
                "support": 559
            },
            "accuracy": 0.9475,
            "macro avg": {
                "precision": 0.9552217188744679,
                "recall": 0.9199444770225432,
                "f1-score": 0.9352471400820204,
                "support": 800
            },
            "weighted avg": {
                "precision": 0.9487256696626138,
                "recall": 0.9475,
                "f1-score": 0.9464437189725879,
                "support": 800
            },
            "roc_auc": 0.9937054164594452,
            "score": 0.9475
        },
        "val": {
            "0": {
                "precision": 0.88,
                "recall": 0.7096774193548387,
                "f1-score": 0.7857142857142856,
                "support": 31
            },
            "1": {
                "precision": 0.88,
                "recall": 0.9565217391304348,
                "f1-score": 0.9166666666666666,
                "support": 69
            },
            "accuracy": 0.88,
            "macro avg": {
                "precision": 0.88,
                "recall": 0.8330995792426368,
                "f1-score": 0.851190476190476,
                "support": 100
            },
            "weighted avg": {
                "precision": 0.88,
                "recall": 0.88,
                "f1-score": 0.8760714285714286,
                "support": 100
            },
            "roc_auc": 0.884525479195886,
            "score": 0.88
        },
        "test": {
            "0": {
                "precision": 0.5294117647058824,
                "recall": 0.32142857142857145,
                "f1-score": 0.39999999999999997,
                "support": 28
            },
            "1": {
                "precision": 0.7710843373493976,
                "recall": 0.8888888888888888,
                "f1-score": 0.8258064516129032,
                "support": 72
            },
            "accuracy": 0.73,
            "macro avg": {
                "precision": 0.65024805102764,
                "recall": 0.6051587301587301,
                "f1-score": 0.6129032258064516,
                "support": 100
            },
            "weighted avg": {
                "precision": 0.7034160170092133,
                "recall": 0.73,
                "f1-score": 0.7065806451612903,
                "support": 100
            },
            "roc_auc": 0.7113095238095238,
            "score": 0.73
        }
    },
    "time": "0:00:01"
}
