{
    "dataset": "analcatdata",
    "algorithm": "ft_transformer",
    "config": {
        "data": {
            "cat_policy": "indices",
            "normalization": "quantile",
            "path": "data/analcatdata"
        },
        "model": {
            "activation": "reglu",
            "attention_dropout": 0.2368040226368552,
            "d_ffn_factor": 2.268488170625955,
            "d_token": 296,
            "ffn_dropout": 0.3902645881432277,
            "initialization": "kaiming",
            "n_heads": 8,
            "n_layers": 3,
            "prenormalization": true,
            "residual_dropout": 0.1279842042655048
        },
        "seed": 5,
        "training": {
            "batch_size": 256,
            "eval_batch_size": 8192,
            "lr": 1.935114088559527e-05,
            "n_epochs": 1000000000,
            "optimizer": "adamw",
            "patience": 16,
            "weight_decay": 0.0006823493012435792
        }
    },
    "environment": {
        "devices": {
            "CUDA_VISIBLE_DEVICES": null,
            "torch.version.cuda": "10.1",
            "torch.backends.cudnn.version()": 7603,
            "torch.cuda.nccl.version()": 2708,
            "driver": "470.256.02"
        }
    },
    "epoch_size": 3,
    "n_parameters": 2860432,
    "best_epoch": 12,
    "metrics": {
        "train": {
            "0": {
                "precision": 0.3333333333333333,
                "recall": 0.1111111111111111,
                "f1-score": 0.16666666666666666,
                "support": 108
            },
            "1": {
                "precision": 0.0,
                "recall": 0.0,
                "f1-score": 0.0,
                "support": 95
            },
            "2": {
                "precision": 0.29411764705882354,
                "recall": 0.046296296296296294,
                "f1-score": 0.08,
                "support": 108
            },
            "3": {
                "precision": 0.2391304347826087,
                "recall": 0.1981981981981982,
                "f1-score": 0.2167487684729064,
                "support": 111
            },
            "4": {
                "precision": 0.21153846153846154,
                "recall": 0.3793103448275862,
                "f1-score": 0.2716049382716049,
                "support": 116
            },
            "5": {
                "precision": 0.21908127208480566,
                "recall": 0.6262626262626263,
                "f1-score": 0.32460732984293195,
                "support": 99
            },
            "accuracy": 0.22762951334379905,
            "macro avg": {
                "precision": 0.21620019146633876,
                "recall": 0.22686309611596966,
                "f1-score": 0.17660461720901832,
                "support": 637
            },
            "weighted avg": {
                "precision": 0.2206211799341912,
                "recall": 0.22762951334379905,
                "f1-score": 0.1794998615297473,
                "support": 637
            },
            "score": 0.22762951334379905
        },
        "val": {
            "0": {
                "precision": 0.5,
                "recall": 0.058823529411764705,
                "f1-score": 0.10526315789473684,
                "support": 17
            },
            "1": {
                "precision": 0.0,
                "recall": 0.0,
                "f1-score": 0.0,
                "support": 12
            },
            "2": {
                "precision": 0.0,
                "recall": 0.0,
                "f1-score": 0.0,
                "support": 6
            },
            "3": {
                "precision": 0.2857142857142857,
                "recall": 0.4,
                "f1-score": 0.3333333333333333,
                "support": 10
            },
            "4": {
                "precision": 0.30434782608695654,
                "recall": 0.3333333333333333,
                "f1-score": 0.31818181818181823,
                "support": 21
            },
            "5": {
                "precision": 0.225,
                "recall": 0.6428571428571429,
                "f1-score": 0.33333333333333337,
                "support": 14
            },
            "accuracy": 0.2625,
            "macro avg": {
                "precision": 0.21917701863354036,
                "recall": 0.23916900093370685,
                "f1-score": 0.18168527379053692,
                "support": 80
            },
            "weighted avg": {
                "precision": 0.2612305900621118,
                "recall": 0.2625,
                "f1-score": 0.20589114832535887,
                "support": 80
            },
            "score": 0.2625
        },
        "test": {
            "0": {
                "precision": 0.2,
                "recall": 0.09090909090909091,
                "f1-score": 0.12500000000000003,
                "support": 11
            },
            "1": {
                "precision": 0.0,
                "recall": 0.0,
                "f1-score": 0.0,
                "support": 17
            },
            "2": {
                "precision": 0.0,
                "recall": 0.0,
                "f1-score": 0.0,
                "support": 13
            },
            "3": {
                "precision": 0.1875,
                "recall": 0.2727272727272727,
                "f1-score": 0.2222222222222222,
                "support": 11
            },
            "4": {
                "precision": 0.23076923076923078,
                "recall": 0.3333333333333333,
                "f1-score": 0.27272727272727276,
                "support": 18
            },
            "5": {
                "precision": 0.24242424242424243,
                "recall": 0.8,
                "f1-score": 0.372093023255814,
                "support": 10
            },
            "accuracy": 0.225,
            "macro avg": {
                "precision": 0.1434489121989122,
                "recall": 0.24949494949494952,
                "f1-score": 0.16534041970088484,
                "support": 80
            },
            "weighted avg": {
                "precision": 0.13550735722610724,
                "recall": 0.225,
                "f1-score": 0.1556183198261687,
                "support": 80
            },
            "score": 0.225
        }
    },
    "time": "0:00:13"
}
