{
    "dataset": "kr-vs-kp",
    "algorithm": "ft_transformer",
    "config": {
        "data": {
            "cat_policy": "indices",
            "normalization": "quantile",
            "path": "data/kr-vs-kp"
        },
        "model": {
            "activation": "reglu",
            "attention_dropout": 0.06504516027258544,
            "d_ffn_factor": 2.282242023418398,
            "d_token": 432,
            "ffn_dropout": 0.1599972023188427,
            "initialization": "kaiming",
            "n_heads": 8,
            "n_layers": 1,
            "prenormalization": true,
            "residual_dropout": 0.0
        },
        "seed": 10,
        "training": {
            "batch_size": 256,
            "eval_batch_size": 32,
            "lr": 2.76684223777323e-05,
            "n_epochs": 1000000000,
            "optimizer": "adamw",
            "patience": 16,
            "weight_decay": 0.0002354064360804708
        }
    },
    "environment": {
        "devices": {
            "CUDA_VISIBLE_DEVICES": null,
            "torch.version.cuda": "10.1",
            "torch.backends.cudnn.version()": 7603,
            "torch.cuda.nccl.version()": 2708,
            "driver": "470.256.02"
        }
    },
    "epoch_size": 10,
    "n_parameters": 2076435,
    "best_epoch": 51,
    "metrics": {
        "train": {
            "0": {
                "precision": 0.960691823899371,
                "recall": 0.9959250203748982,
                "f1-score": 0.9779911964785916,
                "support": 1227
            },
            "1": {
                "precision": 0.9961059190031153,
                "recall": 0.9623777276147479,
                "f1-score": 0.9789513968618447,
                "support": 1329
            },
            "accuracy": 0.9784820031298904,
            "macro avg": {
                "precision": 0.9783988714512432,
                "recall": 0.979151373994823,
                "f1-score": 0.9784712966702181,
                "support": 2556
            },
            "weighted avg": {
                "precision": 0.9791054907197452,
                "recall": 0.9784820031298904,
                "f1-score": 0.978490455598053,
                "support": 2556
            },
            "roc_auc": 0.9968589848548124,
            "score": 0.9784820031298904
        },
        "val": {
            "0": {
                "precision": 0.9146341463414634,
                "recall": 0.9933774834437086,
                "f1-score": 0.9523809523809523,
                "support": 151
            },
            "1": {
                "precision": 0.9935897435897436,
                "recall": 0.9171597633136095,
                "f1-score": 0.9538461538461538,
                "support": 169
            },
            "accuracy": 0.953125,
            "macro avg": {
                "precision": 0.9541119449656035,
                "recall": 0.955268623378659,
                "f1-score": 0.9531135531135531,
                "support": 320
            },
            "weighted avg": {
                "precision": 0.9563325711382114,
                "recall": 0.953125,
                "f1-score": 0.9531547619047618,
                "support": 320
            },
            "roc_auc": 0.9865982209334221,
            "score": 0.953125
        },
        "test": {
            "0": {
                "precision": 0.9254658385093167,
                "recall": 1.0,
                "f1-score": 0.9612903225806452,
                "support": 149
            },
            "1": {
                "precision": 1.0,
                "recall": 0.9298245614035088,
                "f1-score": 0.9636363636363636,
                "support": 171
            },
            "accuracy": 0.9625,
            "macro avg": {
                "precision": 0.9627329192546583,
                "recall": 0.9649122807017544,
                "f1-score": 0.9624633431085043,
                "support": 320
            },
            "weighted avg": {
                "precision": 0.9652950310559006,
                "recall": 0.9625,
                "f1-score": 0.9625439882697947,
                "support": 320
            },
            "roc_auc": 0.9950155029632246,
            "score": 0.9625
        }
    },
    "time": "0:02:25"
}
