{
    "dataset": "credit-approval",
    "algorithm": "ft_transformer",
    "config": {
        "data": {
            "cat_policy": "indices",
            "normalization": "quantile",
            "path": "data/credit-approval"
        },
        "model": {
            "activation": "reglu",
            "attention_dropout": 0.233290477619195,
            "d_ffn_factor": 0.99706432931555,
            "d_token": 128,
            "ffn_dropout": 0.0009890009363509866,
            "initialization": "kaiming",
            "n_heads": 8,
            "n_layers": 3,
            "prenormalization": true,
            "residual_dropout": 0.0
        },
        "seed": 9,
        "training": {
            "batch_size": 256,
            "eval_batch_size": 8192,
            "lr": 0.0001011792044375919,
            "n_epochs": 1000000000,
            "optimizer": "adamw",
            "patience": 16,
            "weight_decay": 4.193215697451236e-06
        }
    },
    "environment": {
        "devices": {
            "CUDA_VISIBLE_DEVICES": null,
            "torch.version.cuda": "10.1",
            "torch.backends.cudnn.version()": 7603,
            "torch.cuda.nccl.version()": 2708,
            "driver": "470.256.02"
        }
    },
    "epoch_size": 3,
    "n_parameters": 355835,
    "best_epoch": 18,
    "metrics": {
        "train": {
            "0": {
                "precision": 0.9140127388535032,
                "recall": 0.9111111111111111,
                "f1-score": 0.9125596184419714,
                "support": 315
            },
            "1": {
                "precision": 0.8823529411764706,
                "recall": 0.8860759493670886,
                "f1-score": 0.8842105263157894,
                "support": 237
            },
            "accuracy": 0.9003623188405797,
            "macro avg": {
                "precision": 0.8981828400149869,
                "recall": 0.8985935302390998,
                "f1-score": 0.8983850723788804,
                "support": 552
            },
            "weighted avg": {
                "precision": 0.9004196735465164,
                "recall": 0.9003623188405797,
                "f1-score": 0.9003879973660562,
                "support": 552
            },
            "roc_auc": 0.9599490991896056,
            "score": 0.9003623188405797
        },
        "val": {
            "0": {
                "precision": 0.9210526315789473,
                "recall": 0.9210526315789473,
                "f1-score": 0.9210526315789473,
                "support": 38
            },
            "1": {
                "precision": 0.9032258064516129,
                "recall": 0.9032258064516129,
                "f1-score": 0.9032258064516129,
                "support": 31
            },
            "accuracy": 0.9130434782608695,
            "macro avg": {
                "precision": 0.9121392190152802,
                "recall": 0.9121392190152802,
                "f1-score": 0.9121392190152802,
                "support": 69
            },
            "weighted avg": {
                "precision": 0.9130434782608695,
                "recall": 0.9130434782608695,
                "f1-score": 0.9130434782608695,
                "support": 69
            },
            "roc_auc": 0.9269949066213922,
            "score": 0.9130434782608695
        },
        "test": {
            "0": {
                "precision": 0.7647058823529411,
                "recall": 0.8666666666666667,
                "f1-score": 0.8125,
                "support": 30
            },
            "1": {
                "precision": 0.8857142857142857,
                "recall": 0.7948717948717948,
                "f1-score": 0.8378378378378378,
                "support": 39
            },
            "accuracy": 0.8260869565217391,
            "macro avg": {
                "precision": 0.8252100840336134,
                "recall": 0.8307692307692307,
                "f1-score": 0.8251689189189189,
                "support": 69
            },
            "weighted avg": {
                "precision": 0.8331019364267446,
                "recall": 0.8260869565217391,
                "f1-score": 0.8268213866039953,
                "support": 69
            },
            "roc_auc": 0.9273504273504273,
            "score": 0.8260869565217391
        }
    },
    "time": "0:00:09"
}
