{
    "dataset": "sick",
    "algorithm": "resnet",
    "config": {
        "data": {
            "cat_policy": "indices",
            "normalization": "quantile",
            "path": "data/sick"
        },
        "model": {
            "activation": "relu",
            "d": 310,
            "d_embedding": 126,
            "d_hidden_factor": 2.840858920403509,
            "hidden_dropout": 0.3881354102712599,
            "n_layers": 3,
            "normalization": "batchnorm",
            "residual_dropout": 0.0
        },
        "seed": 3,
        "training": {
            "batch_size": 256,
            "eval_batch_size": 8192,
            "lr": 0.004864724374345986,
            "n_epochs": 1000000000,
            "optimizer": "adamw",
            "patience": 16,
            "weight_decay": 0.0
        }
    },
    "environment": {
        "devices": {
            "CUDA_VISIBLE_DEVICES": null,
            "torch.version.cuda": "10.1",
            "torch.backends.cudnn.version()": 7603,
            "torch.cuda.nccl.version()": 2708,
            "driver": "470.256.02"
        }
    },
    "epoch_size": 12,
    "n_parameters": 2510573,
    "best_epoch": 25,
    "metrics": {
        "train": {
            "0": {
                "precision": 0.9928545909253305,
                "recall": 0.9840651558073654,
                "f1-score": 0.9884403343410991,
                "support": 2824
            },
            "1": {
                "precision": 0.7935779816513762,
                "recall": 0.8963730569948186,
                "f1-score": 0.8418491484184915,
                "support": 193
            },
            "accuracy": 0.9784554192906861,
            "macro avg": {
                "precision": 0.8932162862883533,
                "recall": 0.9402191064010921,
                "f1-score": 0.9151447413797953,
                "support": 3017
            },
            "weighted avg": {
                "precision": 0.980106700441448,
                "recall": 0.9784554192906861,
                "f1-score": 0.9790627742207599,
                "support": 3017
            },
            "roc_auc": 0.9946810462504954,
            "score": 0.9784554192906861
        },
        "val": {
            "0": {
                "precision": 0.9943820224719101,
                "recall": 0.9915966386554622,
                "f1-score": 0.9929873772791025,
                "support": 357
            },
            "1": {
                "precision": 0.8571428571428571,
                "recall": 0.9,
                "f1-score": 0.8780487804878048,
                "support": 20
            },
            "accuracy": 0.986737400530504,
            "macro avg": {
                "precision": 0.9257624398073836,
                "recall": 0.9457983193277311,
                "f1-score": 0.9355180788834536,
                "support": 377
            },
            "weighted avg": {
                "precision": 0.9871014301467614,
                "recall": 0.986737400530504,
                "f1-score": 0.9868898389877869,
                "support": 377
            },
            "roc_auc": 0.9914565826330533,
            "score": 0.986737400530504
        },
        "test": {
            "0": {
                "precision": 0.9915014164305949,
                "recall": 0.9722222222222222,
                "f1-score": 0.9817671809256662,
                "support": 360
            },
            "1": {
                "precision": 0.6,
                "recall": 0.8333333333333334,
                "f1-score": 0.6976744186046512,
                "support": 18
            },
            "accuracy": 0.9656084656084656,
            "macro avg": {
                "precision": 0.7957507082152975,
                "recall": 0.9027777777777778,
                "f1-score": 0.8397207997651587,
                "support": 378
            },
            "weighted avg": {
                "precision": 0.9728584918386618,
                "recall": 0.9656084656084656,
                "f1-score": 0.9682389541484749,
                "support": 378
            },
            "roc_auc": 0.9851851851851853,
            "score": 0.9656084656084656
        }
    },
    "time": "0:00:31"
}
