{
    "dataset": "dresses-sales",
    "algorithm": "ft_transformer",
    "config": {
        "data": {
            "cat_policy": "indices",
            "normalization": "quantile",
            "path": "data/dresses-sales"
        },
        "model": {
            "activation": "reglu",
            "attention_dropout": 0.2744067519636624,
            "d_ffn_factor": 2.097045399411506,
            "d_token": 88,
            "ffn_dropout": 0.4289728088113784,
            "initialization": "kaiming",
            "n_heads": 8,
            "n_layers": 4,
            "prenormalization": true,
            "residual_dropout": 0.1247127393571945
        },
        "seed": 4,
        "training": {
            "batch_size": 256,
            "eval_batch_size": 8192,
            "lr": 5.871694001325904e-05,
            "n_epochs": 1000000000,
            "optimizer": "adamw",
            "patience": 16,
            "weight_decay": 7.809150983452712e-06
        }
    },
    "environment": {},
    "epoch_size": 2,
    "n_parameters": 338425,
    "best_epoch": 37,
    "metrics": {
        "train": {
            "0": {
                "precision": 0.655688622754491,
                "recall": 0.9201680672268907,
                "f1-score": 0.7657342657342657,
                "support": 238
            },
            "1": {
                "precision": 0.7466666666666667,
                "recall": 0.32748538011695905,
                "f1-score": 0.4552845528455285,
                "support": 171
            },
            "accuracy": 0.6723716381418093,
            "macro avg": {
                "precision": 0.7011776447105789,
                "recall": 0.6238267236719248,
                "f1-score": 0.610509409289897,
                "support": 409
            },
            "weighted avg": {
                "precision": 0.6937258978375767,
                "recall": 0.6723716381418093,
                "f1-score": 0.6359374420081678,
                "support": 409
            },
            "roc_auc": 0.7065580618212197,
            "score": 0.6723716381418093
        },
        "val": {
            "0": {
                "precision": 0.5714285714285714,
                "recall": 0.8695652173913043,
                "f1-score": 0.689655172413793,
                "support": 23
            },
            "1": {
                "precision": 0.7,
                "recall": 0.3181818181818182,
                "f1-score": 0.4375,
                "support": 22
            },
            "accuracy": 0.6,
            "macro avg": {
                "precision": 0.6357142857142857,
                "recall": 0.5938735177865613,
                "f1-score": 0.5635775862068966,
                "support": 45
            },
            "weighted avg": {
                "precision": 0.6342857142857142,
                "recall": 0.6,
                "f1-score": 0.5663793103448275,
                "support": 45
            },
            "roc_auc": 0.7094861660079052,
            "score": 0.6
        },
        "test": {
            "0": {
                "precision": 0.631578947368421,
                "recall": 0.8275862068965517,
                "f1-score": 0.716417910447761,
                "support": 29
            },
            "1": {
                "precision": 0.375,
                "recall": 0.17647058823529413,
                "f1-score": 0.24,
                "support": 17
            },
            "accuracy": 0.5869565217391305,
            "macro avg": {
                "precision": 0.5032894736842105,
                "recall": 0.5020283975659229,
                "f1-score": 0.4782089552238805,
                "support": 46
            },
            "weighted avg": {
                "precision": 0.5367562929061784,
                "recall": 0.5869565217391305,
                "f1-score": 0.5403504218040233,
                "support": 46
            },
            "roc_auc": 0.5070993914807302,
            "score": 0.5869565217391305
        }
    },
    "time": "0:00:16"
}
