{
    "dataset": "adult",
    "algorithm": "ft_transformer",
    "config": {
        "data": {
            "cat_policy": "indices",
            "normalization": "quantile",
            "path": "data/adult"
        },
        "model": {
            "activation": "reglu",
            "attention_dropout": 0.290284712609104,
            "d_ffn_factor": 2.037608078057796,
            "d_token": 352,
            "ffn_dropout": 0.1605824872092634,
            "initialization": "kaiming",
            "n_heads": 8,
            "n_layers": 3,
            "prenormalization": true,
            "residual_dropout": 0.0
        },
        "seed": 6,
        "training": {
            "batch_size": 256,
            "eval_batch_size": 8192,
            "lr": 2.670080766240071e-05,
            "n_epochs": 1000000000,
            "optimizer": "adamw",
            "patience": 16,
            "weight_decay": 1.878836874957554e-05
        }
    },
    "environment": {
        "devices": {
            "CUDA_VISIBLE_DEVICES": null,
            "torch.version.cuda": "11.7",
            "torch.backends.cudnn.version()": 8500,
            "torch.cuda.nccl.version()": [
                2,
                14,
                3
            ],
            "driver": "560.35.03"
        }
    },
    "epoch_size": 153,
    "n_parameters": 3815759,
    "best_epoch": 6,
    "metrics": {
        "train": {
            "0": {
                "precision": 0.8962227159848386,
                "recall": 0.9221975657319615,
                "f1-score": 0.909024624664435,
                "support": 29742
            },
            "1": {
                "precision": 0.7268004722550178,
                "recall": 0.6596656665237891,
                "f1-score": 0.6916076845298281,
                "support": 9332
            },
            "accuracy": 0.8594973639760455,
            "macro avg": {
                "precision": 0.8115115941199282,
                "recall": 0.7909316161278753,
                "f1-score": 0.8003161545971316,
                "support": 39074
            },
            "weighted avg": {
                "precision": 0.8557597897810538,
                "recall": 0.8594973639760455,
                "f1-score": 0.8570991784511947,
                "support": 39074
            },
            "roc_auc": 0.9156895825026792,
            "score": 0.8594973639760455
        },
        "val": {
            "0": {
                "precision": 0.8877844624640335,
                "recall": 0.9237887860642352,
                "f1-score": 0.9054288382019474,
                "support": 3674
            },
            "1": {
                "precision": 0.7360980207351555,
                "recall": 0.6454545454545455,
                "f1-score": 0.6878027300748569,
                "support": 1210
            },
            "accuracy": 0.8548321048321048,
            "macro avg": {
                "precision": 0.8119412415995946,
                "recall": 0.7846216657593903,
                "f1-score": 0.7966157841384022,
                "support": 4884
            },
            "weighted avg": {
                "precision": 0.850204488161834,
                "recall": 0.8548321048321048,
                "f1-score": 0.851512460062353,
                "support": 4884
            },
            "roc_auc": 0.9103530729675137,
            "score": 0.8548321048321048
        },
        "test": {
            "0": {
                "precision": 0.8979220779220779,
                "recall": 0.9245787643755015,
                "f1-score": 0.9110554750296481,
                "support": 3739
            },
            "1": {
                "precision": 0.7272727272727273,
                "recall": 0.6567685589519651,
                "f1-score": 0.690224873795319,
                "support": 1145
            },
            "accuracy": 0.8617936117936118,
            "macro avg": {
                "precision": 0.8125974025974025,
                "recall": 0.7906736616637333,
                "f1-score": 0.8006401744124836,
                "support": 4884
            },
            "weighted avg": {
                "precision": 0.857915217460672,
                "recall": 0.8617936117936118,
                "f1-score": 0.8592841731432217,
                "support": 4884
            },
            "roc_auc": 0.9128209560270535,
            "score": 0.8617936117936118
        }
    },
    "time": "0:27:18"
}
