{
    "dataset": "bank_marketing",
    "algorithm": "ft_transformer",
    "config": {
        "data": {
            "cat_policy": "indices",
            "normalization": "quantile",
            "path": "data/bank_marketing"
        },
        "model": {
            "activation": "reglu",
            "attention_dropout": 0.1637753297849404,
            "d_ffn_factor": 1.042701491424939,
            "d_token": 176,
            "ffn_dropout": 0.4209548452479506,
            "initialization": "kaiming",
            "n_heads": 8,
            "n_layers": 4,
            "prenormalization": true,
            "residual_dropout": 0.0
        },
        "seed": 8,
        "training": {
            "batch_size": 256,
            "eval_batch_size": 8192,
            "lr": 0.0001871965269901442,
            "n_epochs": 1000000000,
            "optimizer": "adamw",
            "patience": 16,
            "weight_decay": 1.580780572230625e-05
        }
    },
    "environment": {
        "devices": {
            "CUDA_VISIBLE_DEVICES": null,
            "torch.version.cuda": "11.7",
            "torch.backends.cudnn.version()": 8500,
            "torch.cuda.nccl.version()": [
                2,
                14,
                3
            ],
            "driver": "560.35.03"
        }
    },
    "epoch_size": 142,
    "n_parameters": 902057,
    "best_epoch": 30,
    "metrics": {
        "train": {
            "0": {
                "precision": 0.937537646066739,
                "recall": 0.9737253675320613,
                "f1-score": 0.9552889188940374,
                "support": 31970
            },
            "1": {
                "precision": 0.7165991902834008,
                "recall": 0.5059552167698904,
                "f1-score": 0.5931304104998604,
                "support": 4198
            },
            "accuracy": 0.9194315416943154,
            "macro avg": {
                "precision": 0.8270684181750698,
                "recall": 0.7398402921509759,
                "f1-score": 0.774209664696949,
                "support": 36168
            },
            "weighted avg": {
                "precision": 0.9118934402113293,
                "recall": 0.9194315416943154,
                "f1-score": 0.9132533786861532,
                "support": 36168
            },
            "roc_auc": 0.9524634628730514,
            "score": 0.9194315416943154
        },
        "val": {
            "0": {
                "precision": 0.938498789346247,
                "recall": 0.9682737946540095,
                "f1-score": 0.9531538177794172,
                "support": 4003
            },
            "1": {
                "precision": 0.6751918158567775,
                "recall": 0.5096525096525096,
                "f1-score": 0.5808580858085808,
                "support": 518
            },
            "accuracy": 0.9157266091572661,
            "macro avg": {
                "precision": 0.8068453026015122,
                "recall": 0.7389631521532596,
                "f1-score": 0.767005951793999,
                "support": 4521
            },
            "weighted avg": {
                "precision": 0.9083300186611009,
                "recall": 0.9157266091572661,
                "f1-score": 0.9104975052023562,
                "support": 4521
            },
            "roc_auc": 0.9362910249745124,
            "score": 0.9157266091572661
        },
        "test": {
            "0": {
                "precision": 0.9272419627749577,
                "recall": 0.9713851608002025,
                "f1-score": 0.9488003957457334,
                "support": 3949
            },
            "1": {
                "precision": 0.7064935064935065,
                "recall": 0.47469458987783597,
                "f1-score": 0.5678496868475991,
                "support": 573
            },
            "accuracy": 0.9084475895621407,
            "macro avg": {
                "precision": 0.8168677346342321,
                "recall": 0.7230398753390193,
                "f1-score": 0.7583250412966662,
                "support": 4522
            },
            "weighted avg": {
                "precision": 0.8992700774478299,
                "recall": 0.9084475895621407,
                "f1-score": 0.9005286672630639,
                "support": 4522
            },
            "roc_auc": 0.9382285572108962,
            "score": 0.9084475895621407
        }
    },
    "time": "0:23:30"
}
