{
    "dataset": "eucalyptus",
    "algorithm": "resnet",
    "config": {
        "data": {
            "cat_policy": "indices",
            "normalization": "quantile",
            "path": "data/eucalyptus"
        },
        "model": {
            "activation": "relu",
            "d": 146,
            "d_embedding": 155,
            "d_hidden_factor": 3.252058423655368,
            "hidden_dropout": 0.3039153343577339,
            "n_layers": 5,
            "normalization": "batchnorm",
            "residual_dropout": 0.01921271323636736
        },
        "seed": 5,
        "training": {
            "batch_size": 256,
            "eval_batch_size": 32,
            "lr": 0.0007995068220796498,
            "n_epochs": 1000000000,
            "optimizer": "adamw",
            "patience": 16,
            "weight_decay": 0.0
        }
    },
    "environment": {
        "devices": {
            "CUDA_VISIBLE_DEVICES": null,
            "torch.version.cuda": "10.1",
            "torch.backends.cudnn.version()": 7603,
            "torch.cuda.nccl.version()": 2708,
            "driver": "470.256.02"
        }
    },
    "epoch_size": 3,
    "n_parameters": 824902,
    "best_epoch": 19,
    "metrics": {
        "train": {
            "0": {
                "precision": 0.9858156028368794,
                "recall": 0.9586206896551724,
                "f1-score": 0.972027972027972,
                "support": 145
            },
            "1": {
                "precision": 0.8953488372093024,
                "recall": 0.9166666666666666,
                "f1-score": 0.9058823529411765,
                "support": 84
            },
            "2": {
                "precision": 0.8636363636363636,
                "recall": 0.8796296296296297,
                "f1-score": 0.8715596330275229,
                "support": 108
            },
            "3": {
                "precision": 0.8773006134969326,
                "recall": 0.8511904761904762,
                "f1-score": 0.8640483383685802,
                "support": 168
            },
            "4": {
                "precision": 0.8181818181818182,
                "recall": 0.8674698795180723,
                "f1-score": 0.8421052631578947,
                "support": 83
            },
            "accuracy": 0.8945578231292517,
            "macro avg": {
                "precision": 0.8880566470722593,
                "recall": 0.8947154683320034,
                "f1-score": 0.8911247119046293,
                "support": 588
            },
            "weighted avg": {
                "precision": 0.8957838197044758,
                "recall": 0.8945578231292517,
                "f1-score": 0.8949344755886292,
                "support": 588
            },
            "score": 0.8945578231292517
        },
        "val": {
            "0": {
                "precision": 0.7333333333333333,
                "recall": 0.9166666666666666,
                "f1-score": 0.8148148148148148,
                "support": 12
            },
            "1": {
                "precision": 0.7142857142857143,
                "recall": 0.45454545454545453,
                "f1-score": 0.5555555555555556,
                "support": 11
            },
            "2": {
                "precision": 0.6,
                "recall": 0.6923076923076923,
                "f1-score": 0.6428571428571429,
                "support": 13
            },
            "3": {
                "precision": 0.7,
                "recall": 0.84,
                "f1-score": 0.7636363636363636,
                "support": 25
            },
            "4": {
                "precision": 0.8571428571428571,
                "recall": 0.46153846153846156,
                "f1-score": 0.6,
                "support": 13
            },
            "accuracy": 0.7027027027027027,
            "macro avg": {
                "precision": 0.720952380952381,
                "recall": 0.673011655011655,
                "f1-score": 0.6753727753727754,
                "support": 74
            },
            "weighted avg": {
                "precision": 0.7175675675675675,
                "recall": 0.7027027027027027,
                "f1-score": 0.6910397410397411,
                "support": 74
            },
            "score": 0.7027027027027027
        },
        "test": {
            "0": {
                "precision": 0.9047619047619048,
                "recall": 0.8260869565217391,
                "f1-score": 0.8636363636363636,
                "support": 23
            },
            "1": {
                "precision": 0.5454545454545454,
                "recall": 0.5,
                "f1-score": 0.5217391304347826,
                "support": 12
            },
            "2": {
                "precision": 0.46153846153846156,
                "recall": 0.6666666666666666,
                "f1-score": 0.5454545454545455,
                "support": 9
            },
            "3": {
                "precision": 0.68,
                "recall": 0.8095238095238095,
                "f1-score": 0.7391304347826089,
                "support": 21
            },
            "4": {
                "precision": 0.5,
                "recall": 0.2222222222222222,
                "f1-score": 0.30769230769230765,
                "support": 9
            },
            "accuracy": 0.6756756756756757,
            "macro avg": {
                "precision": 0.6183509823509824,
                "recall": 0.6048999309868875,
                "f1-score": 0.5955305564001216,
                "support": 74
            },
            "weighted avg": {
                "precision": 0.6795787095787096,
                "recall": 0.6756756756756757,
                "f1-score": 0.6665481991568949,
                "support": 74
            },
            "score": 0.6756756756756757
        }
    },
    "time": "0:00:04"
}
