{
    "dataset": "dresses-sales",
    "algorithm": "resnet",
    "config": {
        "data": {
            "cat_policy": "indices",
            "normalization": "quantile",
            "path": "data/dresses-sales"
        },
        "model": {
            "activation": "relu",
            "d": 236,
            "d_embedding": 111,
            "d_hidden_factor": 3.145568099117258,
            "hidden_dropout": 0.3013816880358219,
            "n_layers": 4,
            "normalization": "batchnorm",
            "residual_dropout": 0.2118273996694524
        },
        "seed": 4,
        "training": {
            "batch_size": 256,
            "eval_batch_size": 8192,
            "lr": 0.0008663279761354553,
            "n_epochs": 1000000000,
            "optimizer": "adamw",
            "patience": 16,
            "weight_decay": 0.0
        }
    },
    "environment": {},
    "epoch_size": 2,
    "n_parameters": 1714015,
    "best_epoch": 4,
    "metrics": {
        "train": {
            "0": {
                "precision": 0.7689243027888446,
                "recall": 0.8109243697478992,
                "f1-score": 0.7893660531697342,
                "support": 238
            },
            "1": {
                "precision": 0.7151898734177216,
                "recall": 0.6608187134502924,
                "f1-score": 0.6869300911854105,
                "support": 171
            },
            "accuracy": 0.7481662591687042,
            "macro avg": {
                "precision": 0.7420570881032831,
                "recall": 0.7358715415990957,
                "f1-score": 0.7381480721775724,
                "support": 409
            },
            "weighted avg": {
                "precision": 0.7464583188708446,
                "recall": 0.7481662591687042,
                "f1-score": 0.7465383037826454,
                "support": 409
            },
            "roc_auc": 0.808577817091749,
            "score": 0.7481662591687042
        },
        "val": {
            "0": {
                "precision": 0.5806451612903226,
                "recall": 0.782608695652174,
                "f1-score": 0.6666666666666667,
                "support": 23
            },
            "1": {
                "precision": 0.6428571428571429,
                "recall": 0.4090909090909091,
                "f1-score": 0.5000000000000001,
                "support": 22
            },
            "accuracy": 0.6,
            "macro avg": {
                "precision": 0.6117511520737328,
                "recall": 0.5958498023715415,
                "f1-score": 0.5833333333333335,
                "support": 45
            },
            "weighted avg": {
                "precision": 0.6110599078341014,
                "recall": 0.6,
                "f1-score": 0.5851851851851853,
                "support": 45
            },
            "roc_auc": 0.624505928853755,
            "score": 0.6
        },
        "test": {
            "0": {
                "precision": 0.6666666666666666,
                "recall": 0.7586206896551724,
                "f1-score": 0.7096774193548386,
                "support": 29
            },
            "1": {
                "precision": 0.46153846153846156,
                "recall": 0.35294117647058826,
                "f1-score": 0.4000000000000001,
                "support": 17
            },
            "accuracy": 0.6086956521739131,
            "macro avg": {
                "precision": 0.5641025641025641,
                "recall": 0.5557809330628803,
                "f1-score": 0.5548387096774193,
                "support": 46
            },
            "weighted avg": {
                "precision": 0.5908584169453734,
                "recall": 0.6086956521739131,
                "f1-score": 0.5952314165497896,
                "support": 46
            },
            "roc_auc": 0.6470588235294118,
            "score": 0.6086956521739131
        }
    },
    "time": "0:00:02"
}
