{
    "dataset": "titanic",
    "algorithm": "ft_transformer",
    "config": {
        "data": {
            "cat_policy": "indices",
            "normalization": "quantile",
            "path": "data/titanic"
        },
        "model": {
            "activation": "reglu",
            "attention_dropout": 0.0991921981669352,
            "d_ffn_factor": 2.305595224363339,
            "d_token": 248,
            "ffn_dropout": 0.06196889525068081,
            "initialization": "kaiming",
            "n_heads": 8,
            "n_layers": 4,
            "prenormalization": true,
            "residual_dropout": 0.06880133565470853
        },
        "seed": 1,
        "training": {
            "batch_size": 256,
            "eval_batch_size": 8192,
            "lr": 0.0001176312611935439,
            "n_epochs": 1000000000,
            "optimizer": "adamw",
            "patience": 16,
            "weight_decay": 1.646651173030599e-05
        }
    },
    "environment": {
        "devices": {
            "CUDA_VISIBLE_DEVICES": null,
            "torch.version.cuda": "11.7",
            "torch.backends.cudnn.version()": 8500,
            "torch.cuda.nccl.version()": [
                2,
                14,
                3
            ],
            "driver": "560.35.03"
        }
    },
    "epoch_size": 5,
    "n_parameters": 2709505,
    "best_epoch": 16,
    "metrics": {
        "train": {
            "0": {
                "precision": 0.9818181818181818,
                "recall": 0.9744360902255639,
                "f1-score": 0.9781132075471698,
                "support": 665
            },
            "1": {
                "precision": 0.9562982005141388,
                "recall": 0.96875,
                "f1-score": 0.96248382923674,
                "support": 384
            },
            "accuracy": 0.9723546234509056,
            "macro avg": {
                "precision": 0.9690581911661603,
                "recall": 0.9715930451127819,
                "f1-score": 0.9702985183919549,
                "support": 1049
            },
            "weighted avg": {
                "precision": 0.9724762630186083,
                "recall": 0.9723546234509056,
                "f1-score": 0.9723918717309591,
                "support": 1049
            },
            "roc_auc": 0.9962836779448621,
            "score": 0.9723546234509056
        },
        "val": {
            "0": {
                "precision": 0.9459459459459459,
                "recall": 1.0,
                "f1-score": 0.9722222222222222,
                "support": 70
            },
            "1": {
                "precision": 1.0,
                "recall": 0.9333333333333333,
                "f1-score": 0.9655172413793104,
                "support": 60
            },
            "accuracy": 0.9692307692307692,
            "macro avg": {
                "precision": 0.972972972972973,
                "recall": 0.9666666666666667,
                "f1-score": 0.9688697318007663,
                "support": 130
            },
            "weighted avg": {
                "precision": 0.9708939708939709,
                "recall": 0.9692307692307692,
                "f1-score": 0.9691276156793398,
                "support": 130
            },
            "roc_auc": 0.9945238095238095,
            "score": 0.9692307692307692
        },
        "test": {
            "0": {
                "precision": 0.972972972972973,
                "recall": 0.972972972972973,
                "f1-score": 0.972972972972973,
                "support": 74
            },
            "1": {
                "precision": 0.9642857142857143,
                "recall": 0.9642857142857143,
                "f1-score": 0.9642857142857143,
                "support": 56
            },
            "accuracy": 0.9692307692307692,
            "macro avg": {
                "precision": 0.9686293436293436,
                "recall": 0.9686293436293436,
                "f1-score": 0.9686293436293436,
                "support": 130
            },
            "weighted avg": {
                "precision": 0.9692307692307692,
                "recall": 0.9692307692307692,
                "f1-score": 0.9692307692307692,
                "support": 130
            },
            "roc_auc": 0.999034749034749,
            "score": 0.9692307692307692
        }
    },
    "time": "0:00:40"
}
