{
    "dataset": "analcatdata",
    "algorithm": "ft_transformer",
    "config": {
        "data": {
            "cat_policy": "indices",
            "normalization": "quantile",
            "path": "data/analcatdata"
        },
        "model": {
            "activation": "reglu",
            "attention_dropout": 0.2368040226368552,
            "d_ffn_factor": 2.268488170625955,
            "d_token": 296,
            "ffn_dropout": 0.3902645881432277,
            "initialization": "kaiming",
            "n_heads": 8,
            "n_layers": 3,
            "prenormalization": true,
            "residual_dropout": 0.1279842042655048
        },
        "seed": 8,
        "training": {
            "batch_size": 256,
            "eval_batch_size": 8192,
            "lr": 1.935114088559527e-05,
            "n_epochs": 1000000000,
            "optimizer": "adamw",
            "patience": 16,
            "weight_decay": 0.0006823493012435792
        }
    },
    "environment": {
        "devices": {
            "CUDA_VISIBLE_DEVICES": null,
            "torch.version.cuda": "10.1",
            "torch.backends.cudnn.version()": 7603,
            "torch.cuda.nccl.version()": 2708,
            "driver": "470.256.02"
        }
    },
    "epoch_size": 3,
    "n_parameters": 2860432,
    "best_epoch": 14,
    "metrics": {
        "train": {
            "0": {
                "precision": 0.26737967914438504,
                "recall": 0.46296296296296297,
                "f1-score": 0.3389830508474576,
                "support": 108
            },
            "1": {
                "precision": 0.375,
                "recall": 0.031578947368421054,
                "f1-score": 0.05825242718446602,
                "support": 95
            },
            "2": {
                "precision": 0.0,
                "recall": 0.0,
                "f1-score": 0.0,
                "support": 108
            },
            "3": {
                "precision": 0.35,
                "recall": 0.06306306306306306,
                "f1-score": 0.10687022900763357,
                "support": 111
            },
            "4": {
                "precision": 0.25,
                "recall": 0.4482758620689655,
                "f1-score": 0.32098765432098764,
                "support": 116
            },
            "5": {
                "precision": 0.24299065420560748,
                "recall": 0.5252525252525253,
                "f1-score": 0.3322683706070288,
                "support": 99
            },
            "accuracy": 0.25745682888540034,
            "macro avg": {
                "precision": 0.24756172222499873,
                "recall": 0.25518889345265633,
                "f1-score": 0.1928936219945956,
                "support": 637
            },
            "weighted avg": {
                "precision": 0.24553858730604197,
                "recall": 0.25745682888540034,
                "f1-score": 0.19487579605216238,
                "support": 637
            },
            "score": 0.25745682888540034
        },
        "val": {
            "0": {
                "precision": 0.20833333333333334,
                "recall": 0.29411764705882354,
                "f1-score": 0.24390243902439027,
                "support": 17
            },
            "1": {
                "precision": 0.0,
                "recall": 0.0,
                "f1-score": 0.0,
                "support": 12
            },
            "2": {
                "precision": 0.0,
                "recall": 0.0,
                "f1-score": 0.0,
                "support": 6
            },
            "3": {
                "precision": 0.0,
                "recall": 0.0,
                "f1-score": 0.0,
                "support": 10
            },
            "4": {
                "precision": 0.3,
                "recall": 0.2857142857142857,
                "f1-score": 0.2926829268292683,
                "support": 21
            },
            "5": {
                "precision": 0.21875,
                "recall": 0.5,
                "f1-score": 0.30434782608695654,
                "support": 14
            },
            "accuracy": 0.225,
            "macro avg": {
                "precision": 0.12118055555555556,
                "recall": 0.1799719887955182,
                "f1-score": 0.14015553199010253,
                "support": 80
            },
            "weighted avg": {
                "precision": 0.16130208333333335,
                "recall": 0.225,
                "f1-score": 0.18191940615058325,
                "support": 80
            },
            "score": 0.225
        },
        "test": {
            "0": {
                "precision": 0.3157894736842105,
                "recall": 0.5454545454545454,
                "f1-score": 0.39999999999999997,
                "support": 11
            },
            "1": {
                "precision": 0.0,
                "recall": 0.0,
                "f1-score": 0.0,
                "support": 17
            },
            "2": {
                "precision": 0.0,
                "recall": 0.0,
                "f1-score": 0.0,
                "support": 13
            },
            "3": {
                "precision": 0.0,
                "recall": 0.0,
                "f1-score": 0.0,
                "support": 11
            },
            "4": {
                "precision": 0.30303030303030304,
                "recall": 0.5555555555555556,
                "f1-score": 0.3921568627450981,
                "support": 18
            },
            "5": {
                "precision": 0.2222222222222222,
                "recall": 0.6,
                "f1-score": 0.32432432432432434,
                "support": 10
            },
            "accuracy": 0.275,
            "macro avg": {
                "precision": 0.14017366648945598,
                "recall": 0.2835016835016835,
                "f1-score": 0.18608019784490373,
                "support": 80
            },
            "weighted avg": {
                "precision": 0.1393806485911749,
                "recall": 0.275,
                "f1-score": 0.18377583465818761,
                "support": 80
            },
            "score": 0.275
        }
    },
    "time": "0:00:13"
}
