{
    "dataset": "sick",
    "algorithm": "ft_transformer",
    "config": {
        "data": {
            "cat_policy": "indices",
            "normalization": "quantile",
            "path": "data/sick"
        },
        "model": {
            "activation": "reglu",
            "attention_dropout": 0.1857119055034855,
            "d_ffn_factor": 2.370176839004245,
            "d_token": 384,
            "ffn_dropout": 0.310755435886316,
            "initialization": "kaiming",
            "n_heads": 8,
            "n_layers": 2,
            "prenormalization": true,
            "residual_dropout": 0.0
        },
        "seed": 0,
        "training": {
            "batch_size": 256,
            "eval_batch_size": 8192,
            "lr": 2.414502624052369e-05,
            "n_epochs": 1000000000,
            "optimizer": "adamw",
            "patience": 16,
            "weight_decay": 0.0003376347405193131
        }
    },
    "environment": {
        "devices": {
            "CUDA_VISIBLE_DEVICES": null,
            "torch.version.cuda": "10.1",
            "torch.backends.cudnn.version()": 7603,
            "torch.cuda.nccl.version()": 2708,
            "driver": "470.256.02"
        }
    },
    "epoch_size": 12,
    "n_parameters": 3318713,
    "best_epoch": 79,
    "metrics": {
        "train": {
            "0": {
                "precision": 0.9947108603667136,
                "recall": 0.9989376770538244,
                "f1-score": 0.9968197879858657,
                "support": 2824
            },
            "1": {
                "precision": 0.9834254143646409,
                "recall": 0.9222797927461139,
                "f1-score": 0.9518716577540106,
                "support": 193
            },
            "accuracy": 0.9940338084189593,
            "macro avg": {
                "precision": 0.9890681373656773,
                "recall": 0.9606087348999692,
                "f1-score": 0.9743457228699381,
                "support": 3017
            },
            "weighted avg": {
                "precision": 0.9939889209970086,
                "recall": 0.9940338084189593,
                "f1-score": 0.9939444187002349,
                "support": 3017
            },
            "roc_auc": 0.999510120506686,
            "score": 0.9940338084189593
        },
        "val": {
            "0": {
                "precision": 1.0,
                "recall": 1.0,
                "f1-score": 1.0,
                "support": 357
            },
            "1": {
                "precision": 1.0,
                "recall": 1.0,
                "f1-score": 1.0,
                "support": 20
            },
            "accuracy": 1.0,
            "macro avg": {
                "precision": 1.0,
                "recall": 1.0,
                "f1-score": 1.0,
                "support": 377
            },
            "weighted avg": {
                "precision": 1.0,
                "recall": 1.0,
                "f1-score": 1.0,
                "support": 377
            },
            "roc_auc": 1.0,
            "score": 1.0
        },
        "test": {
            "0": {
                "precision": 0.988950276243094,
                "recall": 0.9944444444444445,
                "f1-score": 0.9916897506925207,
                "support": 360
            },
            "1": {
                "precision": 0.875,
                "recall": 0.7777777777777778,
                "f1-score": 0.823529411764706,
                "support": 18
            },
            "accuracy": 0.9841269841269841,
            "macro avg": {
                "precision": 0.931975138121547,
                "recall": 0.8861111111111111,
                "f1-score": 0.9076095812286133,
                "support": 378
            },
            "weighted avg": {
                "precision": 0.9835240726124704,
                "recall": 0.9841269841269841,
                "f1-score": 0.9836821155054818,
                "support": 378
            },
            "roc_auc": 0.995216049382716,
            "score": 0.9841269841269841
        }
    },
    "time": "0:11:33"
}
