{
    "dataset": "analcatdata",
    "algorithm": "resnet",
    "config": {
        "data": {
            "cat_policy": "indices",
            "normalization": "quantile",
            "path": "data/analcatdata"
        },
        "model": {
            "activation": "relu",
            "d": 208,
            "d_embedding": 183,
            "d_hidden_factor": 1.87256669010782,
            "hidden_dropout": 0.0001978410198656411,
            "n_layers": 7,
            "normalization": "batchnorm",
            "residual_dropout": 0.3843768689036824
        },
        "seed": 8,
        "training": {
            "batch_size": 256,
            "eval_batch_size": 8192,
            "lr": 8.804356250518461e-05,
            "n_epochs": 1000000000,
            "optimizer": "adamw",
            "patience": 16,
            "weight_decay": 0.0001850920240615944
        }
    },
    "environment": {
        "devices": {
            "CUDA_VISIBLE_DEVICES": null,
            "torch.version.cuda": "10.1",
            "torch.backends.cudnn.version()": 7603,
            "torch.cuda.nccl.version()": 2708,
            "driver": "470.256.02"
        }
    },
    "epoch_size": 3,
    "n_parameters": 1297836,
    "best_epoch": 17,
    "metrics": {
        "train": {
            "0": {
                "precision": 0.0,
                "recall": 0.0,
                "f1-score": 0.0,
                "support": 108
            },
            "1": {
                "precision": 0.3333333333333333,
                "recall": 0.021052631578947368,
                "f1-score": 0.0396039603960396,
                "support": 95
            },
            "2": {
                "precision": 0.32558139534883723,
                "recall": 0.12962962962962962,
                "f1-score": 0.18543046357615894,
                "support": 108
            },
            "3": {
                "precision": 0.19230769230769232,
                "recall": 0.990990990990991,
                "f1-score": 0.32210834553440704,
                "support": 111
            },
            "4": {
                "precision": 0.0,
                "recall": 0.0,
                "f1-score": 0.0,
                "support": 116
            },
            "5": {
                "precision": 0.75,
                "recall": 0.12121212121212122,
                "f1-score": 0.20869565217391306,
                "support": 99
            },
            "accuracy": 0.21664050235478807,
            "macro avg": {
                "precision": 0.2668704034983105,
                "recall": 0.2104808955686149,
                "f1-score": 0.12597307028008645,
                "support": 637
            },
            "weighted avg": {
                "precision": 0.25498526092699364,
                "recall": 0.21664050235478807,
                "f1-score": 0.12590857491897253,
                "support": 637
            },
            "score": 0.21664050235478807
        },
        "val": {
            "0": {
                "precision": 0.0,
                "recall": 0.0,
                "f1-score": 0.0,
                "support": 17
            },
            "1": {
                "precision": 0.0,
                "recall": 0.0,
                "f1-score": 0.0,
                "support": 12
            },
            "2": {
                "precision": 0.0,
                "recall": 0.0,
                "f1-score": 0.0,
                "support": 6
            },
            "3": {
                "precision": 0.136986301369863,
                "recall": 1.0,
                "f1-score": 0.24096385542168672,
                "support": 10
            },
            "4": {
                "precision": 0.0,
                "recall": 0.0,
                "f1-score": 0.0,
                "support": 21
            },
            "5": {
                "precision": 0.5,
                "recall": 0.14285714285714285,
                "f1-score": 0.22222222222222224,
                "support": 14
            },
            "accuracy": 0.15,
            "macro avg": {
                "precision": 0.10616438356164383,
                "recall": 0.19047619047619047,
                "f1-score": 0.07719767960731816,
                "support": 80
            },
            "weighted avg": {
                "precision": 0.10462328767123288,
                "recall": 0.15,
                "f1-score": 0.06900937081659972,
                "support": 80
            },
            "score": 0.15
        },
        "test": {
            "0": {
                "precision": 0.0,
                "recall": 0.0,
                "f1-score": 0.0,
                "support": 11
            },
            "1": {
                "precision": 0.0,
                "recall": 0.0,
                "f1-score": 0.0,
                "support": 17
            },
            "2": {
                "precision": 0.2222222222222222,
                "recall": 0.15384615384615385,
                "f1-score": 0.18181818181818185,
                "support": 13
            },
            "3": {
                "precision": 0.14705882352941177,
                "recall": 0.9090909090909091,
                "f1-score": 0.25316455696202533,
                "support": 11
            },
            "4": {
                "precision": 0.0,
                "recall": 0.0,
                "f1-score": 0.0,
                "support": 18
            },
            "5": {
                "precision": 0.3333333333333333,
                "recall": 0.1,
                "f1-score": 0.15384615384615383,
                "support": 10
            },
            "accuracy": 0.1625,
            "macro avg": {
                "precision": 0.11710239651416121,
                "recall": 0.19382284382284384,
                "f1-score": 0.09813814877106018,
                "support": 80
            },
            "weighted avg": {
                "precision": 0.0979983660130719,
                "recall": 0.1625,
                "f1-score": 0.08358635035850226,
                "support": 80
            },
            "score": 0.1625
        }
    },
    "time": "0:00:05"
}
