{
    "dataset": "titanic_algo_3",
    "algorithm": "mlp_mha",
    "config": {
        "data": {
            "cat_policy": "indices",
            "normalization": "quantile",
            "path": "data/titanic_algo_3"
        },
        "model": {
            "d_embedding": 152,
            "d_layers": [
                180,
                100
            ],
            "dropout": 0.0
        },
        "seed": 6,
        "training": {
            "batch_size": 256,
            "eval_batch_size": 8192,
            "lr": 0.004604344555992167,
            "n_epochs": 1000000000,
            "optimizer": "adamw",
            "patience": 16,
            "weight_decay": 0.0
        }
    },
    "environment": {
        "devices": {
            "CUDA_VISIBLE_DEVICES": null,
            "torch.version.cuda": "10.1",
            "torch.backends.cudnn.version()": 7603,
            "torch.cuda.nccl.version()": 2708,
            "driver": "470.256.02"
        }
    },
    "epoch_size": 5,
    "n_parameters": 6301469,
    "best_epoch": 3,
    "metrics": {
        "train": {
            "0": {
                "precision": 0.984251968503937,
                "recall": 0.9398496240601504,
                "f1-score": 0.9615384615384616,
                "support": 665
            },
            "1": {
                "precision": 0.9033816425120773,
                "recall": 0.9739583333333334,
                "f1-score": 0.9373433583959899,
                "support": 384
            },
            "accuracy": 0.9523355576739753,
            "macro avg": {
                "precision": 0.9438168055080072,
                "recall": 0.9569039786967419,
                "f1-score": 0.9494409099672257,
                "support": 1049
            },
            "weighted avg": {
                "precision": 0.9546483410674507,
                "recall": 0.9523355576739753,
                "f1-score": 0.9526815315034671,
                "support": 1049
            },
            "roc_auc": 0.9937304197994988,
            "score": 0.9523355576739753
        },
        "val": {
            "0": {
                "precision": 0.9710144927536232,
                "recall": 0.9571428571428572,
                "f1-score": 0.9640287769784173,
                "support": 70
            },
            "1": {
                "precision": 0.9508196721311475,
                "recall": 0.9666666666666667,
                "f1-score": 0.9586776859504132,
                "support": 60
            },
            "accuracy": 0.9615384615384616,
            "macro avg": {
                "precision": 0.9609170824423854,
                "recall": 0.9619047619047619,
                "f1-score": 0.9613532314644153,
                "support": 130
            },
            "weighted avg": {
                "precision": 0.9616938063124805,
                "recall": 0.9615384615384616,
                "f1-score": 0.9615590426578,
                "support": 130
            },
            "roc_auc": 0.9945238095238095,
            "score": 0.9615384615384616
        },
        "test": {
            "0": {
                "precision": 0.9861111111111112,
                "recall": 0.9594594594594594,
                "f1-score": 0.9726027397260274,
                "support": 74
            },
            "1": {
                "precision": 0.9482758620689655,
                "recall": 0.9821428571428571,
                "f1-score": 0.9649122807017544,
                "support": 56
            },
            "accuracy": 0.9692307692307692,
            "macro avg": {
                "precision": 0.9671934865900383,
                "recall": 0.9708011583011582,
                "f1-score": 0.9687575102138909,
                "support": 130
            },
            "weighted avg": {
                "precision": 0.9698128499852637,
                "recall": 0.9692307692307692,
                "f1-score": 0.969289926607879,
                "support": 130
            },
            "roc_auc": 0.9985521235521235,
            "score": 0.9692307692307692
        }
    },
    "time": "0:00:11"
}
