{
    "config": {
        "data": {
            "cat_policy": "ohe",
            "path": "data/cylinder-bands"
        },
        "fit": {
            "early_stopping_rounds": 50,
            "verbose": false
        },
        "model": {
            "alpha": 1.43063630563962e-06,
            "booster": "gbtree",
            "colsample_bylevel": 0.5516328599335468,
            "colsample_bytree": 0.7184871022069426,
            "gamma": 0,
            "lambda": 0,
            "learning_rate": 0.3433573948867417,
            "max_depth": 5,
            "min_child_weight": 1.193008746386317e-08,
            "n_estimators": 2000,
            "n_jobs": -1,
            "subsample": 0.8923312311407093,
            "tree_method": "gpu_hist"
        },
        "seed": 10
    },
    "environment": {
        "devices": {
            "CUDA_VISIBLE_DEVICES": null,
            "torch.version.cuda": "11.7",
            "torch.backends.cudnn.version()": 8500,
            "torch.cuda.nccl.version()": [
                2,
                14,
                3
            ],
            "driver": "560.35.03"
        }
    },
    "dataset": "cylinder-bands",
    "algorithm": "xgboost_",
    "metrics": {
        "train": {
            "0": {
                "precision": 0.984251968503937,
                "recall": 0.9920634920634921,
                "f1-score": 0.9881422924901185,
                "support": 252
            },
            "1": {
                "precision": 0.9887640449438202,
                "recall": 0.9777777777777777,
                "f1-score": 0.9832402234636872,
                "support": 180
            },
            "accuracy": 0.9861111111111112,
            "macro avg": {
                "precision": 0.9865080067238786,
                "recall": 0.984920634920635,
                "f1-score": 0.9856912579769028,
                "support": 432
            },
            "weighted avg": {
                "precision": 0.9861320003538884,
                "recall": 0.9861111111111112,
                "f1-score": 0.9860997637291055,
                "support": 432
            },
            "roc_auc": 0.9995590828924161,
            "score": 0.9861111111111112
        },
        "val": {
            "0": {
                "precision": 0.9166666666666666,
                "recall": 0.9705882352941176,
                "f1-score": 0.9428571428571428,
                "support": 34
            },
            "1": {
                "precision": 0.9444444444444444,
                "recall": 0.85,
                "f1-score": 0.8947368421052632,
                "support": 20
            },
            "accuracy": 0.9259259259259259,
            "macro avg": {
                "precision": 0.9305555555555556,
                "recall": 0.9102941176470588,
                "f1-score": 0.918796992481203,
                "support": 54
            },
            "weighted avg": {
                "precision": 0.9269547325102881,
                "recall": 0.9259259259259259,
                "f1-score": 0.9250348092453357,
                "support": 54
            },
            "roc_auc": 0.9808823529411765,
            "score": 0.9259259259259259
        },
        "test": {
            "0": {
                "precision": 0.696969696969697,
                "recall": 0.8846153846153846,
                "f1-score": 0.7796610169491526,
                "support": 26
            },
            "1": {
                "precision": 0.8571428571428571,
                "recall": 0.6428571428571429,
                "f1-score": 0.7346938775510204,
                "support": 28
            },
            "accuracy": 0.7592592592592593,
            "macro avg": {
                "precision": 0.777056277056277,
                "recall": 0.7637362637362637,
                "f1-score": 0.7571774472500865,
                "support": 54
            },
            "weighted avg": {
                "precision": 0.7800224466891135,
                "recall": 0.7592592592592593,
                "f1-score": 0.7563447224464173,
                "support": 54
            },
            "roc_auc": 0.868131868131868,
            "score": 0.7592592592592593
        }
    },
    "time": "0:00:01"
}
