{
    "config": {
        "data": {
            "cat_policy": "ohe",
            "path": "data/titanic"
        },
        "fit": {
            "early_stopping_rounds": 50,
            "verbose": false
        },
        "model": {
            "alpha": 0,
            "booster": "gbtree",
            "colsample_bylevel": 0.9859725012498328,
            "colsample_bytree": 0.9390967356735884,
            "gamma": 0,
            "lambda": 3.607006600307738e-08,
            "learning_rate": 0.001802171314263196,
            "max_depth": 10,
            "min_child_weight": 3.231776356179178e-08,
            "n_estimators": 2000,
            "n_jobs": -1,
            "subsample": 0.6414034812882048,
            "tree_method": "gpu_hist"
        },
        "seed": 5
    },
    "environment": {
        "devices": {
            "CUDA_VISIBLE_DEVICES": null,
            "torch.version.cuda": "11.7",
            "torch.backends.cudnn.version()": 8500,
            "torch.cuda.nccl.version()": [
                2,
                14,
                3
            ],
            "driver": "560.35.03"
        }
    },
    "dataset": "titanic",
    "algorithm": "xgboost_",
    "metrics": {
        "train": {
            "0": {
                "precision": 0.9925373134328358,
                "recall": 1.0,
                "f1-score": 0.9962546816479401,
                "support": 665
            },
            "1": {
                "precision": 1.0,
                "recall": 0.9869791666666666,
                "f1-score": 0.9934469200524246,
                "support": 384
            },
            "accuracy": 0.9952335557673975,
            "macro avg": {
                "precision": 0.9962686567164178,
                "recall": 0.9934895833333333,
                "f1-score": 0.9948508008501824,
                "support": 1049
            },
            "weighted avg": {
                "precision": 0.9952691262467454,
                "recall": 0.9952335557673975,
                "f1-score": 0.9952268642478658,
                "support": 1049
            },
            "roc_auc": 0.9996867167919798,
            "score": 0.9952335557673975
        },
        "val": {
            "0": {
                "precision": 0.958904109589041,
                "recall": 1.0,
                "f1-score": 0.9790209790209791,
                "support": 70
            },
            "1": {
                "precision": 1.0,
                "recall": 0.95,
                "f1-score": 0.9743589743589743,
                "support": 60
            },
            "accuracy": 0.9769230769230769,
            "macro avg": {
                "precision": 0.9794520547945205,
                "recall": 0.975,
                "f1-score": 0.9766899766899767,
                "support": 130
            },
            "weighted avg": {
                "precision": 0.9778714436248682,
                "recall": 0.9769230769230769,
                "f1-score": 0.9768692845615922,
                "support": 130
            },
            "roc_auc": 0.9945238095238096,
            "score": 0.9769230769230769
        },
        "test": {
            "0": {
                "precision": 0.972972972972973,
                "recall": 0.972972972972973,
                "f1-score": 0.972972972972973,
                "support": 74
            },
            "1": {
                "precision": 0.9642857142857143,
                "recall": 0.9642857142857143,
                "f1-score": 0.9642857142857143,
                "support": 56
            },
            "accuracy": 0.9692307692307692,
            "macro avg": {
                "precision": 0.9686293436293436,
                "recall": 0.9686293436293436,
                "f1-score": 0.9686293436293436,
                "support": 130
            },
            "weighted avg": {
                "precision": 0.9692307692307692,
                "recall": 0.9692307692307692,
                "f1-score": 0.9692307692307692,
                "support": 130
            },
            "roc_auc": 0.9980694980694982,
            "score": 0.9692307692307692
        }
    },
    "time": "0:00:01"
}
