{
    "dataset": "titanic_algo_3",
    "algorithm": "mlp_mha",
    "config": {
        "data": {
            "cat_policy": "indices",
            "normalization": "quantile",
            "path": "data/titanic_algo_3"
        },
        "model": {
            "d_embedding": 152,
            "d_layers": [
                180,
                100
            ],
            "dropout": 0.0
        },
        "seed": 10,
        "training": {
            "batch_size": 256,
            "eval_batch_size": 8192,
            "lr": 0.004604344555992167,
            "n_epochs": 1000000000,
            "optimizer": "adamw",
            "patience": 16,
            "weight_decay": 0.0
        }
    },
    "environment": {
        "devices": {
            "CUDA_VISIBLE_DEVICES": null,
            "torch.version.cuda": "10.1",
            "torch.backends.cudnn.version()": 7603,
            "torch.cuda.nccl.version()": 2708,
            "driver": "470.256.02"
        }
    },
    "epoch_size": 5,
    "n_parameters": 6301469,
    "best_epoch": 11,
    "metrics": {
        "train": {
            "0": {
                "precision": 0.9775784753363229,
                "recall": 0.9834586466165414,
                "f1-score": 0.9805097451274362,
                "support": 665
            },
            "1": {
                "precision": 0.9710526315789474,
                "recall": 0.9609375,
                "f1-score": 0.9659685863874345,
                "support": 384
            },
            "accuracy": 0.9752144899904671,
            "macro avg": {
                "precision": 0.9743155534576351,
                "recall": 0.9721980733082707,
                "f1-score": 0.9732391657574353,
                "support": 1049
            },
            "weighted avg": {
                "precision": 0.9751896059341949,
                "recall": 0.9752144899904671,
                "f1-score": 0.9751867661415824,
                "support": 1049
            },
            "roc_auc": 0.9957706766917294,
            "score": 0.9752144899904671
        },
        "val": {
            "0": {
                "precision": 0.9459459459459459,
                "recall": 1.0,
                "f1-score": 0.9722222222222222,
                "support": 70
            },
            "1": {
                "precision": 1.0,
                "recall": 0.9333333333333333,
                "f1-score": 0.9655172413793104,
                "support": 60
            },
            "accuracy": 0.9692307692307692,
            "macro avg": {
                "precision": 0.972972972972973,
                "recall": 0.9666666666666667,
                "f1-score": 0.9688697318007663,
                "support": 130
            },
            "weighted avg": {
                "precision": 0.9708939708939709,
                "recall": 0.9692307692307692,
                "f1-score": 0.9691276156793398,
                "support": 130
            },
            "roc_auc": 0.9954761904761904,
            "score": 0.9692307692307692
        },
        "test": {
            "0": {
                "precision": 0.9736842105263158,
                "recall": 1.0,
                "f1-score": 0.9866666666666666,
                "support": 74
            },
            "1": {
                "precision": 1.0,
                "recall": 0.9642857142857143,
                "f1-score": 0.9818181818181818,
                "support": 56
            },
            "accuracy": 0.9846153846153847,
            "macro avg": {
                "precision": 0.986842105263158,
                "recall": 0.9821428571428572,
                "f1-score": 0.9842424242424241,
                "support": 130
            },
            "weighted avg": {
                "precision": 0.9850202429149798,
                "recall": 0.9846153846153847,
                "f1-score": 0.9845780885780885,
                "support": 130
            },
            "roc_auc": 0.9978281853281853,
            "score": 0.9846153846153847
        }
    },
    "time": "0:00:15"
}
