{
    "dataset": "sick_algo_3",
    "algorithm": "mlp_mha",
    "config": {
        "data": {
            "cat_policy": "indices",
            "normalization": "quantile",
            "path": "data/sick_algo_3"
        },
        "model": {
            "d_embedding": 152,
            "d_layers": [
                166,
                26
            ],
            "dropout": 0.1686980802086342
        },
        "seed": 2,
        "training": {
            "batch_size": 256,
            "eval_batch_size": 8192,
            "lr": 0.0008800667561385505,
            "n_epochs": 1000000000,
            "optimizer": "adamw",
            "patience": 16,
            "weight_decay": 0.0
        }
    },
    "environment": {
        "devices": {
            "CUDA_VISIBLE_DEVICES": null,
            "torch.version.cuda": "10.1",
            "torch.backends.cudnn.version()": 7603,
            "torch.cuda.nccl.version()": 2708,
            "driver": "470.256.02"
        }
    },
    "epoch_size": 12,
    "n_parameters": 68543435,
    "best_epoch": 34,
    "metrics": {
        "train": {
            "0": {
                "precision": 0.9801462904911181,
                "recall": 0.9964589235127479,
                "f1-score": 0.9882352941176472,
                "support": 2824
            },
            "1": {
                "precision": 0.9315068493150684,
                "recall": 0.7046632124352331,
                "f1-score": 0.8023598820058996,
                "support": 193
            },
            "accuracy": 0.9777925091150149,
            "macro avg": {
                "precision": 0.9558265699030932,
                "recall": 0.8505610679739906,
                "f1-score": 0.8952975880617734,
                "support": 3017
            },
            "weighted avg": {
                "precision": 0.9770347849733928,
                "recall": 0.9777925091150149,
                "f1-score": 0.9763446893653877,
                "support": 3017
            },
            "roc_auc": 0.9935792760792027,
            "score": 0.9777925091150149
        },
        "val": {
            "0": {
                "precision": 0.9861878453038674,
                "recall": 1.0,
                "f1-score": 0.9930458970792767,
                "support": 357
            },
            "1": {
                "precision": 1.0,
                "recall": 0.75,
                "f1-score": 0.8571428571428571,
                "support": 20
            },
            "accuracy": 0.986737400530504,
            "macro avg": {
                "precision": 0.9930939226519337,
                "recall": 0.875,
                "f1-score": 0.9250943771110669,
                "support": 377
            },
            "weighted avg": {
                "precision": 0.9869205856060494,
                "recall": 0.986737400530504,
                "f1-score": 0.9858361867378221,
                "support": 377
            },
            "roc_auc": 0.988795518207283,
            "score": 0.986737400530504
        },
        "test": {
            "0": {
                "precision": 0.9861878453038674,
                "recall": 0.9916666666666667,
                "f1-score": 0.9889196675900276,
                "support": 360
            },
            "1": {
                "precision": 0.8125,
                "recall": 0.7222222222222222,
                "f1-score": 0.7647058823529411,
                "support": 18
            },
            "accuracy": 0.9788359788359788,
            "macro avg": {
                "precision": 0.8993439226519337,
                "recall": 0.8569444444444445,
                "f1-score": 0.8768127749714844,
                "support": 378
            },
            "weighted avg": {
                "precision": 0.9779169955274928,
                "recall": 0.9788359788359788,
                "f1-score": 0.9782428206739757,
                "support": 378
            },
            "roc_auc": 0.9914351851851853,
            "score": 0.9788359788359788
        }
    },
    "time": "0:12:41"
}
