{
    "dataset": "eucalyptus_algo_3",
    "algorithm": "mlp_mha",
    "config": {
        "data": {
            "cat_policy": "indices",
            "normalization": "quantile",
            "path": "data/eucalyptus_algo_3"
        },
        "model": {
            "d_embedding": 187,
            "d_layers": [
                251,
                266,
                266,
                192
            ],
            "dropout": 0.0
        },
        "seed": 10,
        "training": {
            "batch_size": 256,
            "eval_batch_size": 8192,
            "lr": 0.003296505359015626,
            "n_epochs": 1000000000,
            "optimizer": "adamw",
            "patience": 16,
            "weight_decay": 5.459580731119539e-05
        }
    },
    "environment": {
        "devices": {
            "CUDA_VISIBLE_DEVICES": null,
            "torch.version.cuda": "10.1",
            "torch.backends.cudnn.version()": 7603,
            "torch.cuda.nccl.version()": 2708,
            "driver": "470.256.02"
        }
    },
    "epoch_size": 3,
    "n_parameters": 12435124,
    "best_epoch": 14,
    "metrics": {
        "train": {
            "0": {
                "precision": 0.8707482993197279,
                "recall": 0.8827586206896552,
                "f1-score": 0.8767123287671232,
                "support": 145
            },
            "1": {
                "precision": 0.7341772151898734,
                "recall": 0.6904761904761905,
                "f1-score": 0.7116564417177914,
                "support": 84
            },
            "2": {
                "precision": 0.719626168224299,
                "recall": 0.7129629629629629,
                "f1-score": 0.7162790697674418,
                "support": 108
            },
            "3": {
                "precision": 0.6902173913043478,
                "recall": 0.7559523809523809,
                "f1-score": 0.7215909090909091,
                "support": 168
            },
            "4": {
                "precision": 0.704225352112676,
                "recall": 0.6024096385542169,
                "f1-score": 0.6493506493506493,
                "support": 83
            },
            "accuracy": 0.7482993197278912,
            "macro avg": {
                "precision": 0.7437988852301848,
                "recall": 0.7289119587270813,
                "f1-score": 0.735117879738783,
                "support": 588
            },
            "weighted avg": {
                "precision": 0.7483949687245183,
                "recall": 0.7482993197278912,
                "f1-score": 0.7472516070302512,
                "support": 588
            },
            "score": 0.7482993197278912
        },
        "val": {
            "0": {
                "precision": 0.6666666666666666,
                "recall": 0.8333333333333334,
                "f1-score": 0.7407407407407408,
                "support": 12
            },
            "1": {
                "precision": 0.7777777777777778,
                "recall": 0.6363636363636364,
                "f1-score": 0.7000000000000001,
                "support": 11
            },
            "2": {
                "precision": 0.6428571428571429,
                "recall": 0.6923076923076923,
                "f1-score": 0.6666666666666666,
                "support": 13
            },
            "3": {
                "precision": 0.6785714285714286,
                "recall": 0.76,
                "f1-score": 0.7169811320754718,
                "support": 25
            },
            "4": {
                "precision": 0.75,
                "recall": 0.46153846153846156,
                "f1-score": 0.5714285714285714,
                "support": 13
            },
            "accuracy": 0.6891891891891891,
            "macro avg": {
                "precision": 0.7031746031746031,
                "recall": 0.6767086247086247,
                "f1-score": 0.6791634221822902,
                "support": 74
            },
            "weighted avg": {
                "precision": 0.6976619476619477,
                "recall": 0.6891891891891891,
                "f1-score": 0.6839007471082943,
                "support": 74
            },
            "score": 0.6891891891891891
        },
        "test": {
            "0": {
                "precision": 0.8571428571428571,
                "recall": 0.782608695652174,
                "f1-score": 0.8181818181818182,
                "support": 23
            },
            "1": {
                "precision": 0.5833333333333334,
                "recall": 0.5833333333333334,
                "f1-score": 0.5833333333333334,
                "support": 12
            },
            "2": {
                "precision": 0.35714285714285715,
                "recall": 0.5555555555555556,
                "f1-score": 0.43478260869565216,
                "support": 9
            },
            "3": {
                "precision": 0.6818181818181818,
                "recall": 0.7142857142857143,
                "f1-score": 0.6976744186046512,
                "support": 21
            },
            "4": {
                "precision": 0.6,
                "recall": 0.3333333333333333,
                "f1-score": 0.42857142857142855,
                "support": 9
            },
            "accuracy": 0.6486486486486487,
            "macro avg": {
                "precision": 0.6158874458874459,
                "recall": 0.5938233264320221,
                "f1-score": 0.5925087214773767,
                "support": 74
            },
            "weighted avg": {
                "precision": 0.6709020709020709,
                "recall": 0.6486486486486487,
                "f1-score": 0.6518855533011246,
                "support": 74
            },
            "score": 0.6486486486486487
        }
    },
    "time": "0:00:35"
}
