{
    "dataset": "credit-g",
    "algorithm": "resnet",
    "config": {
        "data": {
            "cat_policy": "indices",
            "normalization": "quantile",
            "path": "data/credit-g"
        },
        "model": {
            "activation": "relu",
            "d": 68,
            "d_embedding": 200,
            "d_hidden_factor": 3.022429258658862,
            "hidden_dropout": 0.4807651936856114,
            "n_layers": 7,
            "normalization": "batchnorm",
            "residual_dropout": 0.4931432638142947
        },
        "seed": 10,
        "training": {
            "batch_size": 256,
            "eval_batch_size": 32,
            "lr": 0.0002522556862028747,
            "n_epochs": 1000000000,
            "optimizer": "adamw",
            "patience": 16,
            "weight_decay": 0.0
        }
    },
    "environment": {
        "devices": {
            "CUDA_VISIBLE_DEVICES": null,
            "torch.version.cuda": "10.1",
            "torch.backends.cudnn.version()": 7603,
            "torch.cuda.nccl.version()": 2708,
            "driver": "470.256.02"
        }
    },
    "epoch_size": 4,
    "n_parameters": 386372,
    "best_epoch": 10,
    "metrics": {
        "train": {
            "0": {
                "precision": 0.6466666666666666,
                "recall": 0.4024896265560166,
                "f1-score": 0.4961636828644502,
                "support": 241
            },
            "1": {
                "precision": 0.7784615384615384,
                "recall": 0.9051878354203936,
                "f1-score": 0.837055417700579,
                "support": 559
            },
            "accuracy": 0.75375,
            "macro avg": {
                "precision": 0.7125641025641025,
                "recall": 0.6538387309882051,
                "f1-score": 0.6666095502825146,
                "support": 800
            },
            "weighted avg": {
                "precision": 0.7387583333333333,
                "recall": 0.75375,
                "f1-score": 0.7343617825811952,
                "support": 800
            },
            "roc_auc": 0.8117785909931041,
            "score": 0.75375
        },
        "val": {
            "0": {
                "precision": 0.8125,
                "recall": 0.41935483870967744,
                "f1-score": 0.5531914893617021,
                "support": 31
            },
            "1": {
                "precision": 0.7857142857142857,
                "recall": 0.9565217391304348,
                "f1-score": 0.8627450980392156,
                "support": 69
            },
            "accuracy": 0.79,
            "macro avg": {
                "precision": 0.7991071428571428,
                "recall": 0.6879382889200562,
                "f1-score": 0.7079682937004589,
                "support": 100
            },
            "weighted avg": {
                "precision": 0.7940178571428572,
                "recall": 0.79,
                "f1-score": 0.7667834793491864,
                "support": 100
            },
            "roc_auc": 0.8415147265077139,
            "score": 0.79
        },
        "test": {
            "0": {
                "precision": 0.5789473684210527,
                "recall": 0.39285714285714285,
                "f1-score": 0.46808510638297873,
                "support": 28
            },
            "1": {
                "precision": 0.7901234567901234,
                "recall": 0.8888888888888888,
                "f1-score": 0.8366013071895425,
                "support": 72
            },
            "accuracy": 0.75,
            "macro avg": {
                "precision": 0.684535412605588,
                "recall": 0.6408730158730158,
                "f1-score": 0.6523432067862607,
                "support": 100
            },
            "weighted avg": {
                "precision": 0.7309941520467836,
                "recall": 0.75,
                "f1-score": 0.7334167709637046,
                "support": 100
            },
            "roc_auc": 0.7782738095238095,
            "score": 0.75
        }
    },
    "time": "0:00:04"
}
