{
    "dataset": "credit-approval_algo_3",
    "algorithm": "mlp_mha",
    "config": {
        "data": {
            "cat_policy": "indices",
            "normalization": "quantile",
            "path": "data/credit-approval_algo_3"
        },
        "model": {
            "d_embedding": 254,
            "d_layers": [
                381
            ],
            "dropout": 0.2681497445040155
        },
        "seed": 5,
        "training": {
            "batch_size": 128,
            "eval_batch_size": 32,
            "lr": 0.0007637429136171826,
            "n_epochs": 1000000000,
            "optimizer": "adamw",
            "patience": 16,
            "weight_decay": 0.0
        }
    },
    "environment": {
        "devices": {
            "CUDA_VISIBLE_DEVICES": null,
            "torch.version.cuda": "10.1",
            "torch.backends.cudnn.version()": 7603,
            "torch.cuda.nccl.version()": 2708,
            "driver": "470.256.02"
        }
    },
    "epoch_size": 5,
    "n_parameters": 38644693,
    "best_epoch": 14,
    "metrics": {
        "train": {
            "0": {
                "precision": 0.909375,
                "recall": 0.9238095238095239,
                "f1-score": 0.9165354330708662,
                "support": 315
            },
            "1": {
                "precision": 0.896551724137931,
                "recall": 0.8776371308016878,
                "f1-score": 0.8869936034115139,
                "support": 237
            },
            "accuracy": 0.9039855072463768,
            "macro avg": {
                "precision": 0.9029633620689655,
                "recall": 0.9007233273056059,
                "f1-score": 0.90176451824119,
                "support": 552
            },
            "weighted avg": {
                "precision": 0.9038693543853074,
                "recall": 0.9039855072463768,
                "f1-score": 0.9038517127279921,
                "support": 552
            },
            "roc_auc": 0.9641685084723058,
            "score": 0.9039855072463768
        },
        "val": {
            "0": {
                "precision": 0.9210526315789473,
                "recall": 0.9210526315789473,
                "f1-score": 0.9210526315789473,
                "support": 38
            },
            "1": {
                "precision": 0.9032258064516129,
                "recall": 0.9032258064516129,
                "f1-score": 0.9032258064516129,
                "support": 31
            },
            "accuracy": 0.9130434782608695,
            "macro avg": {
                "precision": 0.9121392190152802,
                "recall": 0.9121392190152802,
                "f1-score": 0.9121392190152802,
                "support": 69
            },
            "weighted avg": {
                "precision": 0.9130434782608695,
                "recall": 0.9130434782608695,
                "f1-score": 0.9130434782608695,
                "support": 69
            },
            "roc_auc": 0.9422750424448217,
            "score": 0.9130434782608695
        },
        "test": {
            "0": {
                "precision": 0.8,
                "recall": 0.9333333333333333,
                "f1-score": 0.8615384615384616,
                "support": 30
            },
            "1": {
                "precision": 0.9411764705882353,
                "recall": 0.8205128205128205,
                "f1-score": 0.8767123287671232,
                "support": 39
            },
            "accuracy": 0.8695652173913043,
            "macro avg": {
                "precision": 0.8705882352941177,
                "recall": 0.8769230769230769,
                "f1-score": 0.8691253951527924,
                "support": 69
            },
            "weighted avg": {
                "precision": 0.8797953964194373,
                "recall": 0.8695652173913043,
                "f1-score": 0.8701149951894442,
                "support": 69
            },
            "roc_auc": 0.8982905982905983,
            "score": 0.8695652173913043
        }
    },
    "time": "0:01:32"
}
