{
    "dataset": "analcatdata",
    "algorithm": "ft_transformer",
    "config": {
        "data": {
            "cat_policy": "indices",
            "normalization": "quantile",
            "path": "data/analcatdata"
        },
        "model": {
            "activation": "reglu",
            "attention_dropout": 0.2368040226368552,
            "d_ffn_factor": 2.268488170625955,
            "d_token": 296,
            "ffn_dropout": 0.3902645881432277,
            "initialization": "kaiming",
            "n_heads": 8,
            "n_layers": 3,
            "prenormalization": true,
            "residual_dropout": 0.1279842042655048
        },
        "seed": 7,
        "training": {
            "batch_size": 256,
            "eval_batch_size": 8192,
            "lr": 1.935114088559527e-05,
            "n_epochs": 1000000000,
            "optimizer": "adamw",
            "patience": 16,
            "weight_decay": 0.0006823493012435792
        }
    },
    "environment": {
        "devices": {
            "CUDA_VISIBLE_DEVICES": null,
            "torch.version.cuda": "10.1",
            "torch.backends.cudnn.version()": 7603,
            "torch.cuda.nccl.version()": 2708,
            "driver": "470.256.02"
        }
    },
    "epoch_size": 3,
    "n_parameters": 2860432,
    "best_epoch": 4,
    "metrics": {
        "train": {
            "0": {
                "precision": 0.22916666666666666,
                "recall": 0.4074074074074074,
                "f1-score": 0.2933333333333333,
                "support": 108
            },
            "1": {
                "precision": 0.0,
                "recall": 0.0,
                "f1-score": 0.0,
                "support": 95
            },
            "2": {
                "precision": 0.0,
                "recall": 0.0,
                "f1-score": 0.0,
                "support": 108
            },
            "3": {
                "precision": 0.18,
                "recall": 0.08108108108108109,
                "f1-score": 0.11180124223602485,
                "support": 111
            },
            "4": {
                "precision": 0.2198581560283688,
                "recall": 0.2672413793103448,
                "f1-score": 0.2412451361867704,
                "support": 116
            },
            "5": {
                "precision": 0.21031746031746032,
                "recall": 0.5353535353535354,
                "f1-score": 0.301994301994302,
                "support": 99
            },
            "accuracy": 0.2150706436420722,
            "macro avg": {
                "precision": 0.13989038050208263,
                "recall": 0.21518056719206147,
                "f1-score": 0.15806233562507174,
                "support": 637
            },
            "weighted avg": {
                "precision": 0.1429434453229503,
                "recall": 0.2150706436420722,
                "f1-score": 0.1600813337257457,
                "support": 637
            },
            "score": 0.2150706436420722
        },
        "val": {
            "0": {
                "precision": 0.2608695652173913,
                "recall": 0.35294117647058826,
                "f1-score": 0.3,
                "support": 17
            },
            "1": {
                "precision": 0.0,
                "recall": 0.0,
                "f1-score": 0.0,
                "support": 12
            },
            "2": {
                "precision": 0.0,
                "recall": 0.0,
                "f1-score": 0.0,
                "support": 6
            },
            "3": {
                "precision": 0.5,
                "recall": 0.2,
                "f1-score": 0.28571428571428575,
                "support": 10
            },
            "4": {
                "precision": 0.3181818181818182,
                "recall": 0.3333333333333333,
                "f1-score": 0.3255813953488372,
                "support": 21
            },
            "5": {
                "precision": 0.25806451612903225,
                "recall": 0.5714285714285714,
                "f1-score": 0.35555555555555557,
                "support": 14
            },
            "accuracy": 0.2875,
            "macro avg": {
                "precision": 0.22285264992137363,
                "recall": 0.24295051353874883,
                "f1-score": 0.21114187276977978,
                "support": 80
            },
            "weighted avg": {
                "precision": 0.2466188002040036,
                "recall": 0.2875,
                "f1-score": 0.2471516242155777,
                "support": 80
            },
            "score": 0.2875
        },
        "test": {
            "0": {
                "precision": 0.23076923076923078,
                "recall": 0.5454545454545454,
                "f1-score": 0.3243243243243243,
                "support": 11
            },
            "1": {
                "precision": 0.0,
                "recall": 0.0,
                "f1-score": 0.0,
                "support": 17
            },
            "2": {
                "precision": 0.0,
                "recall": 0.0,
                "f1-score": 0.0,
                "support": 13
            },
            "3": {
                "precision": 0.16666666666666666,
                "recall": 0.09090909090909091,
                "f1-score": 0.11764705882352942,
                "support": 11
            },
            "4": {
                "precision": 0.23076923076923078,
                "recall": 0.16666666666666666,
                "f1-score": 0.1935483870967742,
                "support": 18
            },
            "5": {
                "precision": 0.17647058823529413,
                "recall": 0.6,
                "f1-score": 0.2727272727272727,
                "support": 10
            },
            "accuracy": 0.2,
            "macro avg": {
                "precision": 0.13411261940673705,
                "recall": 0.23383838383838382,
                "f1-score": 0.15137450716198345,
                "support": 80
            },
            "weighted avg": {
                "precision": 0.1286293363499246,
                "recall": 0.2,
                "f1-score": 0.13841036137051316,
                "support": 80
            },
            "score": 0.2
        }
    },
    "time": "0:00:09"
}
