{
    "dataset": "cylinder-bands",
    "algorithm": "ft_transformer",
    "config": {
        "data": {
            "cat_policy": "indices",
            "normalization": "quantile",
            "path": "data/cylinder-bands"
        },
        "model": {
            "activation": "reglu",
            "attention_dropout": 0.4245682338953446,
            "d_ffn_factor": 1.476248318914501,
            "d_token": 456,
            "ffn_dropout": 0.05039934939631608,
            "initialization": "kaiming",
            "n_heads": 8,
            "n_layers": 2,
            "prenormalization": true,
            "residual_dropout": 0.0
        },
        "seed": 4,
        "training": {
            "batch_size": 256,
            "eval_batch_size": 8192,
            "lr": 0.0003240003178527273,
            "n_epochs": 1000000000,
            "optimizer": "adamw",
            "patience": 16,
            "weight_decay": 4.889546080877294e-05
        }
    },
    "environment": {
        "devices": {
            "CUDA_VISIBLE_DEVICES": null,
            "torch.version.cuda": "11.7",
            "torch.backends.cudnn.version()": 8500,
            "torch.cuda.nccl.version()": [
                2,
                14,
                3
            ],
            "driver": "560.35.03"
        }
    },
    "epoch_size": 2,
    "n_parameters": 3594149,
    "best_epoch": 25,
    "metrics": {
        "train": {
            "0": {
                "precision": 0.8657243816254417,
                "recall": 0.9722222222222222,
                "f1-score": 0.9158878504672897,
                "support": 252
            },
            "1": {
                "precision": 0.9530201342281879,
                "recall": 0.7888888888888889,
                "f1-score": 0.8632218844984801,
                "support": 180
            },
            "accuracy": 0.8958333333333334,
            "macro avg": {
                "precision": 0.9093722579268149,
                "recall": 0.8805555555555555,
                "f1-score": 0.8895548674828849,
                "support": 432
            },
            "weighted avg": {
                "precision": 0.902097611876586,
                "recall": 0.8958333333333334,
                "f1-score": 0.8939436979802856,
                "support": 432
            },
            "roc_auc": 0.9692460317460317,
            "score": 0.8958333333333334
        },
        "val": {
            "0": {
                "precision": 0.8717948717948718,
                "recall": 1.0,
                "f1-score": 0.9315068493150686,
                "support": 34
            },
            "1": {
                "precision": 1.0,
                "recall": 0.75,
                "f1-score": 0.8571428571428571,
                "support": 20
            },
            "accuracy": 0.9074074074074074,
            "macro avg": {
                "precision": 0.9358974358974359,
                "recall": 0.875,
                "f1-score": 0.8943248532289628,
                "support": 54
            },
            "weighted avg": {
                "precision": 0.919278252611586,
                "recall": 0.9074074074074074,
                "f1-score": 0.9039646299920273,
                "support": 54
            },
            "roc_auc": 0.95,
            "score": 0.9074074074074074
        },
        "test": {
            "0": {
                "precision": 0.6857142857142857,
                "recall": 0.9230769230769231,
                "f1-score": 0.7868852459016394,
                "support": 26
            },
            "1": {
                "precision": 0.8947368421052632,
                "recall": 0.6071428571428571,
                "f1-score": 0.7234042553191489,
                "support": 28
            },
            "accuracy": 0.7592592592592593,
            "macro avg": {
                "precision": 0.7902255639097744,
                "recall": 0.7651098901098901,
                "f1-score": 0.7551447506103941,
                "support": 54
            },
            "weighted avg": {
                "precision": 0.7940963519910889,
                "recall": 0.7592592592592593,
                "f1-score": 0.7539691767107184,
                "support": 54
            },
            "roc_auc": 0.8763736263736264,
            "score": 0.7592592592592593
        }
    },
    "time": "0:01:05"
}
