{
    "dataset": "eucalyptus",
    "algorithm": "resnet",
    "config": {
        "data": {
            "cat_policy": "indices",
            "normalization": "quantile",
            "path": "data/eucalyptus"
        },
        "model": {
            "activation": "relu",
            "d": 146,
            "d_embedding": 155,
            "d_hidden_factor": 3.252058423655368,
            "hidden_dropout": 0.3039153343577339,
            "n_layers": 5,
            "normalization": "batchnorm",
            "residual_dropout": 0.01921271323636736
        },
        "seed": 3,
        "training": {
            "batch_size": 256,
            "eval_batch_size": 32,
            "lr": 0.0007995068220796498,
            "n_epochs": 1000000000,
            "optimizer": "adamw",
            "patience": 16,
            "weight_decay": 0.0
        }
    },
    "environment": {
        "devices": {
            "CUDA_VISIBLE_DEVICES": null,
            "torch.version.cuda": "10.1",
            "torch.backends.cudnn.version()": 7603,
            "torch.cuda.nccl.version()": 2708,
            "driver": "470.256.02"
        }
    },
    "epoch_size": 3,
    "n_parameters": 824902,
    "best_epoch": 20,
    "metrics": {
        "train": {
            "0": {
                "precision": 0.9923076923076923,
                "recall": 0.8896551724137931,
                "f1-score": 0.9381818181818182,
                "support": 145
            },
            "1": {
                "precision": 0.8085106382978723,
                "recall": 0.9047619047619048,
                "f1-score": 0.853932584269663,
                "support": 84
            },
            "2": {
                "precision": 0.8771929824561403,
                "recall": 0.9259259259259259,
                "f1-score": 0.9009009009009009,
                "support": 108
            },
            "3": {
                "precision": 0.9171974522292994,
                "recall": 0.8571428571428571,
                "f1-score": 0.8861538461538463,
                "support": 168
            },
            "4": {
                "precision": 0.8279569892473119,
                "recall": 0.927710843373494,
                "f1-score": 0.8749999999999999,
                "support": 83
            },
            "accuracy": 0.8945578231292517,
            "macro avg": {
                "precision": 0.8846331509076633,
                "recall": 0.901039340723595,
                "f1-score": 0.8908338299012456,
                "support": 588
            },
            "weighted avg": {
                "precision": 0.900248219709097,
                "recall": 0.8945578231292517,
                "f1-score": 0.8955150410989096,
                "support": 588
            },
            "score": 0.8945578231292517
        },
        "val": {
            "0": {
                "precision": 0.7857142857142857,
                "recall": 0.9166666666666666,
                "f1-score": 0.8461538461538461,
                "support": 12
            },
            "1": {
                "precision": 0.7,
                "recall": 0.6363636363636364,
                "f1-score": 0.6666666666666666,
                "support": 11
            },
            "2": {
                "precision": 0.625,
                "recall": 0.7692307692307693,
                "f1-score": 0.6896551724137931,
                "support": 13
            },
            "3": {
                "precision": 0.7307692307692307,
                "recall": 0.76,
                "f1-score": 0.7450980392156863,
                "support": 25
            },
            "4": {
                "precision": 0.75,
                "recall": 0.46153846153846156,
                "f1-score": 0.5714285714285714,
                "support": 13
            },
            "accuracy": 0.7162162162162162,
            "macro avg": {
                "precision": 0.7182967032967034,
                "recall": 0.7087599067599069,
                "f1-score": 0.7038004591757128,
                "support": 74
            },
            "weighted avg": {
                "precision": 0.7199027324027323,
                "recall": 0.7162162162162162,
                "f1-score": 0.7095772856421945,
                "support": 74
            },
            "score": 0.7162162162162162
        },
        "test": {
            "0": {
                "precision": 0.8947368421052632,
                "recall": 0.7391304347826086,
                "f1-score": 0.8095238095238095,
                "support": 23
            },
            "1": {
                "precision": 0.42857142857142855,
                "recall": 0.5,
                "f1-score": 0.4615384615384615,
                "support": 12
            },
            "2": {
                "precision": 0.26666666666666666,
                "recall": 0.4444444444444444,
                "f1-score": 0.33333333333333337,
                "support": 9
            },
            "3": {
                "precision": 0.6666666666666666,
                "recall": 0.5714285714285714,
                "f1-score": 0.6153846153846153,
                "support": 21
            },
            "4": {
                "precision": 0.5,
                "recall": 0.4444444444444444,
                "f1-score": 0.47058823529411764,
                "support": 9
            },
            "accuracy": 0.581081081081081,
            "macro avg": {
                "precision": 0.551328320802005,
                "recall": 0.5398895790200138,
                "f1-score": 0.5380736910148676,
                "support": 74
            },
            "weighted avg": {
                "precision": 0.6300243852875431,
                "recall": 0.581081081081081,
                "f1-score": 0.5988632459220694,
                "support": 74
            },
            "score": 0.581081081081081
        }
    },
    "time": "0:00:04"
}
