{
    "dataset": "nursery_algo_3",
    "algorithm": "mlp_mha",
    "config": {
        "data": {
            "cat_policy": "ohe",
            "normalization": "quantile",
            "path": "data/nursery_algo_3"
        },
        "model": {
            "d_embedding": 241,
            "d_layers": [
                286,
                148,
                148,
                148
            ],
            "dropout": 0.0
        },
        "seed": 1,
        "training": {
            "batch_size": 256,
            "eval_batch_size": 8192,
            "lr": 0.001451770489609484,
            "n_epochs": 1000000000,
            "optimizer": "adamw",
            "patience": 16,
            "weight_decay": 2.691905824926071e-06
        }
    },
    "environment": {},
    "epoch_size": 41,
    "n_parameters": 2846261,
    "best_epoch": 41,
    "metrics": {
        "train": {
            "0": {
                "precision": 1.0,
                "recall": 1.0,
                "f1-score": 1.0,
                "support": 3456
            },
            "1": {
                "precision": 0.9981383803909402,
                "recall": 0.994435857805255,
                "f1-score": 0.996283679157634,
                "support": 3235
            },
            "2": {
                "precision": 0.9924242424242424,
                "recall": 1.0,
                "f1-score": 0.9961977186311787,
                "support": 262
            },
            "3": {
                "precision": 0.9947445255474453,
                "recall": 0.9982420158218576,
                "f1-score": 0.9964902018133956,
                "support": 3413
            },
            "4": {
                "precision": 0.0,
                "recall": 0.0,
                "f1-score": 0.0,
                "support": 2
            },
            "accuracy": 0.9974922839506173,
            "macro avg": {
                "precision": 0.7970614296725256,
                "recall": 0.7985355747254225,
                "f1-score": 0.7977943199204416,
                "support": 10368
            },
            "weighted avg": {
                "precision": 0.997304772161774,
                "recall": 0.9974922839506173,
                "f1-score": 0.9973960805502926,
                "support": 10368
            },
            "score": 0.9974922839506173
        },
        "val": {
            "0": {
                "precision": 1.0,
                "recall": 1.0,
                "f1-score": 1.0,
                "support": 418
            },
            "1": {
                "precision": 1.0,
                "recall": 1.0,
                "f1-score": 1.0,
                "support": 402
            },
            "2": {
                "precision": 1.0,
                "recall": 1.0,
                "f1-score": 1.0,
                "support": 37
            },
            "3": {
                "precision": 1.0,
                "recall": 1.0,
                "f1-score": 1.0,
                "support": 439
            },
            "accuracy": 1.0,
            "macro avg": {
                "precision": 1.0,
                "recall": 1.0,
                "f1-score": 1.0,
                "support": 1296
            },
            "weighted avg": {
                "precision": 1.0,
                "recall": 1.0,
                "f1-score": 1.0,
                "support": 1296
            },
            "score": 1.0
        },
        "test": {
            "0": {
                "precision": 1.0,
                "recall": 1.0,
                "f1-score": 1.0,
                "support": 446
            },
            "1": {
                "precision": 1.0,
                "recall": 0.9975429975429976,
                "f1-score": 0.998769987699877,
                "support": 407
            },
            "2": {
                "precision": 1.0,
                "recall": 1.0,
                "f1-score": 1.0,
                "support": 29
            },
            "3": {
                "precision": 0.9975903614457832,
                "recall": 1.0,
                "f1-score": 0.9987937273823884,
                "support": 414
            },
            "accuracy": 0.9992283950617284,
            "macro avg": {
                "precision": 0.9993975903614458,
                "recall": 0.9993857493857494,
                "f1-score": 0.9993909287705662,
                "support": 1296
            },
            "weighted avg": {
                "precision": 0.9992302543507362,
                "recall": 0.9992283950617284,
                "f1-score": 0.9992283859029003,
                "support": 1296
            },
            "score": 0.9992283950617284
        }
    },
    "time": "0:05:43"
}
