{
    "config": {
        "data": {
            "cat_policy": "ohe",
            "path": "data/sick"
        },
        "fit": {
            "early_stopping_rounds": 50,
            "verbose": false
        },
        "model": {
            "alpha": 0,
            "booster": "gbtree",
            "colsample_bylevel": 0.5510283817844643,
            "colsample_bytree": 0.8463277170746664,
            "gamma": 0,
            "lambda": 0.0002258619672456327,
            "learning_rate": 0.623815540201843,
            "max_depth": 7,
            "min_child_weight": 1.317233677879026e-05,
            "n_estimators": 2000,
            "n_jobs": -1,
            "subsample": 0.5088411382455749,
            "tree_method": "gpu_hist"
        },
        "seed": 1
    },
    "environment": {
        "devices": {
            "CUDA_VISIBLE_DEVICES": null,
            "torch.version.cuda": "10.1",
            "torch.backends.cudnn.version()": 7603,
            "torch.cuda.nccl.version()": 2708,
            "driver": "470.256.02"
        }
    },
    "dataset": "sick",
    "algorithm": "xgboost_",
    "metrics": {
        "train": {
            "0": {
                "precision": 0.9971631205673759,
                "recall": 0.9957507082152974,
                "f1-score": 0.9964564138908575,
                "support": 2824
            },
            "1": {
                "precision": 0.9390862944162437,
                "recall": 0.9585492227979274,
                "f1-score": 0.9487179487179487,
                "support": 193
            },
            "accuracy": 0.9933708982432881,
            "macro avg": {
                "precision": 0.9681247074918098,
                "recall": 0.9771499655066125,
                "f1-score": 0.9725871813044031,
                "support": 3017
            },
            "weighted avg": {
                "precision": 0.9934478976813406,
                "recall": 0.9933708982432881,
                "f1-score": 0.9934025445576219,
                "support": 3017
            },
            "roc_auc": 0.987776864477682,
            "score": 0.9933708982432881
        },
        "val": {
            "0": {
                "precision": 0.9916434540389972,
                "recall": 0.9971988795518207,
                "f1-score": 0.994413407821229,
                "support": 357
            },
            "1": {
                "precision": 0.9444444444444444,
                "recall": 0.85,
                "f1-score": 0.8947368421052632,
                "support": 20
            },
            "accuracy": 0.9893899204244032,
            "macro avg": {
                "precision": 0.9680439492417208,
                "recall": 0.9235994397759104,
                "f1-score": 0.9445751249632461,
                "support": 377
            },
            "weighted avg": {
                "precision": 0.9891395278005595,
                "recall": 0.9893899204244032,
                "f1-score": 0.989125526350886,
                "support": 377
            },
            "roc_auc": 0.921638655462185,
            "score": 0.9893899204244032
        },
        "test": {
            "0": {
                "precision": 0.9916201117318436,
                "recall": 0.9861111111111112,
                "f1-score": 0.9888579387186631,
                "support": 360
            },
            "1": {
                "precision": 0.75,
                "recall": 0.8333333333333334,
                "f1-score": 0.7894736842105262,
                "support": 18
            },
            "accuracy": 0.9788359788359788,
            "macro avg": {
                "precision": 0.8708100558659218,
                "recall": 0.9097222222222223,
                "f1-score": 0.8891658114645946,
                "support": 378
            },
            "weighted avg": {
                "precision": 0.9801143921255654,
                "recall": 0.9788359788359788,
                "f1-score": 0.979363450408752,
                "support": 378
            },
            "roc_auc": 0.9397376543209874,
            "score": 0.9788359788359788
        }
    },
    "time": "0:00:01"
}
