{
    "config": {
        "data": {
            "cat_policy": "ohe",
            "path": "data/analcatdata"
        },
        "fit": {
            "early_stopping_rounds": 50,
            "verbose": false
        },
        "model": {
            "alpha": 0,
            "booster": "gbtree",
            "colsample_bylevel": 0.6989376795401535,
            "colsample_bytree": 0.7572607161725085,
            "gamma": 0,
            "lambda": 0,
            "learning_rate": 0.3061156050996376,
            "max_depth": 6,
            "min_child_weight": 0.000151332613172996,
            "n_estimators": 2000,
            "n_jobs": -1,
            "subsample": 0.8367279110965042,
            "tree_method": "gpu_hist"
        },
        "seed": 0
    },
    "environment": {
        "devices": {
            "CUDA_VISIBLE_DEVICES": null,
            "torch.version.cuda": "10.1",
            "torch.backends.cudnn.version()": 7603,
            "torch.cuda.nccl.version()": 2708,
            "driver": "470.256.02"
        }
    },
    "dataset": "analcatdata",
    "algorithm": "xgboost_",
    "metrics": {
        "train": {
            "0": {
                "precision": 0.425,
                "recall": 0.3148148148148148,
                "f1-score": 0.3617021276595745,
                "support": 108
            },
            "1": {
                "precision": 0.4888888888888889,
                "recall": 0.23157894736842105,
                "f1-score": 0.3142857142857143,
                "support": 95
            },
            "2": {
                "precision": 0.3434343434343434,
                "recall": 0.3148148148148148,
                "f1-score": 0.3285024154589372,
                "support": 108
            },
            "3": {
                "precision": 0.33548387096774196,
                "recall": 0.46846846846846846,
                "f1-score": 0.39097744360902253,
                "support": 111
            },
            "4": {
                "precision": 0.30337078651685395,
                "recall": 0.23275862068965517,
                "f1-score": 0.2634146341463414,
                "support": 116
            },
            "5": {
                "precision": 0.3076923076923077,
                "recall": 0.5252525252525253,
                "f1-score": 0.3880597014925373,
                "support": 99
            },
            "accuracy": 0.3469387755102041,
            "macro avg": {
                "precision": 0.3673116995833559,
                "recall": 0.3479480319014499,
                "f1-score": 0.3411570061086879,
                "support": 637
            },
            "weighted avg": {
                "precision": 0.3647199574729457,
                "recall": 0.3469387755102041,
                "f1-score": 0.34030100119824247,
                "support": 637
            },
            "score": 0.3469387755102041
        },
        "val": {
            "0": {
                "precision": 0.5555555555555556,
                "recall": 0.29411764705882354,
                "f1-score": 0.3846153846153846,
                "support": 17
            },
            "1": {
                "precision": 0.5,
                "recall": 0.16666666666666666,
                "f1-score": 0.25,
                "support": 12
            },
            "2": {
                "precision": 0.2,
                "recall": 0.3333333333333333,
                "f1-score": 0.25,
                "support": 6
            },
            "3": {
                "precision": 0.1875,
                "recall": 0.3,
                "f1-score": 0.23076923076923075,
                "support": 10
            },
            "4": {
                "precision": 0.3,
                "recall": 0.14285714285714285,
                "f1-score": 0.19354838709677416,
                "support": 21
            },
            "5": {
                "precision": 0.25806451612903225,
                "recall": 0.5714285714285714,
                "f1-score": 0.35555555555555557,
                "support": 14
            },
            "accuracy": 0.2875,
            "macro avg": {
                "precision": 0.3335200119474313,
                "recall": 0.3014005602240896,
                "f1-score": 0.2774147596728242,
                "support": 80
            },
            "weighted avg": {
                "precision": 0.35540434587813624,
                "recall": 0.2875,
                "f1-score": 0.27985559691204853,
                "support": 80
            },
            "score": 0.2875
        },
        "test": {
            "0": {
                "precision": 0.1111111111111111,
                "recall": 0.09090909090909091,
                "f1-score": 0.09999999999999999,
                "support": 11
            },
            "1": {
                "precision": 0.25,
                "recall": 0.11764705882352941,
                "f1-score": 0.15999999999999998,
                "support": 17
            },
            "2": {
                "precision": 0.07692307692307693,
                "recall": 0.07692307692307693,
                "f1-score": 0.07692307692307693,
                "support": 13
            },
            "3": {
                "precision": 0.17647058823529413,
                "recall": 0.2727272727272727,
                "f1-score": 0.21428571428571427,
                "support": 11
            },
            "4": {
                "precision": 0.3333333333333333,
                "recall": 0.2777777777777778,
                "f1-score": 0.303030303030303,
                "support": 18
            },
            "5": {
                "precision": 0.16666666666666666,
                "recall": 0.3,
                "f1-score": 0.21428571428571427,
                "support": 10
            },
            "accuracy": 0.1875,
            "macro avg": {
                "precision": 0.1857507960449137,
                "recall": 0.18933071286012462,
                "f1-score": 0.1780874680874681,
                "support": 80
            },
            "weighted avg": {
                "precision": 0.20100081699346406,
                "recall": 0.1875,
                "f1-score": 0.18468181818181814,
                "support": 80
            },
            "score": 0.1875
        }
    },
    "time": "0:00:02"
}
