{
    "dataset": "eucalyptus",
    "algorithm": "ft_transformer",
    "config": {
        "data": {
            "cat_policy": "indices",
            "normalization": "quantile",
            "path": "data/eucalyptus"
        },
        "model": {
            "activation": "reglu",
            "attention_dropout": 0.3501458529787257,
            "d_ffn_factor": 2.520137596675008,
            "d_token": 192,
            "ffn_dropout": 0.4303801489543005,
            "initialization": "kaiming",
            "n_heads": 8,
            "n_layers": 2,
            "prenormalization": true,
            "residual_dropout": 0.0
        },
        "seed": 10,
        "training": {
            "batch_size": 256,
            "eval_batch_size": 32,
            "lr": 0.0008425814163303901,
            "n_epochs": 1000000000,
            "optimizer": "adamw",
            "patience": 16,
            "weight_decay": 7.50710532458074e-05
        }
    },
    "environment": {
        "devices": {
            "CUDA_VISIBLE_DEVICES": null,
            "torch.version.cuda": "10.1",
            "torch.backends.cudnn.version()": 7603,
            "torch.cuda.nccl.version()": 2708,
            "driver": "470.256.02"
        }
    },
    "epoch_size": 3,
    "n_parameters": 878993,
    "best_epoch": 12,
    "metrics": {
        "train": {
            "0": {
                "precision": 0.948905109489051,
                "recall": 0.896551724137931,
                "f1-score": 0.9219858156028369,
                "support": 145
            },
            "1": {
                "precision": 0.6339285714285714,
                "recall": 0.8452380952380952,
                "f1-score": 0.7244897959183674,
                "support": 84
            },
            "2": {
                "precision": 0.7794117647058824,
                "recall": 0.49074074074074076,
                "f1-score": 0.6022727272727273,
                "support": 108
            },
            "3": {
                "precision": 0.7023809523809523,
                "recall": 0.7023809523809523,
                "f1-score": 0.7023809523809523,
                "support": 168
            },
            "4": {
                "precision": 0.6116504854368932,
                "recall": 0.7590361445783133,
                "f1-score": 0.6774193548387097,
                "support": 83
            },
            "accuracy": 0.7397959183673469,
            "macro avg": {
                "precision": 0.7352553766882701,
                "recall": 0.7387895314152065,
                "f1-score": 0.7257097292027188,
                "support": 588
            },
            "weighted avg": {
                "precision": 0.7547358873391323,
                "recall": 0.7397959183673469,
                "f1-score": 0.7377829032595606,
                "support": 588
            },
            "score": 0.7397959183673469
        },
        "val": {
            "0": {
                "precision": 0.7058823529411765,
                "recall": 1.0,
                "f1-score": 0.8275862068965517,
                "support": 12
            },
            "1": {
                "precision": 0.7777777777777778,
                "recall": 0.6363636363636364,
                "f1-score": 0.7000000000000001,
                "support": 11
            },
            "2": {
                "precision": 0.8,
                "recall": 0.6153846153846154,
                "f1-score": 0.6956521739130435,
                "support": 13
            },
            "3": {
                "precision": 0.7586206896551724,
                "recall": 0.88,
                "f1-score": 0.8148148148148148,
                "support": 25
            },
            "4": {
                "precision": 0.8888888888888888,
                "recall": 0.6153846153846154,
                "f1-score": 0.7272727272727274,
                "support": 13
            },
            "accuracy": 0.7702702702702703,
            "macro avg": {
                "precision": 0.7862339418526031,
                "recall": 0.7494265734265734,
                "f1-score": 0.7530651845794275,
                "support": 74
            },
            "weighted avg": {
                "precision": 0.7830704944295208,
                "recall": 0.7702702702702703,
                "f1-score": 0.7635057914668109,
                "support": 74
            },
            "score": 0.7702702702702703
        },
        "test": {
            "0": {
                "precision": 0.8947368421052632,
                "recall": 0.7391304347826086,
                "f1-score": 0.8095238095238095,
                "support": 23
            },
            "1": {
                "precision": 0.5882352941176471,
                "recall": 0.8333333333333334,
                "f1-score": 0.6896551724137931,
                "support": 12
            },
            "2": {
                "precision": 0.2857142857142857,
                "recall": 0.2222222222222222,
                "f1-score": 0.25,
                "support": 9
            },
            "3": {
                "precision": 0.75,
                "recall": 0.7142857142857143,
                "f1-score": 0.7317073170731706,
                "support": 21
            },
            "4": {
                "precision": 0.6363636363636364,
                "recall": 0.7777777777777778,
                "f1-score": 0.7000000000000001,
                "support": 9
            },
            "accuracy": 0.6891891891891891,
            "macro avg": {
                "precision": 0.6310100116601665,
                "recall": 0.6573498964803313,
                "f1-score": 0.6361772598021547,
                "support": 74
            },
            "weighted avg": {
                "precision": 0.6984658404937042,
                "recall": 0.6891891891891891,
                "f1-score": 0.6866319371155367,
                "support": 74
            },
            "score": 0.6891891891891891
        }
    },
    "time": "0:00:13"
}
