{
    "dataset": "analcatdata",
    "algorithm": "ft_transformer",
    "config": {
        "data": {
            "cat_policy": "indices",
            "normalization": "quantile",
            "path": "data/analcatdata"
        },
        "model": {
            "activation": "reglu",
            "attention_dropout": 0.2368040226368552,
            "d_ffn_factor": 2.268488170625955,
            "d_token": 296,
            "ffn_dropout": 0.3902645881432277,
            "initialization": "kaiming",
            "n_heads": 8,
            "n_layers": 3,
            "prenormalization": true,
            "residual_dropout": 0.1279842042655048
        },
        "seed": 10,
        "training": {
            "batch_size": 256,
            "eval_batch_size": 8192,
            "lr": 1.935114088559527e-05,
            "n_epochs": 1000000000,
            "optimizer": "adamw",
            "patience": 16,
            "weight_decay": 0.0006823493012435792
        }
    },
    "environment": {
        "devices": {
            "CUDA_VISIBLE_DEVICES": null,
            "torch.version.cuda": "10.1",
            "torch.backends.cudnn.version()": 7603,
            "torch.cuda.nccl.version()": 2708,
            "driver": "470.256.02"
        }
    },
    "epoch_size": 3,
    "n_parameters": 2860432,
    "best_epoch": 2,
    "metrics": {
        "train": {
            "0": {
                "precision": 0.19653179190751446,
                "recall": 0.3148148148148148,
                "f1-score": 0.24199288256227755,
                "support": 108
            },
            "1": {
                "precision": 0.17567567567567569,
                "recall": 0.1368421052631579,
                "f1-score": 0.15384615384615385,
                "support": 95
            },
            "2": {
                "precision": 0.0,
                "recall": 0.0,
                "f1-score": 0.0,
                "support": 108
            },
            "3": {
                "precision": 0.2236842105263158,
                "recall": 0.3063063063063063,
                "f1-score": 0.2585551330798479,
                "support": 111
            },
            "4": {
                "precision": 0.11009174311926606,
                "recall": 0.10344827586206896,
                "f1-score": 0.10666666666666669,
                "support": 116
            },
            "5": {
                "precision": 0.14166666666666666,
                "recall": 0.1717171717171717,
                "f1-score": 0.1552511415525114,
                "support": 99
            },
            "accuracy": 0.1726844583987441,
            "macro avg": {
                "precision": 0.14127501464923978,
                "recall": 0.17218811232725328,
                "f1-score": 0.1527186629512429,
                "support": 637
            },
            "weighted avg": {
                "precision": 0.14056391253603873,
                "recall": 0.1726844583987441,
                "f1-score": 0.15257995612402775,
                "support": 637
            },
            "score": 0.1726844583987441
        },
        "val": {
            "0": {
                "precision": 0.2608695652173913,
                "recall": 0.35294117647058826,
                "f1-score": 0.3,
                "support": 17
            },
            "1": {
                "precision": 0.1111111111111111,
                "recall": 0.08333333333333333,
                "f1-score": 0.09523809523809525,
                "support": 12
            },
            "2": {
                "precision": 0.0,
                "recall": 0.0,
                "f1-score": 0.0,
                "support": 6
            },
            "3": {
                "precision": 0.2777777777777778,
                "recall": 0.5,
                "f1-score": 0.35714285714285715,
                "support": 10
            },
            "4": {
                "precision": 0.3076923076923077,
                "recall": 0.19047619047619047,
                "f1-score": 0.23529411764705882,
                "support": 21
            },
            "5": {
                "precision": 0.17647058823529413,
                "recall": 0.21428571428571427,
                "f1-score": 0.1935483870967742,
                "support": 14
            },
            "accuracy": 0.2375,
            "macro avg": {
                "precision": 0.18898689167231367,
                "recall": 0.22350606909430437,
                "f1-score": 0.19687057618746426,
                "support": 80
            },
            "weighted avg": {
                "precision": 0.21847525520799177,
                "recall": 0.2375,
                "f1-score": 0.21831424505285985,
                "support": 80
            },
            "score": 0.2375
        },
        "test": {
            "0": {
                "precision": 0.10526315789473684,
                "recall": 0.18181818181818182,
                "f1-score": 0.13333333333333333,
                "support": 11
            },
            "1": {
                "precision": 0.23076923076923078,
                "recall": 0.17647058823529413,
                "f1-score": 0.20000000000000004,
                "support": 17
            },
            "2": {
                "precision": 1.0,
                "recall": 0.07692307692307693,
                "f1-score": 0.14285714285714288,
                "support": 13
            },
            "3": {
                "precision": 0.3076923076923077,
                "recall": 0.36363636363636365,
                "f1-score": 0.33333333333333337,
                "support": 11
            },
            "4": {
                "precision": 0.26666666666666666,
                "recall": 0.2222222222222222,
                "f1-score": 0.2424242424242424,
                "support": 18
            },
            "5": {
                "precision": 0.05263157894736842,
                "recall": 0.1,
                "f1-score": 0.06896551724137931,
                "support": 10
            },
            "accuracy": 0.1875,
            "macro avg": {
                "precision": 0.327170490328385,
                "recall": 0.1868450721391898,
                "f1-score": 0.18681892819823853,
                "support": 80
            },
            "weighted avg": {
                "precision": 0.33489878542510126,
                "recall": 0.1875,
                "f1-score": 0.19304709658157937,
                "support": 80
            },
            "score": 0.1875
        }
    },
    "time": "0:00:08"
}
