{
    "dataset": "adult",
    "algorithm": "ft_transformer",
    "config": {
        "data": {
            "cat_policy": "indices",
            "normalization": "quantile",
            "path": "data/adult"
        },
        "model": {
            "activation": "reglu",
            "attention_dropout": 0.290284712609104,
            "d_ffn_factor": 2.037608078057796,
            "d_token": 352,
            "ffn_dropout": 0.1605824872092634,
            "initialization": "kaiming",
            "n_heads": 8,
            "n_layers": 3,
            "prenormalization": true,
            "residual_dropout": 0.0
        },
        "seed": 3,
        "training": {
            "batch_size": 256,
            "eval_batch_size": 8192,
            "lr": 2.670080766240071e-05,
            "n_epochs": 1000000000,
            "optimizer": "adamw",
            "patience": 16,
            "weight_decay": 1.878836874957554e-05
        }
    },
    "environment": {
        "devices": {
            "CUDA_VISIBLE_DEVICES": null,
            "torch.version.cuda": "11.7",
            "torch.backends.cudnn.version()": 8500,
            "torch.cuda.nccl.version()": [
                2,
                14,
                3
            ],
            "driver": "560.35.03"
        }
    },
    "epoch_size": 153,
    "n_parameters": 3815759,
    "best_epoch": 6,
    "metrics": {
        "train": {
            "0": {
                "precision": 0.8872511485451761,
                "recall": 0.9350413556586645,
                "f1-score": 0.9105195953246243,
                "support": 29742
            },
            "1": {
                "precision": 0.7500646830530401,
                "recall": 0.6213030432918989,
                "f1-score": 0.6796389637791583,
                "support": 9332
            },
            "accuracy": 0.8601115831499206,
            "macro avg": {
                "precision": 0.8186579157991081,
                "recall": 0.7781721994752817,
                "f1-score": 0.7950792795518913,
                "support": 39074
            },
            "weighted avg": {
                "precision": 0.8544870574366994,
                "recall": 0.8601115831499206,
                "f1-score": 0.8553786306529171,
                "support": 39074
            },
            "roc_auc": 0.9167910810365916,
            "score": 0.8601115831499206
        },
        "val": {
            "0": {
                "precision": 0.878772378516624,
                "recall": 0.9352204681545999,
                "f1-score": 0.9061181434599155,
                "support": 3674
            },
            "1": {
                "precision": 0.75564681724846,
                "recall": 0.6082644628099173,
                "f1-score": 0.6739926739926739,
                "support": 1210
            },
            "accuracy": 0.8542178542178542,
            "macro avg": {
                "precision": 0.817209597882542,
                "recall": 0.7717424654822587,
                "f1-score": 0.7900554087262948,
                "support": 4884
            },
            "weighted avg": {
                "precision": 0.8482682980222591,
                "recall": 0.8542178542178542,
                "f1-score": 0.8486095812045177,
                "support": 4884
            },
            "roc_auc": 0.9096521457460736,
            "score": 0.8542178542178542
        },
        "test": {
            "0": {
                "precision": 0.8869741510390269,
                "recall": 0.9360791655522868,
                "f1-score": 0.9108653220559532,
                "support": 3739
            },
            "1": {
                "precision": 0.7452025586353944,
                "recall": 0.6104803493449782,
                "f1-score": 0.6711473835813732,
                "support": 1145
            },
            "accuracy": 0.8597461097461098,
            "macro avg": {
                "precision": 0.8160883548372106,
                "recall": 0.7732797574486325,
                "f1-score": 0.7910063528186632,
                "support": 4884
            },
            "weighted avg": {
                "precision": 0.8537373628936217,
                "recall": 0.8597461097461098,
                "f1-score": 0.8546660920081658,
                "support": 4884
            },
            "roc_auc": 0.9120417270573011,
            "score": 0.8597461097461098
        }
    },
    "time": "0:27:19"
}
