{
    "dataset": "kr-vs-kp_algo_3",
    "algorithm": "mlp_mha",
    "config": {
        "data": {
            "cat_policy": "indices",
            "normalization": "quantile",
            "path": "data/kr-vs-kp_algo_3"
        },
        "model": {
            "d_embedding": 152,
            "d_layers": [
                166,
                26
            ],
            "dropout": 0.1686980802086342
        },
        "seed": 1,
        "training": {
            "batch_size": 256,
            "eval_batch_size": 8192,
            "lr": 0.0008800667561385505,
            "n_epochs": 1000000000,
            "optimizer": "adamw",
            "patience": 16,
            "weight_decay": 0.0
        }
    },
    "environment": {
        "devices": {
            "CUDA_VISIBLE_DEVICES": null,
            "torch.version.cuda": "10.1",
            "torch.backends.cudnn.version()": 7603,
            "torch.cuda.nccl.version()": 2708,
            "driver": "470.256.02"
        }
    },
    "epoch_size": 10,
    "n_parameters": 156826679,
    "best_epoch": 25,
    "metrics": {
        "train": {
            "0": {
                "precision": 0.991876523151909,
                "recall": 0.9951100244498777,
                "f1-score": 0.9934906427990235,
                "support": 1227
            },
            "1": {
                "precision": 0.9954716981132076,
                "recall": 0.9924755455229496,
                "f1-score": 0.9939713639788998,
                "support": 1329
            },
            "accuracy": 0.9937402190923318,
            "macro avg": {
                "precision": 0.9936741106325583,
                "recall": 0.9937927849864137,
                "f1-score": 0.9937310033889617,
                "support": 2556
            },
            "weighted avg": {
                "precision": 0.9937458453442273,
                "recall": 0.9937402190923318,
                "f1-score": 0.9937405952434898,
                "support": 2556
            },
            "roc_auc": 0.9996492267350552,
            "score": 0.9937402190923318
        },
        "val": {
            "0": {
                "precision": 1.0,
                "recall": 0.9735099337748344,
                "f1-score": 0.9865771812080537,
                "support": 151
            },
            "1": {
                "precision": 0.976878612716763,
                "recall": 1.0,
                "f1-score": 0.9883040935672515,
                "support": 169
            },
            "accuracy": 0.9875,
            "macro avg": {
                "precision": 0.9884393063583815,
                "recall": 0.9867549668874172,
                "f1-score": 0.9874406373876525,
                "support": 320
            },
            "weighted avg": {
                "precision": 0.9877890173410405,
                "recall": 0.9875,
                "f1-score": 0.987489206797755,
                "support": 320
            },
            "roc_auc": 0.9969826403855949,
            "score": 0.9875
        },
        "test": {
            "0": {
                "precision": 0.9866666666666667,
                "recall": 0.9932885906040269,
                "f1-score": 0.9899665551839465,
                "support": 149
            },
            "1": {
                "precision": 0.9941176470588236,
                "recall": 0.9883040935672515,
                "f1-score": 0.9912023460410556,
                "support": 171
            },
            "accuracy": 0.990625,
            "macro avg": {
                "precision": 0.9903921568627452,
                "recall": 0.9907963420856392,
                "f1-score": 0.990584450612501,
                "support": 320
            },
            "weighted avg": {
                "precision": 0.9906482843137254,
                "recall": 0.990625,
                "f1-score": 0.9906269309232141,
                "support": 320
            },
            "roc_auc": 0.9993720318693826,
            "score": 0.990625
        }
    },
    "time": "0:20:40"
}
