{
    "dataset": "kr-vs-kp",
    "algorithm": "ft_transformer",
    "config": {
        "data": {
            "cat_policy": "indices",
            "normalization": "quantile",
            "path": "data/kr-vs-kp"
        },
        "model": {
            "activation": "reglu",
            "attention_dropout": 0.06504516027258544,
            "d_ffn_factor": 2.282242023418398,
            "d_token": 432,
            "ffn_dropout": 0.1599972023188427,
            "initialization": "kaiming",
            "n_heads": 8,
            "n_layers": 1,
            "prenormalization": true,
            "residual_dropout": 0.0
        },
        "seed": 4,
        "training": {
            "batch_size": 256,
            "eval_batch_size": 32,
            "lr": 2.76684223777323e-05,
            "n_epochs": 1000000000,
            "optimizer": "adamw",
            "patience": 16,
            "weight_decay": 0.0002354064360804708
        }
    },
    "environment": {
        "devices": {
            "CUDA_VISIBLE_DEVICES": null,
            "torch.version.cuda": "10.1",
            "torch.backends.cudnn.version()": 7603,
            "torch.cuda.nccl.version()": 2708,
            "driver": "470.256.02"
        }
    },
    "epoch_size": 10,
    "n_parameters": 2076435,
    "best_epoch": 45,
    "metrics": {
        "train": {
            "0": {
                "precision": 0.956964006259781,
                "recall": 0.9967400162999185,
                "f1-score": 0.9764471057884231,
                "support": 1227
            },
            "1": {
                "precision": 0.9968701095461658,
                "recall": 0.9586155003762227,
                "f1-score": 0.9773686229382431,
                "support": 1329
            },
            "accuracy": 0.9769170579029735,
            "macro avg": {
                "precision": 0.9769170579029733,
                "recall": 0.9776777583380706,
                "f1-score": 0.9769078643633331,
                "support": 2556
            },
            "weighted avg": {
                "precision": 0.9777133064427251,
                "recall": 0.9769170579029735,
                "f1-score": 0.9769262514426136,
                "support": 2556
            },
            "roc_auc": 0.9965799606667881,
            "score": 0.9769170579029735
        },
        "val": {
            "0": {
                "precision": 0.9096385542168675,
                "recall": 1.0,
                "f1-score": 0.9526813880126183,
                "support": 151
            },
            "1": {
                "precision": 1.0,
                "recall": 0.9112426035502958,
                "f1-score": 0.9535603715170279,
                "support": 169
            },
            "accuracy": 0.953125,
            "macro avg": {
                "precision": 0.9548192771084337,
                "recall": 0.9556213017751479,
                "f1-score": 0.9531208797648231,
                "support": 320
            },
            "weighted avg": {
                "precision": 0.9573606927710843,
                "recall": 0.953125,
                "f1-score": 0.9531456011758845,
                "support": 320
            },
            "roc_auc": 0.9870684587954074,
            "score": 0.953125
        },
        "test": {
            "0": {
                "precision": 0.925,
                "recall": 0.9932885906040269,
                "f1-score": 0.9579288025889967,
                "support": 149
            },
            "1": {
                "precision": 0.99375,
                "recall": 0.9298245614035088,
                "f1-score": 0.9607250755287008,
                "support": 171
            },
            "accuracy": 0.959375,
            "macro avg": {
                "precision": 0.9593750000000001,
                "recall": 0.9615565760037679,
                "f1-score": 0.9593269390588488,
                "support": 320
            },
            "weighted avg": {
                "precision": 0.96173828125,
                "recall": 0.959375,
                "f1-score": 0.9594230609411512,
                "support": 320
            },
            "roc_auc": 0.9947800149142432,
            "score": 0.959375
        }
    },
    "time": "0:02:14"
}
