{
    "config": {
        "data": {
            "cat_policy": "ohe",
            "path": "data/credit-approval"
        },
        "fit": {
            "early_stopping_rounds": 50,
            "verbose": false
        },
        "model": {
            "alpha": 0,
            "booster": "gbtree",
            "colsample_bylevel": 0.7479875860502782,
            "colsample_bytree": 0.7892656746801335,
            "gamma": 0,
            "lambda": 0,
            "learning_rate": 0.04486879472147982,
            "max_depth": 8,
            "min_child_weight": 2.541074371450198e-08,
            "n_estimators": 2000,
            "n_jobs": -1,
            "subsample": 0.683657763245091,
            "tree_method": "gpu_hist"
        },
        "seed": 10
    },
    "environment": {
        "devices": {
            "CUDA_VISIBLE_DEVICES": null,
            "torch.version.cuda": "10.1",
            "torch.backends.cudnn.version()": 7603,
            "torch.cuda.nccl.version()": 2708,
            "driver": "470.256.02"
        }
    },
    "dataset": "credit-approval",
    "algorithm": "xgboost_",
    "metrics": {
        "train": {
            "0": {
                "precision": 1.0,
                "recall": 0.9968253968253968,
                "f1-score": 0.9984101748807631,
                "support": 315
            },
            "1": {
                "precision": 0.9957983193277311,
                "recall": 1.0,
                "f1-score": 0.9978947368421053,
                "support": 237
            },
            "accuracy": 0.9981884057971014,
            "macro avg": {
                "precision": 0.9978991596638656,
                "recall": 0.9984126984126984,
                "f1-score": 0.9981524558614342,
                "support": 552
            },
            "weighted avg": {
                "precision": 0.9981960175374498,
                "recall": 0.9981884057971014,
                "f1-score": 0.9981888726793829,
                "support": 552
            },
            "roc_auc": 1.0,
            "score": 0.9981884057971014
        },
        "val": {
            "0": {
                "precision": 0.918918918918919,
                "recall": 0.8947368421052632,
                "f1-score": 0.9066666666666667,
                "support": 38
            },
            "1": {
                "precision": 0.875,
                "recall": 0.9032258064516129,
                "f1-score": 0.8888888888888888,
                "support": 31
            },
            "accuracy": 0.8985507246376812,
            "macro avg": {
                "precision": 0.8969594594594594,
                "recall": 0.898981324278438,
                "f1-score": 0.8977777777777778,
                "support": 69
            },
            "weighted avg": {
                "precision": 0.8991872307089699,
                "recall": 0.8985507246376812,
                "f1-score": 0.8986795491143318,
                "support": 69
            },
            "roc_auc": 0.9219015280135824,
            "score": 0.8985507246376812
        },
        "test": {
            "0": {
                "precision": 0.717948717948718,
                "recall": 0.9333333333333333,
                "f1-score": 0.8115942028985509,
                "support": 30
            },
            "1": {
                "precision": 0.9333333333333333,
                "recall": 0.717948717948718,
                "f1-score": 0.8115942028985509,
                "support": 39
            },
            "accuracy": 0.8115942028985508,
            "macro avg": {
                "precision": 0.8256410256410256,
                "recall": 0.8256410256410256,
                "f1-score": 0.8115942028985509,
                "support": 69
            },
            "weighted avg": {
                "precision": 0.8396878483835005,
                "recall": 0.8115942028985508,
                "f1-score": 0.8115942028985509,
                "support": 69
            },
            "roc_auc": 0.8606837606837607,
            "score": 0.8115942028985508
        }
    },
    "time": "0:00:01"
}
