{
    "dataset": "eucalyptus",
    "algorithm": "resnet",
    "config": {
        "data": {
            "cat_policy": "indices",
            "normalization": "quantile",
            "path": "data/eucalyptus"
        },
        "model": {
            "activation": "relu",
            "d": 146,
            "d_embedding": 155,
            "d_hidden_factor": 3.252058423655368,
            "hidden_dropout": 0.3039153343577339,
            "n_layers": 5,
            "normalization": "batchnorm",
            "residual_dropout": 0.01921271323636736
        },
        "seed": 9,
        "training": {
            "batch_size": 256,
            "eval_batch_size": 32,
            "lr": 0.0007995068220796498,
            "n_epochs": 1000000000,
            "optimizer": "adamw",
            "patience": 16,
            "weight_decay": 0.0
        }
    },
    "environment": {
        "devices": {
            "CUDA_VISIBLE_DEVICES": null,
            "torch.version.cuda": "10.1",
            "torch.backends.cudnn.version()": 7603,
            "torch.cuda.nccl.version()": 2708,
            "driver": "470.256.02"
        }
    },
    "epoch_size": 3,
    "n_parameters": 824902,
    "best_epoch": 16,
    "metrics": {
        "train": {
            "0": {
                "precision": 0.9924242424242424,
                "recall": 0.903448275862069,
                "f1-score": 0.9458483754512635,
                "support": 145
            },
            "1": {
                "precision": 0.8222222222222222,
                "recall": 0.8809523809523809,
                "f1-score": 0.8505747126436781,
                "support": 84
            },
            "2": {
                "precision": 0.8712871287128713,
                "recall": 0.8148148148148148,
                "f1-score": 0.8421052631578947,
                "support": 108
            },
            "3": {
                "precision": 0.8315217391304348,
                "recall": 0.9107142857142857,
                "f1-score": 0.8693181818181818,
                "support": 168
            },
            "4": {
                "precision": 0.8641975308641975,
                "recall": 0.8433734939759037,
                "f1-score": 0.8536585365853657,
                "support": 83
            },
            "accuracy": 0.8775510204081632,
            "macro avg": {
                "precision": 0.8763305726707937,
                "recall": 0.8706606502638907,
                "f1-score": 0.8723010139312768,
                "support": 588
            },
            "weighted avg": {
                "precision": 0.8817878213517233,
                "recall": 0.8775510204081632,
                "f1-score": 0.8783040336829842,
                "support": 588
            },
            "score": 0.8775510204081632
        },
        "val": {
            "0": {
                "precision": 0.8461538461538461,
                "recall": 0.9166666666666666,
                "f1-score": 0.8799999999999999,
                "support": 12
            },
            "1": {
                "precision": 0.875,
                "recall": 0.6363636363636364,
                "f1-score": 0.7368421052631579,
                "support": 11
            },
            "2": {
                "precision": 0.6666666666666666,
                "recall": 0.6153846153846154,
                "f1-score": 0.64,
                "support": 13
            },
            "3": {
                "precision": 0.6470588235294118,
                "recall": 0.88,
                "f1-score": 0.7457627118644068,
                "support": 25
            },
            "4": {
                "precision": 0.8571428571428571,
                "recall": 0.46153846153846156,
                "f1-score": 0.6,
                "support": 13
            },
            "accuracy": 0.7297297297297297,
            "macro avg": {
                "precision": 0.7784044386985564,
                "recall": 0.701990675990676,
                "f1-score": 0.720520963425513,
                "support": 74
            },
            "weighted avg": {
                "precision": 0.7535789263730439,
                "recall": 0.7297297297297297,
                "f1-score": 0.7220179858716879,
                "support": 74
            },
            "score": 0.7297297297297297
        },
        "test": {
            "0": {
                "precision": 0.8823529411764706,
                "recall": 0.6521739130434783,
                "f1-score": 0.75,
                "support": 23
            },
            "1": {
                "precision": 0.3333333333333333,
                "recall": 0.3333333333333333,
                "f1-score": 0.3333333333333333,
                "support": 12
            },
            "2": {
                "precision": 0.3125,
                "recall": 0.5555555555555556,
                "f1-score": 0.39999999999999997,
                "support": 9
            },
            "3": {
                "precision": 0.6521739130434783,
                "recall": 0.7142857142857143,
                "f1-score": 0.6818181818181819,
                "support": 21
            },
            "4": {
                "precision": 0.3333333333333333,
                "recall": 0.2222222222222222,
                "f1-score": 0.26666666666666666,
                "support": 9
            },
            "accuracy": 0.5540540540540541,
            "macro avg": {
                "precision": 0.5027387041773231,
                "recall": 0.49551414768806074,
                "f1-score": 0.48636363636363633,
                "support": 74
            },
            "weighted avg": {
                "precision": 0.5919225651482685,
                "recall": 0.5540540540540541,
                "f1-score": 0.5617321867321867,
                "support": 74
            },
            "score": 0.5540540540540541
        }
    },
    "time": "0:00:04"
}
