{
    "dataset": "eucalyptus",
    "algorithm": "resnet",
    "config": {
        "data": {
            "cat_policy": "indices",
            "normalization": "quantile",
            "path": "data/eucalyptus"
        },
        "model": {
            "activation": "relu",
            "d": 146,
            "d_embedding": 155,
            "d_hidden_factor": 3.252058423655368,
            "hidden_dropout": 0.3039153343577339,
            "n_layers": 5,
            "normalization": "batchnorm",
            "residual_dropout": 0.01921271323636736
        },
        "seed": 4,
        "training": {
            "batch_size": 256,
            "eval_batch_size": 32,
            "lr": 0.0007995068220796498,
            "n_epochs": 1000000000,
            "optimizer": "adamw",
            "patience": 16,
            "weight_decay": 0.0
        }
    },
    "environment": {
        "devices": {
            "CUDA_VISIBLE_DEVICES": null,
            "torch.version.cuda": "10.1",
            "torch.backends.cudnn.version()": 7603,
            "torch.cuda.nccl.version()": 2708,
            "driver": "470.256.02"
        }
    },
    "epoch_size": 3,
    "n_parameters": 824902,
    "best_epoch": 22,
    "metrics": {
        "train": {
            "0": {
                "precision": 0.9849624060150376,
                "recall": 0.903448275862069,
                "f1-score": 0.9424460431654675,
                "support": 145
            },
            "1": {
                "precision": 0.8202247191011236,
                "recall": 0.8690476190476191,
                "f1-score": 0.8439306358381503,
                "support": 84
            },
            "2": {
                "precision": 0.8818181818181818,
                "recall": 0.8981481481481481,
                "f1-score": 0.8899082568807339,
                "support": 108
            },
            "3": {
                "precision": 0.9085365853658537,
                "recall": 0.8869047619047619,
                "f1-score": 0.897590361445783,
                "support": 168
            },
            "4": {
                "precision": 0.8369565217391305,
                "recall": 0.927710843373494,
                "f1-score": 0.8800000000000001,
                "support": 83
            },
            "accuracy": 0.8962585034013606,
            "macro avg": {
                "precision": 0.8864996828078654,
                "recall": 0.8970519296672184,
                "f1-score": 0.890775059466027,
                "support": 588
            },
            "weighted avg": {
                "precision": 0.8997556574130098,
                "recall": 0.8962585034013606,
                "f1-score": 0.8970920444479732,
                "support": 588
            },
            "score": 0.8962585034013606
        },
        "val": {
            "0": {
                "precision": 0.8571428571428571,
                "recall": 1.0,
                "f1-score": 0.923076923076923,
                "support": 12
            },
            "1": {
                "precision": 0.875,
                "recall": 0.6363636363636364,
                "f1-score": 0.7368421052631579,
                "support": 11
            },
            "2": {
                "precision": 0.5,
                "recall": 0.46153846153846156,
                "f1-score": 0.48000000000000004,
                "support": 13
            },
            "3": {
                "precision": 0.6176470588235294,
                "recall": 0.84,
                "f1-score": 0.711864406779661,
                "support": 25
            },
            "4": {
                "precision": 0.8333333333333334,
                "recall": 0.38461538461538464,
                "f1-score": 0.5263157894736842,
                "support": 13
            },
            "accuracy": 0.6891891891891891,
            "macro avg": {
                "precision": 0.736624649859944,
                "recall": 0.6645034965034965,
                "f1-score": 0.6756198449186852,
                "support": 74
            },
            "weighted avg": {
                "precision": 0.7119624876977819,
                "recall": 0.6891891891891891,
                "f1-score": 0.6764986711819898,
                "support": 74
            },
            "score": 0.6891891891891891
        },
        "test": {
            "0": {
                "precision": 0.9,
                "recall": 0.782608695652174,
                "f1-score": 0.8372093023255814,
                "support": 23
            },
            "1": {
                "precision": 0.5,
                "recall": 0.4166666666666667,
                "f1-score": 0.45454545454545453,
                "support": 12
            },
            "2": {
                "precision": 0.26666666666666666,
                "recall": 0.4444444444444444,
                "f1-score": 0.33333333333333337,
                "support": 9
            },
            "3": {
                "precision": 0.6,
                "recall": 0.7142857142857143,
                "f1-score": 0.6521739130434783,
                "support": 21
            },
            "4": {
                "precision": 0.5,
                "recall": 0.2222222222222222,
                "f1-score": 0.30769230769230765,
                "support": 9
            },
            "accuracy": 0.5945945945945946,
            "macro avg": {
                "precision": 0.5533333333333333,
                "recall": 0.5160455486542443,
                "f1-score": 0.516990862188031,
                "support": 74
            },
            "weighted avg": {
                "precision": 0.6243243243243243,
                "recall": 0.5945945945945946,
                "f1-score": 0.5969627344753735,
                "support": 74
            },
            "score": 0.5945945945945946
        }
    },
    "time": "0:00:04"
}
