{
    "dataset": "credit-g",
    "algorithm": "ft_transformer",
    "config": {
        "data": {
            "cat_policy": "indices",
            "normalization": "quantile",
            "path": "data/credit-g"
        },
        "model": {
            "activation": "reglu",
            "attention_dropout": 0.4169990521889348,
            "d_ffn_factor": 1.650856668936848,
            "d_token": 112,
            "ffn_dropout": 0.0523341589418152,
            "initialization": "kaiming",
            "n_heads": 8,
            "n_layers": 3,
            "prenormalization": true,
            "residual_dropout": 0.1930390334891141
        },
        "seed": 7,
        "training": {
            "batch_size": 256,
            "eval_batch_size": 32,
            "lr": 3.085249149757647e-05,
            "n_epochs": 1000000000,
            "optimizer": "adamw",
            "patience": 16,
            "weight_decay": 0.0003366733001365544
        }
    },
    "environment": {
        "devices": {
            "CUDA_VISIBLE_DEVICES": null,
            "torch.version.cuda": "10.1",
            "torch.backends.cudnn.version()": 7603,
            "torch.cuda.nccl.version()": 2708,
            "driver": "470.256.02"
        }
    },
    "epoch_size": 4,
    "n_parameters": 349425,
    "best_epoch": 2,
    "metrics": {
        "train": {
            "0": {
                "precision": 0.4457831325301205,
                "recall": 0.15352697095435686,
                "f1-score": 0.22839506172839508,
                "support": 241
            },
            "1": {
                "precision": 0.7154811715481172,
                "recall": 0.9177101967799642,
                "f1-score": 0.8040752351097179,
                "support": 559
            },
            "accuracy": 0.6875,
            "macro avg": {
                "precision": 0.5806321520391189,
                "recall": 0.5356185838671605,
                "f1-score": 0.5162351484190565,
                "support": 800
            },
            "weighted avg": {
                "precision": 0.6342346372939457,
                "recall": 0.6875,
                "f1-score": 0.6306515828785945,
                "support": 800
            },
            "roc_auc": 0.6039014541378722,
            "score": 0.6875
        },
        "val": {
            "0": {
                "precision": 0.6,
                "recall": 0.1935483870967742,
                "f1-score": 0.2926829268292683,
                "support": 31
            },
            "1": {
                "precision": 0.7222222222222222,
                "recall": 0.9420289855072463,
                "f1-score": 0.8176100628930817,
                "support": 69
            },
            "accuracy": 0.71,
            "macro avg": {
                "precision": 0.6611111111111111,
                "recall": 0.5677886863020103,
                "f1-score": 0.555146494861175,
                "support": 100
            },
            "weighted avg": {
                "precision": 0.6843333333333333,
                "recall": 0.71,
                "f1-score": 0.6548826507132994,
                "support": 100
            },
            "roc_auc": 0.6096306685366994,
            "score": 0.71
        },
        "test": {
            "0": {
                "precision": 0.36363636363636365,
                "recall": 0.14285714285714285,
                "f1-score": 0.2051282051282051,
                "support": 28
            },
            "1": {
                "precision": 0.7303370786516854,
                "recall": 0.9027777777777778,
                "f1-score": 0.8074534161490682,
                "support": 72
            },
            "accuracy": 0.69,
            "macro avg": {
                "precision": 0.5469867211440245,
                "recall": 0.5228174603174603,
                "f1-score": 0.5062908106386367,
                "support": 100
            },
            "weighted avg": {
                "precision": 0.6276608784473953,
                "recall": 0.69,
                "f1-score": 0.6388023570632265,
                "support": 100
            },
            "roc_auc": 0.5649801587301587,
            "score": 0.69
        }
    },
    "time": "0:00:10"
}
