{
    "dataset": "cylinder-bands",
    "algorithm": "ft_transformer",
    "config": {
        "data": {
            "cat_policy": "indices",
            "normalization": "quantile",
            "path": "data/cylinder-bands"
        },
        "model": {
            "activation": "reglu",
            "attention_dropout": 0.4245682338953446,
            "d_ffn_factor": 1.476248318914501,
            "d_token": 456,
            "ffn_dropout": 0.05039934939631608,
            "initialization": "kaiming",
            "n_heads": 8,
            "n_layers": 2,
            "prenormalization": true,
            "residual_dropout": 0.0
        },
        "seed": 7,
        "training": {
            "batch_size": 256,
            "eval_batch_size": 8192,
            "lr": 0.0003240003178527273,
            "n_epochs": 1000000000,
            "optimizer": "adamw",
            "patience": 16,
            "weight_decay": 4.889546080877294e-05
        }
    },
    "environment": {
        "devices": {
            "CUDA_VISIBLE_DEVICES": null,
            "torch.version.cuda": "11.7",
            "torch.backends.cudnn.version()": 8500,
            "torch.cuda.nccl.version()": [
                2,
                14,
                3
            ],
            "driver": "560.35.03"
        }
    },
    "epoch_size": 2,
    "n_parameters": 3594149,
    "best_epoch": 44,
    "metrics": {
        "train": {
            "0": {
                "precision": 0.926923076923077,
                "recall": 0.9563492063492064,
                "f1-score": 0.9414062500000001,
                "support": 252
            },
            "1": {
                "precision": 0.936046511627907,
                "recall": 0.8944444444444445,
                "f1-score": 0.9147727272727273,
                "support": 180
            },
            "accuracy": 0.9305555555555556,
            "macro avg": {
                "precision": 0.931484794275492,
                "recall": 0.9253968253968254,
                "f1-score": 0.9280894886363638,
                "support": 432
            },
            "weighted avg": {
                "precision": 0.9307245080500895,
                "recall": 0.9305555555555556,
                "f1-score": 0.9303089488636365,
                "support": 432
            },
            "roc_auc": 0.9861992945326279,
            "score": 0.9305555555555556
        },
        "val": {
            "0": {
                "precision": 0.9705882352941176,
                "recall": 0.9705882352941176,
                "f1-score": 0.9705882352941176,
                "support": 34
            },
            "1": {
                "precision": 0.95,
                "recall": 0.95,
                "f1-score": 0.9500000000000001,
                "support": 20
            },
            "accuracy": 0.9629629629629629,
            "macro avg": {
                "precision": 0.9602941176470587,
                "recall": 0.9602941176470587,
                "f1-score": 0.9602941176470589,
                "support": 54
            },
            "weighted avg": {
                "precision": 0.9629629629629629,
                "recall": 0.9629629629629629,
                "f1-score": 0.9629629629629629,
                "support": 54
            },
            "roc_auc": 0.9852941176470588,
            "score": 0.9629629629629629
        },
        "test": {
            "0": {
                "precision": 0.7575757575757576,
                "recall": 0.9615384615384616,
                "f1-score": 0.8474576271186441,
                "support": 26
            },
            "1": {
                "precision": 0.9523809523809523,
                "recall": 0.7142857142857143,
                "f1-score": 0.8163265306122449,
                "support": 28
            },
            "accuracy": 0.8333333333333334,
            "macro avg": {
                "precision": 0.854978354978355,
                "recall": 0.8379120879120879,
                "f1-score": 0.8318920788654445,
                "support": 54
            },
            "weighted avg": {
                "precision": 0.8585858585858586,
                "recall": 0.8333333333333334,
                "f1-score": 0.8313155770782891,
                "support": 54
            },
            "roc_auc": 0.901098901098901,
            "score": 0.8333333333333334
        }
    },
    "time": "0:01:33"
}
