{
    "dataset": "nursery",
    "algorithm": "resnet",
    "config": {
        "data": {
            "cat_policy": "indices",
            "normalization": "quantile",
            "path": "data/nursery"
        },
        "model": {
            "activation": "relu",
            "d": 236,
            "d_embedding": 111,
            "d_hidden_factor": 3.145568099117258,
            "hidden_dropout": 0.3013816880358219,
            "n_layers": 4,
            "normalization": "batchnorm",
            "residual_dropout": 0.2118273996694524
        },
        "seed": 9,
        "training": {
            "batch_size": 256,
            "eval_batch_size": 8192,
            "lr": 0.0008663279761354553,
            "n_epochs": 1000000000,
            "optimizer": "adamw",
            "patience": 16,
            "weight_decay": 0.0
        }
    },
    "environment": {
        "devices": {
            "CUDA_VISIBLE_DEVICES": null,
            "torch.version.cuda": "11.7",
            "torch.backends.cudnn.version()": 8500,
            "torch.cuda.nccl.version()": [
                2,
                14,
                3
            ],
            "driver": "560.35.03"
        }
    },
    "epoch_size": 41,
    "n_parameters": 1621154,
    "best_epoch": 9,
    "metrics": {
        "train": {
            "0": {
                "precision": 1.0,
                "recall": 1.0,
                "f1-score": 1.0,
                "support": 3456
            },
            "1": {
                "precision": 0.9990735021618283,
                "recall": 1.0,
                "f1-score": 0.9995365363818941,
                "support": 3235
            },
            "2": {
                "precision": 0.9924242424242424,
                "recall": 1.0,
                "f1-score": 0.9961977186311787,
                "support": 262
            },
            "3": {
                "precision": 1.0,
                "recall": 0.9991210079109288,
                "f1-score": 0.9995603107137623,
                "support": 3413
            },
            "4": {
                "precision": 0.0,
                "recall": 0.0,
                "f1-score": 0.0,
                "support": 2
            },
            "accuracy": 0.9995177469135802,
            "macro avg": {
                "precision": 0.7982995489172142,
                "recall": 0.7998242015821858,
                "f1-score": 0.7990589131453669,
                "support": 10368
            },
            "weighted avg": {
                "precision": 0.9993265751358668,
                "recall": 0.9995177469135802,
                "f1-score": 0.9994216664682548,
                "support": 10368
            },
            "score": 0.9995177469135802
        },
        "val": {
            "0": {
                "precision": 1.0,
                "recall": 1.0,
                "f1-score": 1.0,
                "support": 418
            },
            "1": {
                "precision": 1.0,
                "recall": 1.0,
                "f1-score": 1.0,
                "support": 402
            },
            "2": {
                "precision": 1.0,
                "recall": 1.0,
                "f1-score": 1.0,
                "support": 37
            },
            "3": {
                "precision": 1.0,
                "recall": 1.0,
                "f1-score": 1.0,
                "support": 439
            },
            "accuracy": 1.0,
            "macro avg": {
                "precision": 1.0,
                "recall": 1.0,
                "f1-score": 1.0,
                "support": 1296
            },
            "weighted avg": {
                "precision": 1.0,
                "recall": 1.0,
                "f1-score": 1.0,
                "support": 1296
            },
            "score": 1.0
        },
        "test": {
            "0": {
                "precision": 1.0,
                "recall": 1.0,
                "f1-score": 1.0,
                "support": 446
            },
            "1": {
                "precision": 0.9926829268292683,
                "recall": 1.0,
                "f1-score": 0.996328029375765,
                "support": 407
            },
            "2": {
                "precision": 1.0,
                "recall": 1.0,
                "f1-score": 1.0,
                "support": 29
            },
            "3": {
                "precision": 1.0,
                "recall": 0.9927536231884058,
                "f1-score": 0.9963636363636363,
                "support": 414
            },
            "accuracy": 0.9976851851851852,
            "macro avg": {
                "precision": 0.9981707317073171,
                "recall": 0.9981884057971014,
                "f1-score": 0.9981729164348503,
                "support": 1296
            },
            "weighted avg": {
                "precision": 0.9977021228545618,
                "recall": 0.9976851851851852,
                "f1-score": 0.9976852263969767,
                "support": 1296
            },
            "score": 0.9976851851851852
        }
    },
    "time": "0:00:30"
}
