{
    "dataset": "titanic_algo_3",
    "algorithm": "mlp_mha",
    "config": {
        "data": {
            "cat_policy": "indices",
            "normalization": "quantile",
            "path": "data/titanic_algo_3"
        },
        "model": {
            "d_embedding": 152,
            "d_layers": [
                180,
                100
            ],
            "dropout": 0.0
        },
        "seed": 4,
        "training": {
            "batch_size": 256,
            "eval_batch_size": 8192,
            "lr": 0.004604344555992167,
            "n_epochs": 1000000000,
            "optimizer": "adamw",
            "patience": 16,
            "weight_decay": 0.0
        }
    },
    "environment": {
        "devices": {
            "CUDA_VISIBLE_DEVICES": null,
            "torch.version.cuda": "10.1",
            "torch.backends.cudnn.version()": 7603,
            "torch.cuda.nccl.version()": 2708,
            "driver": "470.256.02"
        }
    },
    "epoch_size": 5,
    "n_parameters": 6301469,
    "best_epoch": 15,
    "metrics": {
        "train": {
            "0": {
                "precision": 0.9761549925484352,
                "recall": 0.9849624060150376,
                "f1-score": 0.9805389221556887,
                "support": 665
            },
            "1": {
                "precision": 0.9735449735449735,
                "recall": 0.9583333333333334,
                "f1-score": 0.9658792650918635,
                "support": 384
            },
            "accuracy": 0.9752144899904671,
            "macro avg": {
                "precision": 0.9748499830467043,
                "recall": 0.9716478696741855,
                "f1-score": 0.9732090936237761,
                "support": 1049
            },
            "weighted avg": {
                "precision": 0.9751995613784358,
                "recall": 0.9752144899904671,
                "f1-score": 0.975172565327749,
                "support": 1049
            },
            "roc_auc": 0.9960408834586466,
            "score": 0.9752144899904671
        },
        "val": {
            "0": {
                "precision": 0.9459459459459459,
                "recall": 1.0,
                "f1-score": 0.9722222222222222,
                "support": 70
            },
            "1": {
                "precision": 1.0,
                "recall": 0.9333333333333333,
                "f1-score": 0.9655172413793104,
                "support": 60
            },
            "accuracy": 0.9692307692307692,
            "macro avg": {
                "precision": 0.972972972972973,
                "recall": 0.9666666666666667,
                "f1-score": 0.9688697318007663,
                "support": 130
            },
            "weighted avg": {
                "precision": 0.9708939708939709,
                "recall": 0.9692307692307692,
                "f1-score": 0.9691276156793398,
                "support": 130
            },
            "roc_auc": 0.9961904761904762,
            "score": 0.9692307692307692
        },
        "test": {
            "0": {
                "precision": 0.9733333333333334,
                "recall": 0.9864864864864865,
                "f1-score": 0.9798657718120806,
                "support": 74
            },
            "1": {
                "precision": 0.9818181818181818,
                "recall": 0.9642857142857143,
                "f1-score": 0.972972972972973,
                "support": 56
            },
            "accuracy": 0.9769230769230769,
            "macro avg": {
                "precision": 0.9775757575757575,
                "recall": 0.9753861003861004,
                "f1-score": 0.9764193723925267,
                "support": 130
            },
            "weighted avg": {
                "precision": 0.9769883449883451,
                "recall": 0.9769230769230769,
                "f1-score": 0.9768965661583112,
                "support": 130
            },
            "roc_auc": 0.9971042471042472,
            "score": 0.9769230769230769
        }
    },
    "time": "0:00:17"
}
