{
    "dataset": "dresses-sales",
    "algorithm": "ft_transformer",
    "config": {
        "data": {
            "cat_policy": "indices",
            "normalization": "quantile",
            "path": "data/dresses-sales"
        },
        "model": {
            "activation": "reglu",
            "attention_dropout": 0.2744067519636624,
            "d_ffn_factor": 2.097045399411506,
            "d_token": 88,
            "ffn_dropout": 0.4289728088113784,
            "initialization": "kaiming",
            "n_heads": 8,
            "n_layers": 4,
            "prenormalization": true,
            "residual_dropout": 0.1247127393571945
        },
        "seed": 8,
        "training": {
            "batch_size": 256,
            "eval_batch_size": 8192,
            "lr": 5.871694001325904e-05,
            "n_epochs": 1000000000,
            "optimizer": "adamw",
            "patience": 16,
            "weight_decay": 7.809150983452712e-06
        }
    },
    "environment": {},
    "epoch_size": 2,
    "n_parameters": 338425,
    "best_epoch": 3,
    "metrics": {
        "train": {
            "0": {
                "precision": 0.5833333333333334,
                "recall": 1.0,
                "f1-score": 0.7368421052631579,
                "support": 238
            },
            "1": {
                "precision": 1.0,
                "recall": 0.005847953216374269,
                "f1-score": 0.011627906976744186,
                "support": 171
            },
            "accuracy": 0.5843520782396088,
            "macro avg": {
                "precision": 0.7916666666666667,
                "recall": 0.5029239766081871,
                "f1-score": 0.37423500611995103,
                "support": 409
            },
            "weighted avg": {
                "precision": 0.7575387123064385,
                "recall": 0.5843520782396088,
                "f1-score": 0.43363519106517073,
                "support": 409
            },
            "roc_auc": 0.5953732370141038,
            "score": 0.5843520782396088
        },
        "val": {
            "0": {
                "precision": 0.5111111111111111,
                "recall": 1.0,
                "f1-score": 0.676470588235294,
                "support": 23
            },
            "1": {
                "precision": 0.0,
                "recall": 0.0,
                "f1-score": 0.0,
                "support": 22
            },
            "accuracy": 0.5111111111111111,
            "macro avg": {
                "precision": 0.25555555555555554,
                "recall": 0.5,
                "f1-score": 0.338235294117647,
                "support": 45
            },
            "weighted avg": {
                "precision": 0.26123456790123456,
                "recall": 0.5111111111111111,
                "f1-score": 0.34575163398692804,
                "support": 45
            },
            "roc_auc": 0.3399209486166008,
            "score": 0.5111111111111111
        },
        "test": {
            "0": {
                "precision": 0.6304347826086957,
                "recall": 1.0,
                "f1-score": 0.7733333333333333,
                "support": 29
            },
            "1": {
                "precision": 0.0,
                "recall": 0.0,
                "f1-score": 0.0,
                "support": 17
            },
            "accuracy": 0.6304347826086957,
            "macro avg": {
                "precision": 0.31521739130434784,
                "recall": 0.5,
                "f1-score": 0.38666666666666666,
                "support": 46
            },
            "weighted avg": {
                "precision": 0.39744801512287337,
                "recall": 0.6304347826086957,
                "f1-score": 0.487536231884058,
                "support": 46
            },
            "roc_auc": 0.5273833671399595,
            "score": 0.6304347826086957
        }
    },
    "time": "0:00:06"
}
