{
    "dataset": "analcatdata_algo_3",
    "algorithm": "mlp_mha",
    "config": {
        "data": {
            "cat_policy": "indices",
            "normalization": "quantile",
            "path": "data/analcatdata_algo_3"
        },
        "model": {
            "d_embedding": 417,
            "d_layers": [
                286,
                339,
                339,
                339,
                285
            ],
            "dropout": 0.1355228122710398
        },
        "seed": 10,
        "training": {
            "batch_size": 128,
            "eval_batch_size": 32,
            "lr": 0.001598276282604273,
            "n_epochs": 1000000000,
            "optimizer": "adamw",
            "patience": 16,
            "weight_decay": 2.858445910603954e-05
        }
    },
    "environment": {
        "devices": {
            "CUDA_VISIBLE_DEVICES": null,
            "torch.version.cuda": "10.1",
            "torch.backends.cudnn.version()": 7603,
            "torch.cuda.nccl.version()": 2708,
            "driver": "470.256.02"
        }
    },
    "epoch_size": 5,
    "n_parameters": 24878296,
    "best_epoch": 13,
    "metrics": {
        "train": {
            "0": {
                "precision": 0.2120253164556962,
                "recall": 0.6203703703703703,
                "f1-score": 0.3160377358490566,
                "support": 108
            },
            "1": {
                "precision": 0.15,
                "recall": 0.06315789473684211,
                "f1-score": 0.08888888888888889,
                "support": 95
            },
            "2": {
                "precision": 0.2222222222222222,
                "recall": 0.16666666666666666,
                "f1-score": 0.1904761904761905,
                "support": 108
            },
            "3": {
                "precision": 0.20689655172413793,
                "recall": 0.05405405405405406,
                "f1-score": 0.08571428571428573,
                "support": 111
            },
            "4": {
                "precision": 0.18181818181818182,
                "recall": 0.1206896551724138,
                "f1-score": 0.14507772020725387,
                "support": 116
            },
            "5": {
                "precision": 0.3191489361702128,
                "recall": 0.30303030303030304,
                "f1-score": 0.31088082901554404,
                "support": 99
            },
            "accuracy": 0.22135007849293564,
            "macro avg": {
                "precision": 0.21535186806507514,
                "recall": 0.22132815733844166,
                "f1-score": 0.1895126083585366,
                "support": 637
            },
            "weighted avg": {
                "precision": 0.21475809292049397,
                "recall": 0.22135007849293564,
                "f1-score": 0.18880447695202066,
                "support": 637
            },
            "score": 0.22135007849293564
        },
        "val": {
            "0": {
                "precision": 0.2564102564102564,
                "recall": 0.5882352941176471,
                "f1-score": 0.35714285714285715,
                "support": 17
            },
            "1": {
                "precision": 0.25,
                "recall": 0.08333333333333333,
                "f1-score": 0.125,
                "support": 12
            },
            "2": {
                "precision": 0.0,
                "recall": 0.0,
                "f1-score": 0.0,
                "support": 6
            },
            "3": {
                "precision": 0.5,
                "recall": 0.2,
                "f1-score": 0.28571428571428575,
                "support": 10
            },
            "4": {
                "precision": 0.5555555555555556,
                "recall": 0.23809523809523808,
                "f1-score": 0.33333333333333326,
                "support": 21
            },
            "5": {
                "precision": 0.26666666666666666,
                "recall": 0.2857142857142857,
                "f1-score": 0.2758620689655172,
                "support": 14
            },
            "accuracy": 0.275,
            "macro avg": {
                "precision": 0.30477207977207976,
                "recall": 0.232563025210084,
                "f1-score": 0.2295087575259989,
                "support": 80
            },
            "weighted avg": {
                "precision": 0.3469871794871795,
                "recall": 0.275,
                "f1-score": 0.26613300492610836,
                "support": 80
            },
            "score": 0.275
        },
        "test": {
            "0": {
                "precision": 0.19444444444444445,
                "recall": 0.6363636363636364,
                "f1-score": 0.29787234042553196,
                "support": 11
            },
            "1": {
                "precision": 0.14285714285714285,
                "recall": 0.058823529411764705,
                "f1-score": 0.08333333333333333,
                "support": 17
            },
            "2": {
                "precision": 0.26666666666666666,
                "recall": 0.3076923076923077,
                "f1-score": 0.28571428571428575,
                "support": 13
            },
            "3": {
                "precision": 0.25,
                "recall": 0.09090909090909091,
                "f1-score": 0.13333333333333333,
                "support": 11
            },
            "4": {
                "precision": 0.2857142857142857,
                "recall": 0.1111111111111111,
                "f1-score": 0.16,
                "support": 18
            },
            "5": {
                "precision": 0.2727272727272727,
                "recall": 0.3,
                "f1-score": 0.28571428571428564,
                "support": 10
            },
            "accuracy": 0.225,
            "macro avg": {
                "precision": 0.2354016354016354,
                "recall": 0.25081661258131843,
                "f1-score": 0.207661263086795,
                "support": 80
            },
            "weighted avg": {
                "precision": 0.23317821067821068,
                "recall": 0.225,
                "f1-score": 0.19514197061803445,
                "support": 80
            },
            "score": 0.225
        }
    },
    "time": "0:00:52"
}
