{
    "dataset": "cylinder-bands",
    "algorithm": "ft_transformer",
    "config": {
        "data": {
            "cat_policy": "indices",
            "normalization": "quantile",
            "path": "data/cylinder-bands"
        },
        "model": {
            "activation": "reglu",
            "attention_dropout": 0.4245682338953446,
            "d_ffn_factor": 1.476248318914501,
            "d_token": 456,
            "ffn_dropout": 0.05039934939631608,
            "initialization": "kaiming",
            "n_heads": 8,
            "n_layers": 2,
            "prenormalization": true,
            "residual_dropout": 0.0
        },
        "seed": 6,
        "training": {
            "batch_size": 256,
            "eval_batch_size": 8192,
            "lr": 0.0003240003178527273,
            "n_epochs": 1000000000,
            "optimizer": "adamw",
            "patience": 16,
            "weight_decay": 4.889546080877294e-05
        }
    },
    "environment": {
        "devices": {
            "CUDA_VISIBLE_DEVICES": null,
            "torch.version.cuda": "11.7",
            "torch.backends.cudnn.version()": 8500,
            "torch.cuda.nccl.version()": [
                2,
                14,
                3
            ],
            "driver": "560.35.03"
        }
    },
    "epoch_size": 2,
    "n_parameters": 3594149,
    "best_epoch": 24,
    "metrics": {
        "train": {
            "0": {
                "precision": 0.909433962264151,
                "recall": 0.9563492063492064,
                "f1-score": 0.9323017408123792,
                "support": 252
            },
            "1": {
                "precision": 0.9341317365269461,
                "recall": 0.8666666666666667,
                "f1-score": 0.899135446685879,
                "support": 180
            },
            "accuracy": 0.9189814814814815,
            "macro avg": {
                "precision": 0.9217828493955486,
                "recall": 0.9115079365079366,
                "f1-score": 0.915718593749129,
                "support": 432
            },
            "weighted avg": {
                "precision": 0.9197247015403156,
                "recall": 0.9189814814814815,
                "f1-score": 0.918482451593004,
                "support": 432
            },
            "roc_auc": 0.9791666666666666,
            "score": 0.9189814814814815
        },
        "val": {
            "0": {
                "precision": 0.9166666666666666,
                "recall": 0.9705882352941176,
                "f1-score": 0.9428571428571428,
                "support": 34
            },
            "1": {
                "precision": 0.9444444444444444,
                "recall": 0.85,
                "f1-score": 0.8947368421052632,
                "support": 20
            },
            "accuracy": 0.9259259259259259,
            "macro avg": {
                "precision": 0.9305555555555556,
                "recall": 0.9102941176470588,
                "f1-score": 0.918796992481203,
                "support": 54
            },
            "weighted avg": {
                "precision": 0.9269547325102881,
                "recall": 0.9259259259259259,
                "f1-score": 0.9250348092453357,
                "support": 54
            },
            "roc_auc": 0.9573529411764705,
            "score": 0.9259259259259259
        },
        "test": {
            "0": {
                "precision": 0.7222222222222222,
                "recall": 1.0,
                "f1-score": 0.8387096774193548,
                "support": 26
            },
            "1": {
                "precision": 1.0,
                "recall": 0.6428571428571429,
                "f1-score": 0.782608695652174,
                "support": 28
            },
            "accuracy": 0.8148148148148148,
            "macro avg": {
                "precision": 0.8611111111111112,
                "recall": 0.8214285714285714,
                "f1-score": 0.8106591865357644,
                "support": 54
            },
            "weighted avg": {
                "precision": 0.8662551440329218,
                "recall": 0.8148148148148148,
                "f1-score": 0.8096202794660017,
                "support": 54
            },
            "roc_auc": 0.9065934065934066,
            "score": 0.8148148148148148
        }
    },
    "time": "0:01:04"
}
