{
    "dataset": "credit-g",
    "algorithm": "resnet",
    "config": {
        "data": {
            "cat_policy": "indices",
            "normalization": "quantile",
            "path": "data/credit-g"
        },
        "model": {
            "activation": "relu",
            "d": 68,
            "d_embedding": 200,
            "d_hidden_factor": 3.022429258658862,
            "hidden_dropout": 0.4807651936856114,
            "n_layers": 7,
            "normalization": "batchnorm",
            "residual_dropout": 0.4931432638142947
        },
        "seed": 1,
        "training": {
            "batch_size": 256,
            "eval_batch_size": 32,
            "lr": 0.0002522556862028747,
            "n_epochs": 1000000000,
            "optimizer": "adamw",
            "patience": 16,
            "weight_decay": 0.0
        }
    },
    "environment": {
        "devices": {
            "CUDA_VISIBLE_DEVICES": null,
            "torch.version.cuda": "10.1",
            "torch.backends.cudnn.version()": 7603,
            "torch.cuda.nccl.version()": 2708,
            "driver": "470.256.02"
        }
    },
    "epoch_size": 4,
    "n_parameters": 386372,
    "best_epoch": 37,
    "metrics": {
        "train": {
            "0": {
                "precision": 0.6324110671936759,
                "recall": 0.6639004149377593,
                "f1-score": 0.6477732793522267,
                "support": 241
            },
            "1": {
                "precision": 0.8519195612431444,
                "recall": 0.8336314847942755,
                "f1-score": 0.8426763110307415,
                "support": 559
            },
            "accuracy": 0.7825,
            "macro avg": {
                "precision": 0.7421653142184101,
                "recall": 0.7487659498660174,
                "f1-score": 0.7452247951914841,
                "support": 800
            },
            "weighted avg": {
                "precision": 0.7857926274107421,
                "recall": 0.7825,
                "f1-score": 0.7839617727375889,
                "support": 800
            },
            "roc_auc": 0.8532426754949192,
            "score": 0.7825
        },
        "val": {
            "0": {
                "precision": 0.7272727272727273,
                "recall": 0.7741935483870968,
                "f1-score": 0.7500000000000001,
                "support": 31
            },
            "1": {
                "precision": 0.8955223880597015,
                "recall": 0.8695652173913043,
                "f1-score": 0.8823529411764706,
                "support": 69
            },
            "accuracy": 0.84,
            "macro avg": {
                "precision": 0.8113975576662145,
                "recall": 0.8218793828892006,
                "f1-score": 0.8161764705882353,
                "support": 100
            },
            "weighted avg": {
                "precision": 0.8433649932157395,
                "recall": 0.84,
                "f1-score": 0.8413235294117648,
                "support": 100
            },
            "roc_auc": 0.8662926601215521,
            "score": 0.84
        },
        "test": {
            "0": {
                "precision": 0.5294117647058824,
                "recall": 0.6428571428571429,
                "f1-score": 0.5806451612903226,
                "support": 28
            },
            "1": {
                "precision": 0.8484848484848485,
                "recall": 0.7777777777777778,
                "f1-score": 0.8115942028985507,
                "support": 72
            },
            "accuracy": 0.74,
            "macro avg": {
                "precision": 0.6889483065953654,
                "recall": 0.7103174603174603,
                "f1-score": 0.6961196820944366,
                "support": 100
            },
            "weighted avg": {
                "precision": 0.7591443850267381,
                "recall": 0.74,
                "f1-score": 0.7469284712482468,
                "support": 100
            },
            "roc_auc": 0.7390873015873016,
            "score": 0.74
        }
    },
    "time": "0:00:08"
}
