{
    "config": {
        "data": {
            "cat_policy": "ohe",
            "path": "data/sick"
        },
        "fit": {
            "early_stopping_rounds": 50,
            "verbose": false
        },
        "model": {
            "alpha": 0,
            "booster": "gbtree",
            "colsample_bylevel": 0.5510283817844643,
            "colsample_bytree": 0.8463277170746664,
            "gamma": 0,
            "lambda": 0.0002258619672456327,
            "learning_rate": 0.623815540201843,
            "max_depth": 7,
            "min_child_weight": 1.317233677879026e-05,
            "n_estimators": 2000,
            "n_jobs": -1,
            "subsample": 0.5088411382455749,
            "tree_method": "gpu_hist"
        },
        "seed": 8
    },
    "environment": {
        "devices": {
            "CUDA_VISIBLE_DEVICES": null,
            "torch.version.cuda": "10.1",
            "torch.backends.cudnn.version()": 7603,
            "torch.cuda.nccl.version()": 2708,
            "driver": "470.256.02"
        }
    },
    "dataset": "sick",
    "algorithm": "xgboost_",
    "metrics": {
        "train": {
            "0": {
                "precision": 0.9918756623101378,
                "recall": 0.9943342776203966,
                "f1-score": 0.993103448275862,
                "support": 2824
            },
            "1": {
                "precision": 0.9139784946236559,
                "recall": 0.8808290155440415,
                "f1-score": 0.8970976253298152,
                "support": 193
            },
            "accuracy": 0.9870732515744116,
            "macro avg": {
                "precision": 0.9529270784668968,
                "recall": 0.9375816465822191,
                "f1-score": 0.9451005368028387,
                "support": 3017
            },
            "weighted avg": {
                "precision": 0.986892515686508,
                "recall": 0.9870732515744116,
                "f1-score": 0.9869618759097412,
                "support": 3017
            },
            "roc_auc": 0.9808818564781517,
            "score": 0.9870732515744116
        },
        "val": {
            "0": {
                "precision": 0.9916434540389972,
                "recall": 0.9971988795518207,
                "f1-score": 0.994413407821229,
                "support": 357
            },
            "1": {
                "precision": 0.9444444444444444,
                "recall": 0.85,
                "f1-score": 0.8947368421052632,
                "support": 20
            },
            "accuracy": 0.9893899204244032,
            "macro avg": {
                "precision": 0.9680439492417208,
                "recall": 0.9235994397759104,
                "f1-score": 0.9445751249632461,
                "support": 377
            },
            "weighted avg": {
                "precision": 0.9891395278005595,
                "recall": 0.9893899204244032,
                "f1-score": 0.989125526350886,
                "support": 377
            },
            "roc_auc": 0.9700280112044818,
            "score": 0.9893899204244032
        },
        "test": {
            "0": {
                "precision": 0.9971751412429378,
                "recall": 0.9805555555555555,
                "f1-score": 0.9887955182072828,
                "support": 360
            },
            "1": {
                "precision": 0.7083333333333334,
                "recall": 0.9444444444444444,
                "f1-score": 0.8095238095238096,
                "support": 18
            },
            "accuracy": 0.9788359788359788,
            "macro avg": {
                "precision": 0.8527542372881356,
                "recall": 0.9624999999999999,
                "f1-score": 0.8991596638655462,
                "support": 378
            },
            "weighted avg": {
                "precision": 0.9834207694377185,
                "recall": 0.9788359788359788,
                "f1-score": 0.9802587701747364,
                "support": 378
            },
            "roc_auc": 0.9938271604938271,
            "score": 0.9788359788359788
        }
    },
    "time": "0:00:01"
}
