{
    "dataset": "nursery",
    "algorithm": "resnet",
    "config": {
        "data": {
            "cat_policy": "indices",
            "normalization": "quantile",
            "path": "data/nursery"
        },
        "model": {
            "activation": "relu",
            "d": 236,
            "d_embedding": 111,
            "d_hidden_factor": 3.145568099117258,
            "hidden_dropout": 0.3013816880358219,
            "n_layers": 4,
            "normalization": "batchnorm",
            "residual_dropout": 0.2118273996694524
        },
        "seed": 1,
        "training": {
            "batch_size": 256,
            "eval_batch_size": 8192,
            "lr": 0.0008663279761354553,
            "n_epochs": 1000000000,
            "optimizer": "adamw",
            "patience": 16,
            "weight_decay": 0.0
        }
    },
    "environment": {
        "devices": {
            "CUDA_VISIBLE_DEVICES": null,
            "torch.version.cuda": "11.7",
            "torch.backends.cudnn.version()": 8500,
            "torch.cuda.nccl.version()": [
                2,
                14,
                3
            ],
            "driver": "560.35.03"
        }
    },
    "epoch_size": 41,
    "n_parameters": 1621154,
    "best_epoch": 7,
    "metrics": {
        "train": {
            "0": {
                "precision": 1.0,
                "recall": 1.0,
                "f1-score": 1.0,
                "support": 3456
            },
            "1": {
                "precision": 0.9981481481481481,
                "recall": 0.9996908809891808,
                "f1-score": 0.9989189189189189,
                "support": 3235
            },
            "2": {
                "precision": 0.9924242424242424,
                "recall": 1.0,
                "f1-score": 0.9961977186311787,
                "support": 262
            },
            "3": {
                "precision": 0.999706572769953,
                "recall": 0.9982420158218576,
                "f1-score": 0.998973757513561,
                "support": 3413
            },
            "4": {
                "precision": 0.0,
                "recall": 0.0,
                "f1-score": 0.0,
                "support": 2
            },
            "accuracy": 0.9991319444444444,
            "macro avg": {
                "precision": 0.7980557926684687,
                "recall": 0.7995865793622077,
                "f1-score": 0.7988180790127317,
                "support": 10368
            },
            "weighted avg": {
                "precision": 0.9989412561379496,
                "recall": 0.9991319444444444,
                "f1-score": 0.9990358737825863,
                "support": 10368
            },
            "score": 0.9991319444444444
        },
        "val": {
            "0": {
                "precision": 1.0,
                "recall": 1.0,
                "f1-score": 1.0,
                "support": 418
            },
            "1": {
                "precision": 1.0,
                "recall": 1.0,
                "f1-score": 1.0,
                "support": 402
            },
            "2": {
                "precision": 1.0,
                "recall": 1.0,
                "f1-score": 1.0,
                "support": 37
            },
            "3": {
                "precision": 1.0,
                "recall": 1.0,
                "f1-score": 1.0,
                "support": 439
            },
            "accuracy": 1.0,
            "macro avg": {
                "precision": 1.0,
                "recall": 1.0,
                "f1-score": 1.0,
                "support": 1296
            },
            "weighted avg": {
                "precision": 1.0,
                "recall": 1.0,
                "f1-score": 1.0,
                "support": 1296
            },
            "score": 1.0
        },
        "test": {
            "0": {
                "precision": 1.0,
                "recall": 1.0,
                "f1-score": 1.0,
                "support": 446
            },
            "1": {
                "precision": 0.9975429975429976,
                "recall": 0.9975429975429976,
                "f1-score": 0.9975429975429976,
                "support": 407
            },
            "2": {
                "precision": 1.0,
                "recall": 1.0,
                "f1-score": 1.0,
                "support": 29
            },
            "3": {
                "precision": 0.9975845410628019,
                "recall": 0.9975845410628019,
                "f1-score": 0.9975845410628019,
                "support": 414
            },
            "accuracy": 0.9984567901234568,
            "macro avg": {
                "precision": 0.9987818846514499,
                "recall": 0.9987818846514499,
                "f1-score": 0.9987818846514499,
                "support": 1296
            },
            "weighted avg": {
                "precision": 0.9984567901234568,
                "recall": 0.9984567901234568,
                "f1-score": 0.9984567901234568,
                "support": 1296
            },
            "score": 0.9984567901234568
        }
    },
    "time": "0:00:27"
}
