{
    "config": {
        "data": {
            "cat_policy": "ohe",
            "path": "data/adult"
        },
        "fit": {
            "early_stopping_rounds": 50,
            "verbose": false
        },
        "model": {
            "alpha": 0,
            "booster": "gbtree",
            "colsample_bylevel": 0.617272713203309,
            "colsample_bytree": 0.5411307302074724,
            "gamma": 0,
            "lambda": 2.936612875585434e-08,
            "learning_rate": 0.0279777241489622,
            "max_depth": 10,
            "min_child_weight": 4.058438699016036,
            "n_estimators": 2000,
            "n_jobs": -1,
            "subsample": 0.9532294000425751,
            "tree_method": "gpu_hist"
        },
        "seed": 10
    },
    "environment": {
        "devices": {
            "CUDA_VISIBLE_DEVICES": null,
            "torch.version.cuda": "11.7",
            "torch.backends.cudnn.version()": 8500,
            "torch.cuda.nccl.version()": [
                2,
                14,
                3
            ],
            "driver": "560.35.03"
        }
    },
    "dataset": "adult",
    "algorithm": "xgboost_",
    "metrics": {
        "train": {
            "0": {
                "precision": 0.8978568462742342,
                "recall": 0.945161724161119,
                "f1-score": 0.9209021965242175,
                "support": 29742
            },
            "1": {
                "precision": 0.7899549259497747,
                "recall": 0.6573081868838405,
                "f1-score": 0.7175527870386617,
                "support": 9332
            },
            "accuracy": 0.8764139837231919,
            "macro avg": {
                "precision": 0.8439058861120045,
                "recall": 0.8012349555224798,
                "f1-score": 0.8192274917814395,
                "support": 39074
            },
            "weighted avg": {
                "precision": 0.8720867505464394,
                "recall": 0.8764139837231919,
                "f1-score": 0.8723364830237001,
                "support": 39074
            },
            "roc_auc": 0.9362134462824064,
            "score": 0.8764139837231919
        },
        "val": {
            "0": {
                "precision": 0.8797953964194374,
                "recall": 0.9363091997822537,
                "f1-score": 0.9071729957805907,
                "support": 3674
            },
            "1": {
                "precision": 0.7597535934291582,
                "recall": 0.6115702479338843,
                "f1-score": 0.6776556776556777,
                "support": 1210
            },
            "accuracy": 0.8558558558558559,
            "macro avg": {
                "precision": 0.8197744949242978,
                "recall": 0.773939723858069,
                "f1-score": 0.7924143367181342,
                "support": 4884
            },
            "weighted avg": {
                "precision": 0.8500553100930168,
                "recall": 0.8558558558558559,
                "f1-score": 0.8503105971460402,
                "support": 4884
            },
            "roc_auc": 0.9111642230190258,
            "score": 0.8558558558558559
        },
        "test": {
            "0": {
                "precision": 0.8905535804977146,
                "recall": 0.9379513238833913,
                "f1-score": 0.9136381398983978,
                "support": 3739
            },
            "1": {
                "precision": 0.7547568710359408,
                "recall": 0.6235807860262009,
                "f1-score": 0.6829268292682926,
                "support": 1145
            },
            "accuracy": 0.8642506142506142,
            "macro avg": {
                "precision": 0.8226552257668277,
                "recall": 0.7807660549547961,
                "f1-score": 0.7982824845833452,
                "support": 4884
            },
            "weighted avg": {
                "precision": 0.8587175378413405,
                "recall": 0.8642506142506142,
                "f1-score": 0.8595504145356888,
                "support": 4884
            },
            "roc_auc": 0.9136255286248689,
            "score": 0.8642506142506142
        }
    },
    "time": "0:00:06"
}
