{
    "config": {
        "data": {
            "cat_policy": "ohe",
            "path": "data/analcatdata"
        },
        "fit": {
            "early_stopping_rounds": 50,
            "verbose": false
        },
        "model": {
            "alpha": 0,
            "booster": "gbtree",
            "colsample_bylevel": 0.6989376795401535,
            "colsample_bytree": 0.7572607161725085,
            "gamma": 0,
            "lambda": 0,
            "learning_rate": 0.3061156050996376,
            "max_depth": 6,
            "min_child_weight": 0.000151332613172996,
            "n_estimators": 2000,
            "n_jobs": -1,
            "subsample": 0.8367279110965042,
            "tree_method": "gpu_hist"
        },
        "seed": 1
    },
    "environment": {
        "devices": {
            "CUDA_VISIBLE_DEVICES": null,
            "torch.version.cuda": "10.1",
            "torch.backends.cudnn.version()": 7603,
            "torch.cuda.nccl.version()": 2708,
            "driver": "470.256.02"
        }
    },
    "dataset": "analcatdata",
    "algorithm": "xgboost_",
    "metrics": {
        "train": {
            "0": {
                "precision": 0.35714285714285715,
                "recall": 0.32407407407407407,
                "f1-score": 0.33980582524271846,
                "support": 108
            },
            "1": {
                "precision": 0.4642857142857143,
                "recall": 0.2736842105263158,
                "f1-score": 0.34437086092715236,
                "support": 95
            },
            "2": {
                "precision": 0.4,
                "recall": 0.37037037037037035,
                "f1-score": 0.3846153846153846,
                "support": 108
            },
            "3": {
                "precision": 0.34615384615384615,
                "recall": 0.40540540540540543,
                "f1-score": 0.3734439834024897,
                "support": 111
            },
            "4": {
                "precision": 0.2857142857142857,
                "recall": 0.3620689655172414,
                "f1-score": 0.31939163498098855,
                "support": 116
            },
            "5": {
                "precision": 0.36792452830188677,
                "recall": 0.3939393939393939,
                "f1-score": 0.3804878048780488,
                "support": 99
            },
            "accuracy": 0.3563579277864992,
            "macro avg": {
                "precision": 0.370203538599765,
                "recall": 0.3549237366388001,
                "f1-score": 0.357019249007797,
                "support": 637
            },
            "weighted avg": {
                "precision": 0.3671413403397053,
                "recall": 0.3563579277864992,
                "f1-score": 0.35655059176005094,
                "support": 637
            },
            "score": 0.3563579277864992
        },
        "val": {
            "0": {
                "precision": 0.23076923076923078,
                "recall": 0.17647058823529413,
                "f1-score": 0.20000000000000004,
                "support": 17
            },
            "1": {
                "precision": 0.0,
                "recall": 0.0,
                "f1-score": 0.0,
                "support": 12
            },
            "2": {
                "precision": 0.06666666666666667,
                "recall": 0.16666666666666666,
                "f1-score": 0.09523809523809522,
                "support": 6
            },
            "3": {
                "precision": 0.09090909090909091,
                "recall": 0.1,
                "f1-score": 0.09523809523809525,
                "support": 10
            },
            "4": {
                "precision": 0.24,
                "recall": 0.2857142857142857,
                "f1-score": 0.2608695652173913,
                "support": 21
            },
            "5": {
                "precision": 0.25,
                "recall": 0.21428571428571427,
                "f1-score": 0.23076923076923075,
                "support": 14
            },
            "accuracy": 0.175,
            "macro avg": {
                "precision": 0.1463908313908314,
                "recall": 0.15718954248366013,
                "f1-score": 0.14701916441046875,
                "support": 80
            },
            "weighted avg": {
                "precision": 0.1721520979020979,
                "recall": 0.175,
                "f1-score": 0.17041049530179964,
                "support": 80
            },
            "score": 0.175
        },
        "test": {
            "0": {
                "precision": 0.09090909090909091,
                "recall": 0.09090909090909091,
                "f1-score": 0.09090909090909091,
                "support": 11
            },
            "1": {
                "precision": 0.25,
                "recall": 0.11764705882352941,
                "f1-score": 0.15999999999999998,
                "support": 17
            },
            "2": {
                "precision": 0.15384615384615385,
                "recall": 0.15384615384615385,
                "f1-score": 0.15384615384615385,
                "support": 13
            },
            "3": {
                "precision": 0.25,
                "recall": 0.18181818181818182,
                "f1-score": 0.2105263157894737,
                "support": 11
            },
            "4": {
                "precision": 0.2,
                "recall": 0.3333333333333333,
                "f1-score": 0.25,
                "support": 18
            },
            "5": {
                "precision": 0.3,
                "recall": 0.3,
                "f1-score": 0.3,
                "support": 10
            },
            "accuracy": 0.2,
            "macro avg": {
                "precision": 0.20745920745920746,
                "recall": 0.19625896978838156,
                "f1-score": 0.19421359342411973,
                "support": 80
            },
            "weighted avg": {
                "precision": 0.20750000000000002,
                "recall": 0.2,
                "f1-score": 0.19419736842105265,
                "support": 80
            },
            "score": 0.2
        }
    },
    "time": "0:00:01"
}
