{
    "dataset": "titanic",
    "algorithm": "resnet",
    "config": {
        "data": {
            "cat_policy": "indices",
            "normalization": "quantile",
            "path": "data/titanic"
        },
        "model": {
            "activation": "relu",
            "d": 358,
            "d_embedding": 512,
            "d_hidden_factor": 3.939071888925459,
            "hidden_dropout": 0.4896437281538122,
            "n_layers": 6,
            "normalization": "batchnorm",
            "residual_dropout": 0.1885775155762346
        },
        "seed": 0,
        "training": {
            "batch_size": 256,
            "eval_batch_size": 8192,
            "lr": 0.0002043476961637888,
            "n_epochs": 1000000000,
            "optimizer": "adamw",
            "patience": 16,
            "weight_decay": 0.0
        }
    },
    "environment": {
        "devices": {
            "CUDA_VISIBLE_DEVICES": null,
            "torch.version.cuda": "11.7",
            "torch.backends.cudnn.version()": 8500,
            "torch.cuda.nccl.version()": [
                2,
                14,
                3
            ],
            "driver": "560.35.03"
        }
    },
    "epoch_size": 5,
    "n_parameters": 6643141,
    "best_epoch": 28,
    "metrics": {
        "train": {
            "0": {
                "precision": 0.9806547619047619,
                "recall": 0.9909774436090225,
                "f1-score": 0.9857890800299177,
                "support": 665
            },
            "1": {
                "precision": 0.9840848806366048,
                "recall": 0.9661458333333334,
                "f1-score": 0.9750328515111696,
                "support": 384
            },
            "accuracy": 0.9818875119161106,
            "macro avg": {
                "precision": 0.9823698212706833,
                "recall": 0.9785616384711779,
                "f1-score": 0.9804109657705437,
                "support": 1049
            },
            "weighted avg": {
                "precision": 0.9819104011736158,
                "recall": 0.9818875119161106,
                "f1-score": 0.9818516236417393,
                "support": 1049
            },
            "roc_auc": 0.9981320488721804,
            "score": 0.9818875119161106
        },
        "val": {
            "0": {
                "precision": 0.9459459459459459,
                "recall": 1.0,
                "f1-score": 0.9722222222222222,
                "support": 70
            },
            "1": {
                "precision": 1.0,
                "recall": 0.9333333333333333,
                "f1-score": 0.9655172413793104,
                "support": 60
            },
            "accuracy": 0.9692307692307692,
            "macro avg": {
                "precision": 0.972972972972973,
                "recall": 0.9666666666666667,
                "f1-score": 0.9688697318007663,
                "support": 130
            },
            "weighted avg": {
                "precision": 0.9708939708939709,
                "recall": 0.9692307692307692,
                "f1-score": 0.9691276156793398,
                "support": 130
            },
            "roc_auc": 0.9952380952380953,
            "score": 0.9692307692307692
        },
        "test": {
            "0": {
                "precision": 0.961038961038961,
                "recall": 1.0,
                "f1-score": 0.9801324503311257,
                "support": 74
            },
            "1": {
                "precision": 1.0,
                "recall": 0.9464285714285714,
                "f1-score": 0.9724770642201834,
                "support": 56
            },
            "accuracy": 0.9769230769230769,
            "macro avg": {
                "precision": 0.9805194805194806,
                "recall": 0.9732142857142857,
                "f1-score": 0.9763047572756546,
                "support": 130
            },
            "weighted avg": {
                "precision": 0.9778221778221778,
                "recall": 0.9769230769230769,
                "f1-score": 0.9768347455448737,
                "support": 130
            },
            "roc_auc": 0.9954150579150579,
            "score": 0.9769230769230769
        }
    },
    "time": "0:00:20"
}
