{
    "config": {
        "data": {
            "cat_policy": "ohe",
            "path": "data/titanic"
        },
        "fit": {
            "early_stopping_rounds": 50,
            "verbose": false
        },
        "model": {
            "alpha": 0,
            "booster": "gbtree",
            "colsample_bylevel": 0.9859725012498328,
            "colsample_bytree": 0.9390967356735884,
            "gamma": 0,
            "lambda": 3.607006600307738e-08,
            "learning_rate": 0.001802171314263196,
            "max_depth": 10,
            "min_child_weight": 3.231776356179178e-08,
            "n_estimators": 2000,
            "n_jobs": -1,
            "subsample": 0.6414034812882048,
            "tree_method": "gpu_hist"
        },
        "seed": 6
    },
    "environment": {
        "devices": {
            "CUDA_VISIBLE_DEVICES": null,
            "torch.version.cuda": "11.7",
            "torch.backends.cudnn.version()": 8500,
            "torch.cuda.nccl.version()": [
                2,
                14,
                3
            ],
            "driver": "560.35.03"
        }
    },
    "dataset": "titanic",
    "algorithm": "xgboost_",
    "metrics": {
        "train": {
            "0": {
                "precision": 0.9910581222056631,
                "recall": 1.0,
                "f1-score": 0.9955089820359281,
                "support": 665
            },
            "1": {
                "precision": 1.0,
                "recall": 0.984375,
                "f1-score": 0.9921259842519685,
                "support": 384
            },
            "accuracy": 0.994280266920877,
            "macro avg": {
                "precision": 0.9955290611028316,
                "recall": 0.9921875,
                "f1-score": 0.9938174831439484,
                "support": 1049
            },
            "weighted avg": {
                "precision": 0.9943314120750867,
                "recall": 0.994280266920877,
                "f1-score": 0.9942705919987114,
                "support": 1049
            },
            "roc_auc": 0.999545739348371,
            "score": 0.994280266920877
        },
        "val": {
            "0": {
                "precision": 0.958904109589041,
                "recall": 1.0,
                "f1-score": 0.9790209790209791,
                "support": 70
            },
            "1": {
                "precision": 1.0,
                "recall": 0.95,
                "f1-score": 0.9743589743589743,
                "support": 60
            },
            "accuracy": 0.9769230769230769,
            "macro avg": {
                "precision": 0.9794520547945205,
                "recall": 0.975,
                "f1-score": 0.9766899766899767,
                "support": 130
            },
            "weighted avg": {
                "precision": 0.9778714436248682,
                "recall": 0.9769230769230769,
                "f1-score": 0.9768692845615922,
                "support": 130
            },
            "roc_auc": 0.9940476190476191,
            "score": 0.9769230769230769
        },
        "test": {
            "0": {
                "precision": 0.9726027397260274,
                "recall": 0.9594594594594594,
                "f1-score": 0.9659863945578231,
                "support": 74
            },
            "1": {
                "precision": 0.9473684210526315,
                "recall": 0.9642857142857143,
                "f1-score": 0.9557522123893805,
                "support": 56
            },
            "accuracy": 0.9615384615384616,
            "macro avg": {
                "precision": 0.9599855803893295,
                "recall": 0.9618725868725868,
                "f1-score": 0.9608693034736018,
                "support": 130
            },
            "weighted avg": {
                "precision": 0.961732571682103,
                "recall": 0.9615384615384616,
                "f1-score": 0.961577823777571,
                "support": 130
            },
            "roc_auc": 0.9973455598455598,
            "score": 0.9615384615384616
        }
    },
    "time": "0:00:01"
}
