{
    "dataset": "adult",
    "algorithm": "ft_transformer",
    "config": {
        "data": {
            "cat_policy": "indices",
            "normalization": "quantile",
            "path": "data/adult"
        },
        "model": {
            "activation": "reglu",
            "attention_dropout": 0.290284712609104,
            "d_ffn_factor": 2.037608078057796,
            "d_token": 352,
            "ffn_dropout": 0.1605824872092634,
            "initialization": "kaiming",
            "n_heads": 8,
            "n_layers": 3,
            "prenormalization": true,
            "residual_dropout": 0.0
        },
        "seed": 10,
        "training": {
            "batch_size": 256,
            "eval_batch_size": 8192,
            "lr": 2.670080766240071e-05,
            "n_epochs": 1000000000,
            "optimizer": "adamw",
            "patience": 16,
            "weight_decay": 1.878836874957554e-05
        }
    },
    "environment": {
        "devices": {
            "CUDA_VISIBLE_DEVICES": null,
            "torch.version.cuda": "11.7",
            "torch.backends.cudnn.version()": 8500,
            "torch.cuda.nccl.version()": [
                2,
                14,
                3
            ],
            "driver": "560.35.03"
        }
    },
    "epoch_size": 153,
    "n_parameters": 3815759,
    "best_epoch": 14,
    "metrics": {
        "train": {
            "0": {
                "precision": 0.88591241569298,
                "recall": 0.9406899334274763,
                "f1-score": 0.9124798199696688,
                "support": 29742
            },
            "1": {
                "precision": 0.7645802749232617,
                "recall": 0.6139091298756966,
                "f1-score": 0.6810104011887073,
                "support": 9332
            },
            "accuracy": 0.8626452372421559,
            "macro avg": {
                "precision": 0.8252463453081209,
                "recall": 0.7772995316515865,
                "f1-score": 0.7967451105791881,
                "support": 39074
            },
            "weighted avg": {
                "precision": 0.8569347953402386,
                "recall": 0.8626452372421559,
                "f1-score": 0.8571982358967832,
                "support": 39074
            },
            "roc_auc": 0.9207050670773657,
            "score": 0.8626452372421559
        },
        "val": {
            "0": {
                "precision": 0.873955960516325,
                "recall": 0.9398475775721284,
                "f1-score": 0.9057049180327869,
                "support": 3674
            },
            "1": {
                "precision": 0.7631296891747053,
                "recall": 0.5884297520661157,
                "f1-score": 0.6644890340643957,
                "support": 1210
            },
            "accuracy": 0.8527846027846028,
            "macro avg": {
                "precision": 0.8185428248455151,
                "recall": 0.7641386648191221,
                "f1-score": 0.7850969760485913,
                "support": 4884
            },
            "weighted avg": {
                "precision": 0.8464990014001579,
                "recall": 0.8527846027846028,
                "f1-score": 0.8459442260586358,
                "support": 4884
            },
            "roc_auc": 0.9088241248532238,
            "score": 0.8527846027846028
        },
        "test": {
            "0": {
                "precision": 0.8830482897384306,
                "recall": 0.9390211286440224,
                "f1-score": 0.9101749837977965,
                "support": 3739
            },
            "1": {
                "precision": 0.748898678414097,
                "recall": 0.5938864628820961,
                "f1-score": 0.6624452021432051,
                "support": 1145
            },
            "accuracy": 0.8581081081081081,
            "macro avg": {
                "precision": 0.8159734840762638,
                "recall": 0.7664537957630593,
                "f1-score": 0.7863100929705008,
                "support": 4884
            },
            "weighted avg": {
                "precision": 0.8515983910966693,
                "recall": 0.8581081081081081,
                "f1-score": 0.8520974653714029,
                "support": 4884
            },
            "roc_auc": 0.9118955048345598,
            "score": 0.8581081081081081
        }
    },
    "time": "0:36:50"
}
