{
    "config": {
        "data": {
            "cat_policy": "ohe",
            "path": "data/adult"
        },
        "fit": {
            "early_stopping_rounds": 50,
            "verbose": false
        },
        "model": {
            "alpha": 0,
            "booster": "gbtree",
            "colsample_bylevel": 0.617272713203309,
            "colsample_bytree": 0.5411307302074724,
            "gamma": 0,
            "lambda": 2.936612875585434e-08,
            "learning_rate": 0.0279777241489622,
            "max_depth": 10,
            "min_child_weight": 4.058438699016036,
            "n_estimators": 2000,
            "n_jobs": -1,
            "subsample": 0.9532294000425751,
            "tree_method": "gpu_hist"
        },
        "seed": 4
    },
    "environment": {
        "devices": {
            "CUDA_VISIBLE_DEVICES": null,
            "torch.version.cuda": "11.7",
            "torch.backends.cudnn.version()": 8500,
            "torch.cuda.nccl.version()": [
                2,
                14,
                3
            ],
            "driver": "560.35.03"
        }
    },
    "dataset": "adult",
    "algorithm": "xgboost_",
    "metrics": {
        "train": {
            "0": {
                "precision": 0.8794925345219912,
                "recall": 0.9486584627799072,
                "f1-score": 0.9127670931530336,
                "support": 29742
            },
            "1": {
                "precision": 0.7816387816387816,
                "recall": 0.585726532361766,
                "f1-score": 0.6696477794793262,
                "support": 9332
            },
            "accuracy": 0.8619798331371245,
            "macro avg": {
                "precision": 0.8305656580803864,
                "recall": 0.7671924975708366,
                "f1-score": 0.7912074363161798,
                "support": 39074
            },
            "weighted avg": {
                "precision": 0.8561222314584167,
                "recall": 0.8619798331371245,
                "f1-score": 0.8547031776285663,
                "support": 39074
            },
            "roc_auc": 0.9218482874711373,
            "score": 0.8619798331371245
        },
        "val": {
            "0": {
                "precision": 0.8664007976071785,
                "recall": 0.9461077844311377,
                "f1-score": 0.9045016913869373,
                "support": 3674
            },
            "1": {
                "precision": 0.7729357798165137,
                "recall": 0.5570247933884298,
                "f1-score": 0.6474543707973104,
                "support": 1210
            },
            "accuracy": 0.8497133497133497,
            "macro avg": {
                "precision": 0.819668288711846,
                "recall": 0.7515662889097838,
                "f1-score": 0.7759780310921238,
                "support": 4884
            },
            "weighted avg": {
                "precision": 0.8432450499563381,
                "recall": 0.8497133497133497,
                "f1-score": 0.840818796646264,
                "support": 4884
            },
            "roc_auc": 0.9075473395807934,
            "score": 0.8497133497133497
        },
        "test": {
            "0": {
                "precision": 0.8771060455896927,
                "recall": 0.9467772131585985,
                "f1-score": 0.9106109324758843,
                "support": 3739
            },
            "1": {
                "precision": 0.7653301886792453,
                "recall": 0.5668122270742358,
                "f1-score": 0.6512794781736077,
                "support": 1145
            },
            "accuracy": 0.8576986076986077,
            "macro avg": {
                "precision": 0.821218117134469,
                "recall": 0.7567947201164171,
                "f1-score": 0.780945205324746,
                "support": 4884
            },
            "weighted avg": {
                "precision": 0.8509014272108102,
                "recall": 0.8576986076986077,
                "f1-score": 0.8498135296961736,
                "support": 4884
            },
            "roc_auc": 0.9099888931841992,
            "score": 0.8576986076986077
        }
    },
    "time": "0:00:03"
}
