{
    "dataset": "eucalyptus",
    "algorithm": "ft_transformer",
    "config": {
        "data": {
            "cat_policy": "indices",
            "normalization": "quantile",
            "path": "data/eucalyptus"
        },
        "model": {
            "activation": "reglu",
            "attention_dropout": 0.3501458529787257,
            "d_ffn_factor": 2.520137596675008,
            "d_token": 192,
            "ffn_dropout": 0.4303801489543005,
            "initialization": "kaiming",
            "n_heads": 8,
            "n_layers": 2,
            "prenormalization": true,
            "residual_dropout": 0.0
        },
        "seed": 7,
        "training": {
            "batch_size": 256,
            "eval_batch_size": 32,
            "lr": 0.0008425814163303901,
            "n_epochs": 1000000000,
            "optimizer": "adamw",
            "patience": 16,
            "weight_decay": 7.50710532458074e-05
        }
    },
    "environment": {
        "devices": {
            "CUDA_VISIBLE_DEVICES": null,
            "torch.version.cuda": "10.1",
            "torch.backends.cudnn.version()": 7603,
            "torch.cuda.nccl.version()": 2708,
            "driver": "470.256.02"
        }
    },
    "epoch_size": 3,
    "n_parameters": 878993,
    "best_epoch": 24,
    "metrics": {
        "train": {
            "0": {
                "precision": 0.9922480620155039,
                "recall": 0.8827586206896552,
                "f1-score": 0.9343065693430657,
                "support": 145
            },
            "1": {
                "precision": 0.7549019607843137,
                "recall": 0.9166666666666666,
                "f1-score": 0.8279569892473119,
                "support": 84
            },
            "2": {
                "precision": 0.7757009345794392,
                "recall": 0.7685185185185185,
                "f1-score": 0.7720930232558139,
                "support": 108
            },
            "3": {
                "precision": 0.7377049180327869,
                "recall": 0.8035714285714286,
                "f1-score": 0.7692307692307693,
                "support": 168
            },
            "4": {
                "precision": 0.7761194029850746,
                "recall": 0.6265060240963856,
                "f1-score": 0.6933333333333334,
                "support": 83
            },
            "accuracy": 0.8078231292517006,
            "macro avg": {
                "precision": 0.8073350556794237,
                "recall": 0.7996042517085309,
                "f1-score": 0.7993841368820588,
                "support": 588
            },
            "weighted avg": {
                "precision": 0.8153329444047267,
                "recall": 0.8078231292517006,
                "f1-score": 0.8081400035043921,
                "support": 588
            },
            "score": 0.8078231292517006
        },
        "val": {
            "0": {
                "precision": 0.8,
                "recall": 1.0,
                "f1-score": 0.888888888888889,
                "support": 12
            },
            "1": {
                "precision": 0.8,
                "recall": 0.7272727272727273,
                "f1-score": 0.761904761904762,
                "support": 11
            },
            "2": {
                "precision": 0.6666666666666666,
                "recall": 0.7692307692307693,
                "f1-score": 0.7142857142857142,
                "support": 13
            },
            "3": {
                "precision": 0.7142857142857143,
                "recall": 0.8,
                "f1-score": 0.7547169811320756,
                "support": 25
            },
            "4": {
                "precision": 0.8333333333333334,
                "recall": 0.38461538461538464,
                "f1-score": 0.5263157894736842,
                "support": 13
            },
            "accuracy": 0.7432432432432432,
            "macro avg": {
                "precision": 0.7628571428571429,
                "recall": 0.7362237762237762,
                "f1-score": 0.729222427137025,
                "support": 74
            },
            "weighted avg": {
                "precision": 0.7534749034749035,
                "recall": 0.7432432432432432,
                "f1-score": 0.7303157179026097,
                "support": 74
            },
            "score": 0.7432432432432432
        },
        "test": {
            "0": {
                "precision": 0.9,
                "recall": 0.782608695652174,
                "f1-score": 0.8372093023255814,
                "support": 23
            },
            "1": {
                "precision": 0.5333333333333333,
                "recall": 0.6666666666666666,
                "f1-score": 0.5925925925925926,
                "support": 12
            },
            "2": {
                "precision": 0.4166666666666667,
                "recall": 0.5555555555555556,
                "f1-score": 0.4761904761904762,
                "support": 9
            },
            "3": {
                "precision": 0.6363636363636364,
                "recall": 0.6666666666666666,
                "f1-score": 0.6511627906976744,
                "support": 21
            },
            "4": {
                "precision": 0.4,
                "recall": 0.2222222222222222,
                "f1-score": 0.2857142857142857,
                "support": 9
            },
            "accuracy": 0.6351351351351351,
            "macro avg": {
                "precision": 0.5772727272727273,
                "recall": 0.578743961352657,
                "f1-score": 0.568573889504122,
                "support": 74
            },
            "weighted avg": {
                "precision": 0.6461302211302212,
                "recall": 0.6351351351351351,
                "f1-score": 0.63376333143775,
                "support": 74
            },
            "score": 0.6351351351351351
        }
    },
    "time": "0:00:17"
}
