{
    "config": {
        "data": {
            "cat_policy": "ohe",
            "path": "data/titanic"
        },
        "fit": {
            "early_stopping_rounds": 50,
            "verbose": false
        },
        "model": {
            "alpha": 0,
            "booster": "gbtree",
            "colsample_bylevel": 0.9859725012498328,
            "colsample_bytree": 0.9390967356735884,
            "gamma": 0,
            "lambda": 3.607006600307738e-08,
            "learning_rate": 0.001802171314263196,
            "max_depth": 10,
            "min_child_weight": 3.231776356179178e-08,
            "n_estimators": 2000,
            "n_jobs": -1,
            "subsample": 0.6414034812882048,
            "tree_method": "gpu_hist"
        },
        "seed": 10
    },
    "environment": {
        "devices": {
            "CUDA_VISIBLE_DEVICES": null,
            "torch.version.cuda": "11.7",
            "torch.backends.cudnn.version()": 8500,
            "torch.cuda.nccl.version()": [
                2,
                14,
                3
            ],
            "driver": "560.35.03"
        }
    },
    "dataset": "titanic",
    "algorithm": "xgboost_",
    "metrics": {
        "train": {
            "0": {
                "precision": 0.9910313901345291,
                "recall": 0.9969924812030075,
                "f1-score": 0.9940029985007496,
                "support": 665
            },
            "1": {
                "precision": 0.9947368421052631,
                "recall": 0.984375,
                "f1-score": 0.9895287958115183,
                "support": 384
            },
            "accuracy": 0.9923736892278361,
            "macro avg": {
                "precision": 0.9928841161198961,
                "recall": 0.9906837406015038,
                "f1-score": 0.991765897156134,
                "support": 1049
            },
            "weighted avg": {
                "precision": 0.9923878186919761,
                "recall": 0.9923736892278361,
                "f1-score": 0.9923651588127945,
                "support": 1049
            },
            "roc_auc": 0.9995927318295741,
            "score": 0.9923736892278361
        },
        "val": {
            "0": {
                "precision": 0.958904109589041,
                "recall": 1.0,
                "f1-score": 0.9790209790209791,
                "support": 70
            },
            "1": {
                "precision": 1.0,
                "recall": 0.95,
                "f1-score": 0.9743589743589743,
                "support": 60
            },
            "accuracy": 0.9769230769230769,
            "macro avg": {
                "precision": 0.9794520547945205,
                "recall": 0.975,
                "f1-score": 0.9766899766899767,
                "support": 130
            },
            "weighted avg": {
                "precision": 0.9778714436248682,
                "recall": 0.9769230769230769,
                "f1-score": 0.9768692845615922,
                "support": 130
            },
            "roc_auc": 0.9970238095238096,
            "score": 0.9769230769230769
        },
        "test": {
            "0": {
                "precision": 0.9859154929577465,
                "recall": 0.9459459459459459,
                "f1-score": 0.9655172413793103,
                "support": 74
            },
            "1": {
                "precision": 0.9322033898305084,
                "recall": 0.9821428571428571,
                "f1-score": 0.9565217391304348,
                "support": 56
            },
            "accuracy": 0.9615384615384616,
            "macro avg": {
                "precision": 0.9590594413941275,
                "recall": 0.9640444015444015,
                "f1-score": 0.9610194902548725,
                "support": 130
            },
            "weighted avg": {
                "precision": 0.9627779716106286,
                "recall": 0.9615384615384616,
                "f1-score": 0.9616422557951793,
                "support": 130
            },
            "roc_auc": 0.9965009652509653,
            "score": 0.9615384615384616
        }
    },
    "time": "0:00:01"
}
