{
    "dataset": "eucalyptus_algo_3",
    "algorithm": "mlp_mha",
    "config": {
        "data": {
            "cat_policy": "indices",
            "normalization": "quantile",
            "path": "data/eucalyptus_algo_3"
        },
        "model": {
            "d_embedding": 187,
            "d_layers": [
                251,
                266,
                266,
                192
            ],
            "dropout": 0.0
        },
        "seed": 9,
        "training": {
            "batch_size": 256,
            "eval_batch_size": 8192,
            "lr": 0.003296505359015626,
            "n_epochs": 1000000000,
            "optimizer": "adamw",
            "patience": 16,
            "weight_decay": 5.459580731119539e-05
        }
    },
    "environment": {
        "devices": {
            "CUDA_VISIBLE_DEVICES": null,
            "torch.version.cuda": "10.1",
            "torch.backends.cudnn.version()": 7603,
            "torch.cuda.nccl.version()": 2708,
            "driver": "470.256.02"
        }
    },
    "epoch_size": 3,
    "n_parameters": 12435124,
    "best_epoch": 25,
    "metrics": {
        "train": {
            "0": {
                "precision": 0.9197080291970803,
                "recall": 0.8689655172413793,
                "f1-score": 0.8936170212765957,
                "support": 145
            },
            "1": {
                "precision": 0.7159090909090909,
                "recall": 0.75,
                "f1-score": 0.7325581395348838,
                "support": 84
            },
            "2": {
                "precision": 0.7254901960784313,
                "recall": 0.6851851851851852,
                "f1-score": 0.7047619047619048,
                "support": 108
            },
            "3": {
                "precision": 0.7090909090909091,
                "recall": 0.6964285714285714,
                "f1-score": 0.7027027027027026,
                "support": 168
            },
            "4": {
                "precision": 0.625,
                "recall": 0.7228915662650602,
                "f1-score": 0.6703910614525139,
                "support": 83
            },
            "accuracy": 0.7482993197278912,
            "macro avg": {
                "precision": 0.7390396450551023,
                "recall": 0.7446941680240393,
                "f1-score": 0.7408061659457201,
                "support": 588
            },
            "weighted avg": {
                "precision": 0.7531449690028633,
                "recall": 0.7482993197278912,
                "f1-score": 0.7498642001274405,
                "support": 588
            },
            "score": 0.7482993197278912
        },
        "val": {
            "0": {
                "precision": 0.6875,
                "recall": 0.9166666666666666,
                "f1-score": 0.7857142857142857,
                "support": 12
            },
            "1": {
                "precision": 0.7777777777777778,
                "recall": 0.6363636363636364,
                "f1-score": 0.7000000000000001,
                "support": 11
            },
            "2": {
                "precision": 0.6428571428571429,
                "recall": 0.6923076923076923,
                "f1-score": 0.6666666666666666,
                "support": 13
            },
            "3": {
                "precision": 0.7307692307692307,
                "recall": 0.76,
                "f1-score": 0.7450980392156863,
                "support": 25
            },
            "4": {
                "precision": 0.6666666666666666,
                "recall": 0.46153846153846156,
                "f1-score": 0.5454545454545455,
                "support": 13
            },
            "accuracy": 0.7027027027027027,
            "macro avg": {
                "precision": 0.7011141636141636,
                "recall": 0.6933752913752913,
                "f1-score": 0.6885867074102368,
                "support": 74
            },
            "weighted avg": {
                "precision": 0.7040350790350789,
                "recall": 0.7027027027027027,
                "f1-score": 0.6961297049532345,
                "support": 74
            },
            "score": 0.7027027027027027
        },
        "test": {
            "0": {
                "precision": 0.9444444444444444,
                "recall": 0.7391304347826086,
                "f1-score": 0.8292682926829269,
                "support": 23
            },
            "1": {
                "precision": 0.5333333333333333,
                "recall": 0.6666666666666666,
                "f1-score": 0.5925925925925926,
                "support": 12
            },
            "2": {
                "precision": 0.4666666666666667,
                "recall": 0.7777777777777778,
                "f1-score": 0.5833333333333334,
                "support": 9
            },
            "3": {
                "precision": 0.75,
                "recall": 0.7142857142857143,
                "f1-score": 0.7317073170731706,
                "support": 21
            },
            "4": {
                "precision": 0.6666666666666666,
                "recall": 0.4444444444444444,
                "f1-score": 0.5333333333333333,
                "support": 9
            },
            "accuracy": 0.6891891891891891,
            "macro avg": {
                "precision": 0.6722222222222223,
                "recall": 0.6684610075914424,
                "f1-score": 0.6540469738030713,
                "support": 74
            },
            "weighted avg": {
                "precision": 0.7307057057057057,
                "recall": 0.6891891891891891,
                "f1-score": 0.6972991283966894,
                "support": 74
            },
            "score": 0.6891891891891891
        }
    },
    "time": "0:00:48"
}
