{
    "dataset": "analcatdata_algo_3",
    "algorithm": "mlp_mha",
    "config": {
        "data": {
            "cat_policy": "indices",
            "normalization": "quantile",
            "path": "data/analcatdata_algo_3"
        },
        "model": {
            "d_embedding": 417,
            "d_layers": [
                286,
                339,
                339,
                339,
                285
            ],
            "dropout": 0.1355228122710398
        },
        "seed": 0,
        "training": {
            "batch_size": 128,
            "eval_batch_size": 32,
            "lr": 0.001598276282604273,
            "n_epochs": 1000000000,
            "optimizer": "adamw",
            "patience": 16,
            "weight_decay": 2.858445910603954e-05
        }
    },
    "environment": {
        "devices": {
            "CUDA_VISIBLE_DEVICES": null,
            "torch.version.cuda": "10.1",
            "torch.backends.cudnn.version()": 7603,
            "torch.cuda.nccl.version()": 2708,
            "driver": "470.256.02"
        }
    },
    "epoch_size": 5,
    "n_parameters": 24878296,
    "best_epoch": 12,
    "metrics": {
        "train": {
            "0": {
                "precision": 0.23853211009174313,
                "recall": 0.48148148148148145,
                "f1-score": 0.31901840490797545,
                "support": 108
            },
            "1": {
                "precision": 0.25,
                "recall": 0.042105263157894736,
                "f1-score": 0.07207207207207207,
                "support": 95
            },
            "2": {
                "precision": 0.0,
                "recall": 0.0,
                "f1-score": 0.0,
                "support": 108
            },
            "3": {
                "precision": 0.0,
                "recall": 0.0,
                "f1-score": 0.0,
                "support": 111
            },
            "4": {
                "precision": 0.1994535519125683,
                "recall": 0.6293103448275862,
                "f1-score": 0.3029045643153527,
                "support": 116
            },
            "5": {
                "precision": 0.5135135135135135,
                "recall": 0.1919191919191919,
                "f1-score": 0.27941176470588236,
                "support": 99
            },
            "accuracy": 0.23233908948194662,
            "macro avg": {
                "precision": 0.20024986258630414,
                "recall": 0.22413604689769237,
                "f1-score": 0.1622344676668804,
                "support": 637
            },
            "weighted avg": {
                "precision": 0.1938554438769294,
                "recall": 0.23233908948194662,
                "f1-score": 0.16342155218739632,
                "support": 637
            },
            "score": 0.23233908948194662
        },
        "val": {
            "0": {
                "precision": 0.3,
                "recall": 0.5294117647058824,
                "f1-score": 0.3829787234042553,
                "support": 17
            },
            "1": {
                "precision": 0.0,
                "recall": 0.0,
                "f1-score": 0.0,
                "support": 12
            },
            "2": {
                "precision": 0.0,
                "recall": 0.0,
                "f1-score": 0.0,
                "support": 6
            },
            "3": {
                "precision": 0.0,
                "recall": 0.0,
                "f1-score": 0.0,
                "support": 10
            },
            "4": {
                "precision": 0.3409090909090909,
                "recall": 0.7142857142857143,
                "f1-score": 0.4615384615384615,
                "support": 21
            },
            "5": {
                "precision": 0.5,
                "recall": 0.14285714285714285,
                "f1-score": 0.22222222222222224,
                "support": 14
            },
            "accuracy": 0.325,
            "macro avg": {
                "precision": 0.19015151515151515,
                "recall": 0.2310924369747899,
                "f1-score": 0.17778990119415652,
                "support": 80
            },
            "weighted avg": {
                "precision": 0.24073863636363635,
                "recall": 0.325,
                "f1-score": 0.2414257137661393,
                "support": 80
            },
            "score": 0.325
        },
        "test": {
            "0": {
                "precision": 0.1,
                "recall": 0.18181818181818182,
                "f1-score": 0.12903225806451613,
                "support": 11
            },
            "1": {
                "precision": 1.0,
                "recall": 0.058823529411764705,
                "f1-score": 0.1111111111111111,
                "support": 17
            },
            "2": {
                "precision": 0.0,
                "recall": 0.0,
                "f1-score": 0.0,
                "support": 13
            },
            "3": {
                "precision": 0.0,
                "recall": 0.0,
                "f1-score": 0.0,
                "support": 11
            },
            "4": {
                "precision": 0.23076923076923078,
                "recall": 0.6666666666666666,
                "f1-score": 0.3428571428571429,
                "support": 18
            },
            "5": {
                "precision": 0.42857142857142855,
                "recall": 0.3,
                "f1-score": 0.3529411764705882,
                "support": 10
            },
            "accuracy": 0.225,
            "macro avg": {
                "precision": 0.29322344322344324,
                "recall": 0.20121806298276887,
                "f1-score": 0.1559902814172264,
                "support": 80
            },
            "weighted avg": {
                "precision": 0.3317445054945055,
                "recall": 0.225,
                "f1-score": 0.1626135507966628,
                "support": 80
            },
            "score": 0.225
        }
    },
    "time": "0:00:53"
}
