{
    "config": {
        "data": {
            "cat_policy": "ohe",
            "path": "data/dresses-sales"
        },
        "fit": {
            "early_stopping_rounds": 50,
            "verbose": false
        },
        "model": {
            "alpha": 0,
            "booster": "gbtree",
            "colsample_bylevel": 0.6507027358759576,
            "colsample_bytree": 0.8463472479821204,
            "gamma": 0,
            "lambda": 0,
            "learning_rate": 0.613468928280149,
            "max_depth": 5,
            "min_child_weight": 1.744072531926623e-07,
            "n_estimators": 2000,
            "n_jobs": -1,
            "subsample": 0.527883494295289,
            "tree_method": "hist"
        },
        "seed": 6
    },
    "environment": {},
    "dataset": "dresses-sales",
    "algorithm": "xgboost_",
    "metrics": {
        "train": {
            "0": {
                "precision": 0.8271604938271605,
                "recall": 0.8445378151260504,
                "f1-score": 0.8357588357588358,
                "support": 238
            },
            "1": {
                "precision": 0.7771084337349398,
                "recall": 0.7543859649122807,
                "f1-score": 0.7655786350148368,
                "support": 171
            },
            "accuracy": 0.8068459657701712,
            "macro avg": {
                "precision": 0.8021344637810501,
                "recall": 0.7994618900191656,
                "f1-score": 0.8006687353868363,
                "support": 409
            },
            "weighted avg": {
                "precision": 0.8062340823949606,
                "recall": 0.8068459657701712,
                "f1-score": 0.8064169914379952,
                "support": 409
            },
            "roc_auc": 0.8123617868199912,
            "score": 0.8068459657701712
        },
        "val": {
            "0": {
                "precision": 0.6153846153846154,
                "recall": 0.6956521739130435,
                "f1-score": 0.6530612244897959,
                "support": 23
            },
            "1": {
                "precision": 0.631578947368421,
                "recall": 0.5454545454545454,
                "f1-score": 0.5853658536585366,
                "support": 22
            },
            "accuracy": 0.6222222222222222,
            "macro avg": {
                "precision": 0.6234817813765182,
                "recall": 0.6205533596837944,
                "f1-score": 0.6192135390741662,
                "support": 45
            },
            "weighted avg": {
                "precision": 0.6233018443544759,
                "recall": 0.6222222222222222,
                "f1-score": 0.6199657098611803,
                "support": 45
            },
            "roc_auc": 0.5849802371541503,
            "score": 0.6222222222222222
        },
        "test": {
            "0": {
                "precision": 0.7083333333333334,
                "recall": 0.5862068965517241,
                "f1-score": 0.6415094339622641,
                "support": 29
            },
            "1": {
                "precision": 0.45454545454545453,
                "recall": 0.5882352941176471,
                "f1-score": 0.5128205128205129,
                "support": 17
            },
            "accuracy": 0.5869565217391305,
            "macro avg": {
                "precision": 0.5814393939393939,
                "recall": 0.5872210953346856,
                "f1-score": 0.5771649733913885,
                "support": 46
            },
            "weighted avg": {
                "precision": 0.6145421607378129,
                "recall": 0.5869565217391305,
                "f1-score": 0.5939504848446604,
                "support": 46
            },
            "roc_auc": 0.6135902636916836,
            "score": 0.5869565217391305
        }
    },
    "time": "0:00:00"
}
