{
    "dataset": "bank_marketing_algo_3",
    "algorithm": "mlp_mha",
    "config": {
        "data": {
            "cat_policy": "ohe",
            "normalization": "quantile",
            "path": "data/bank_marketing_algo_3"
        },
        "model": {
            "d_embedding": 499,
            "d_layers": [
                165,
                53,
                53,
                53,
                85
            ],
            "dropout": 0.2208954776380779
        },
        "seed": 3,
        "training": {
            "batch_size": 256,
            "eval_batch_size": 8192,
            "lr": 0.0007060076235778219,
            "n_epochs": 1000000000,
            "optimizer": "adamw",
            "patience": 16,
            "weight_decay": 0.0
        }
    },
    "environment": {
        "devices": {
            "CUDA_VISIBLE_DEVICES": null,
            "torch.version.cuda": "10.1",
            "torch.backends.cudnn.version()": 7603,
            "torch.cuda.nccl.version()": 2708,
            "driver": "470.256.02"
        }
    },
    "epoch_size": 142,
    "n_parameters": 2840818,
    "best_epoch": 41,
    "metrics": {
        "train": {
            "0": {
                "precision": 0.9299644595765015,
                "recall": 0.9739756021269941,
                "f1-score": 0.951461353948635,
                "support": 31970
            },
            "1": {
                "precision": 0.6901303538175046,
                "recall": 0.4414006669842782,
                "f1-score": 0.5384280110416969,
                "support": 4198
            },
            "accuracy": 0.9121599203715992,
            "macro avg": {
                "precision": 0.8100474066970031,
                "recall": 0.7076881345556362,
                "f1-score": 0.744944682495166,
                "support": 36168
            },
            "weighted avg": {
                "precision": 0.9021270459518536,
                "recall": 0.9121599203715992,
                "f1-score": 0.9035207994937764,
                "support": 36168
            },
            "roc_auc": 0.9404440807194332,
            "score": 0.9121599203715992
        },
        "val": {
            "0": {
                "precision": 0.9302936261637622,
                "recall": 0.9735198601049213,
                "f1-score": 0.951416015625,
                "support": 4003
            },
            "1": {
                "precision": 0.6807228915662651,
                "recall": 0.4362934362934363,
                "f1-score": 0.5317647058823529,
                "support": 518
            },
            "accuracy": 0.9119663791196638,
            "macro avg": {
                "precision": 0.8055082588650136,
                "recall": 0.7049066481991788,
                "f1-score": 0.7415903607536765,
                "support": 4521
            },
            "weighted avg": {
                "precision": 0.9016987045708615,
                "recall": 0.9119663791196638,
                "f1-score": 0.9033338704255549,
                "support": 4521
            },
            "roc_auc": 0.9281094198656026,
            "score": 0.9119663791196638
        },
        "test": {
            "0": {
                "precision": 0.9206500956022945,
                "recall": 0.9754368194479615,
                "f1-score": 0.9472519365547768,
                "support": 3949
            },
            "1": {
                "precision": 0.7130177514792899,
                "recall": 0.4205933682373473,
                "f1-score": 0.5290889132821076,
                "support": 573
            },
            "accuracy": 0.9051304732419283,
            "macro avg": {
                "precision": 0.8168339235407922,
                "recall": 0.6980150938426544,
                "f1-score": 0.7381704249184422,
                "support": 4522
            },
            "weighted avg": {
                "precision": 0.8943402032576501,
                "recall": 0.9051304732419283,
                "f1-score": 0.8942648926947062,
                "support": 4522
            },
            "roc_auc": 0.9336576251216978,
            "score": 0.9051304732419283
        }
    },
    "time": "0:05:32"
}
