{
    "dataset": "eucalyptus",
    "algorithm": "ft_transformer",
    "config": {
        "data": {
            "cat_policy": "indices",
            "normalization": "quantile",
            "path": "data/eucalyptus"
        },
        "model": {
            "activation": "reglu",
            "attention_dropout": 0.3501458529787257,
            "d_ffn_factor": 2.520137596675008,
            "d_token": 192,
            "ffn_dropout": 0.4303801489543005,
            "initialization": "kaiming",
            "n_heads": 8,
            "n_layers": 2,
            "prenormalization": true,
            "residual_dropout": 0.0
        },
        "seed": 0,
        "training": {
            "batch_size": 256,
            "eval_batch_size": 32,
            "lr": 0.0008425814163303901,
            "n_epochs": 1000000000,
            "optimizer": "adamw",
            "patience": 16,
            "weight_decay": 7.50710532458074e-05
        }
    },
    "environment": {
        "devices": {
            "CUDA_VISIBLE_DEVICES": null,
            "torch.version.cuda": "10.1",
            "torch.backends.cudnn.version()": 7603,
            "torch.cuda.nccl.version()": 2708,
            "driver": "470.256.02"
        }
    },
    "epoch_size": 3,
    "n_parameters": 878993,
    "best_epoch": 8,
    "metrics": {
        "train": {
            "0": {
                "precision": 0.9553571428571429,
                "recall": 0.7379310344827587,
                "f1-score": 0.8326848249027238,
                "support": 145
            },
            "1": {
                "precision": 0.5733333333333334,
                "recall": 0.5119047619047619,
                "f1-score": 0.5408805031446541,
                "support": 84
            },
            "2": {
                "precision": 0.5,
                "recall": 0.4351851851851852,
                "f1-score": 0.46534653465346537,
                "support": 108
            },
            "3": {
                "precision": 0.5967078189300411,
                "recall": 0.8630952380952381,
                "f1-score": 0.7055961070559612,
                "support": 168
            },
            "4": {
                "precision": 0.6875,
                "recall": 0.5301204819277109,
                "f1-score": 0.598639455782313,
                "support": 83
            },
            "accuracy": 0.6564625850340136,
            "macro avg": {
                "precision": 0.6625796590241035,
                "recall": 0.6156473403191309,
                "f1-score": 0.6286294851078236,
                "support": 588
            },
            "weighted avg": {
                "precision": 0.6768642845145113,
                "recall": 0.6564625850340136,
                "f1-score": 0.6541801163825741,
                "support": 588
            },
            "score": 0.6564625850340136
        },
        "val": {
            "0": {
                "precision": 0.9090909090909091,
                "recall": 0.8333333333333334,
                "f1-score": 0.8695652173913043,
                "support": 12
            },
            "1": {
                "precision": 1.0,
                "recall": 0.6363636363636364,
                "f1-score": 0.7777777777777778,
                "support": 11
            },
            "2": {
                "precision": 0.7,
                "recall": 0.5384615384615384,
                "f1-score": 0.608695652173913,
                "support": 13
            },
            "3": {
                "precision": 0.6153846153846154,
                "recall": 0.96,
                "f1-score": 0.7500000000000001,
                "support": 25
            },
            "4": {
                "precision": 0.8571428571428571,
                "recall": 0.46153846153846156,
                "f1-score": 0.6,
                "support": 13
            },
            "accuracy": 0.7297297297297297,
            "macro avg": {
                "precision": 0.8163236763236764,
                "recall": 0.685939393939394,
                "f1-score": 0.721207729468599,
                "support": 74
            },
            "weighted avg": {
                "precision": 0.7775211275211276,
                "recall": 0.7297297297297297,
                "f1-score": 0.7223429951690821,
                "support": 74
            },
            "score": 0.7297297297297297
        },
        "test": {
            "0": {
                "precision": 1.0,
                "recall": 0.5217391304347826,
                "f1-score": 0.6857142857142856,
                "support": 23
            },
            "1": {
                "precision": 0.35294117647058826,
                "recall": 0.5,
                "f1-score": 0.41379310344827586,
                "support": 12
            },
            "2": {
                "precision": 0.2727272727272727,
                "recall": 0.3333333333333333,
                "f1-score": 0.3,
                "support": 9
            },
            "3": {
                "precision": 0.5483870967741935,
                "recall": 0.8095238095238095,
                "f1-score": 0.6538461538461537,
                "support": 21
            },
            "4": {
                "precision": 0.3333333333333333,
                "recall": 0.1111111111111111,
                "f1-score": 0.16666666666666666,
                "support": 9
            },
            "accuracy": 0.527027027027027,
            "macro avg": {
                "precision": 0.5014777758610776,
                "recall": 0.45514147688060735,
                "f1-score": 0.44400404193507637,
                "support": 74
            },
            "weighted avg": {
                "precision": 0.5973779541141969,
                "recall": 0.527027027027027,
                "f1-score": 0.522536689778069,
                "support": 74
            },
            "score": 0.527027027027027
        }
    },
    "time": "0:00:11"
}
