{
    "dataset": "cylinder-bands",
    "algorithm": "resnet",
    "config": {
        "data": {
            "cat_policy": "indices",
            "normalization": "quantile",
            "path": "data/cylinder-bands"
        },
        "model": {
            "activation": "relu",
            "d": 463,
            "d_embedding": 421,
            "d_hidden_factor": 3.080392956062708,
            "hidden_dropout": 0.3504268615667025,
            "n_layers": 5,
            "normalization": "batchnorm",
            "residual_dropout": 0.2373430573011905
        },
        "seed": 10,
        "training": {
            "batch_size": 256,
            "eval_batch_size": 8192,
            "lr": 0.0002284872481822989,
            "n_epochs": 1000000000,
            "optimizer": "adamw",
            "patience": 16,
            "weight_decay": 1.021731278409643e-05
        }
    },
    "environment": {
        "devices": {
            "CUDA_VISIBLE_DEVICES": null,
            "torch.version.cuda": "11.7",
            "torch.backends.cudnn.version()": 8500,
            "torch.cuda.nccl.version()": [
                2,
                14,
                3
            ],
            "driver": "560.35.03"
        }
    },
    "epoch_size": 2,
    "n_parameters": 9403810,
    "best_epoch": 31,
    "metrics": {
        "train": {
            "0": {
                "precision": 0.9960474308300395,
                "recall": 1.0,
                "f1-score": 0.998019801980198,
                "support": 252
            },
            "1": {
                "precision": 1.0,
                "recall": 0.9944444444444445,
                "f1-score": 0.9972144846796658,
                "support": 180
            },
            "accuracy": 0.9976851851851852,
            "macro avg": {
                "precision": 0.9980237154150198,
                "recall": 0.9972222222222222,
                "f1-score": 0.9976171433299319,
                "support": 432
            },
            "weighted avg": {
                "precision": 0.9976943346508564,
                "recall": 0.9976851851851852,
                "f1-score": 0.9976842531049762,
                "support": 432
            },
            "roc_auc": 1.0,
            "score": 0.9976851851851852
        },
        "val": {
            "0": {
                "precision": 0.9428571428571428,
                "recall": 0.9705882352941176,
                "f1-score": 0.9565217391304348,
                "support": 34
            },
            "1": {
                "precision": 0.9473684210526315,
                "recall": 0.9,
                "f1-score": 0.9230769230769231,
                "support": 20
            },
            "accuracy": 0.9444444444444444,
            "macro avg": {
                "precision": 0.9451127819548872,
                "recall": 0.9352941176470588,
                "f1-score": 0.939799331103679,
                "support": 54
            },
            "weighted avg": {
                "precision": 0.9445279866332498,
                "recall": 0.9444444444444444,
                "f1-score": 0.9441347702217269,
                "support": 54
            },
            "roc_auc": 0.9588235294117646,
            "score": 0.9444444444444444
        },
        "test": {
            "0": {
                "precision": 0.78125,
                "recall": 0.9615384615384616,
                "f1-score": 0.8620689655172413,
                "support": 26
            },
            "1": {
                "precision": 0.9545454545454546,
                "recall": 0.75,
                "f1-score": 0.84,
                "support": 28
            },
            "accuracy": 0.8518518518518519,
            "macro avg": {
                "precision": 0.8678977272727273,
                "recall": 0.8557692307692308,
                "f1-score": 0.8510344827586207,
                "support": 54
            },
            "weighted avg": {
                "precision": 0.8711069023569024,
                "recall": 0.8518518518518519,
                "f1-score": 0.850625798212005,
                "support": 54
            },
            "roc_auc": 0.9326923076923077,
            "score": 0.8518518518518519
        }
    },
    "time": "0:00:15"
}
