{
    "config": {
        "data": {
            "cat_policy": "ohe",
            "path": "data/analcatdata"
        },
        "fit": {
            "early_stopping_rounds": 50,
            "verbose": false
        },
        "model": {
            "alpha": 0,
            "booster": "gbtree",
            "colsample_bylevel": 0.6989376795401535,
            "colsample_bytree": 0.7572607161725085,
            "gamma": 0,
            "lambda": 0,
            "learning_rate": 0.3061156050996376,
            "max_depth": 6,
            "min_child_weight": 0.000151332613172996,
            "n_estimators": 2000,
            "n_jobs": -1,
            "subsample": 0.8367279110965042,
            "tree_method": "gpu_hist"
        },
        "seed": 8
    },
    "environment": {
        "devices": {
            "CUDA_VISIBLE_DEVICES": null,
            "torch.version.cuda": "10.1",
            "torch.backends.cudnn.version()": 7603,
            "torch.cuda.nccl.version()": 2708,
            "driver": "470.256.02"
        }
    },
    "dataset": "analcatdata",
    "algorithm": "xgboost_",
    "metrics": {
        "train": {
            "0": {
                "precision": 0.42857142857142855,
                "recall": 0.3055555555555556,
                "f1-score": 0.3567567567567567,
                "support": 108
            },
            "1": {
                "precision": 0.31343283582089554,
                "recall": 0.22105263157894736,
                "f1-score": 0.25925925925925924,
                "support": 95
            },
            "2": {
                "precision": 0.32222222222222224,
                "recall": 0.5370370370370371,
                "f1-score": 0.4027777777777778,
                "support": 108
            },
            "3": {
                "precision": 0.34234234234234234,
                "recall": 0.34234234234234234,
                "f1-score": 0.34234234234234234,
                "support": 111
            },
            "4": {
                "precision": 0.34108527131782945,
                "recall": 0.3793103448275862,
                "f1-score": 0.35918367346938773,
                "support": 116
            },
            "5": {
                "precision": 0.3972602739726027,
                "recall": 0.29292929292929293,
                "f1-score": 0.33720930232558144,
                "support": 99
            },
            "accuracy": 0.3500784929356358,
            "macro avg": {
                "precision": 0.3574857290412201,
                "recall": 0.3463712007117936,
                "f1-score": 0.3429215186551842,
                "support": 637
            },
            "weighted avg": {
                "precision": 0.35754551379098154,
                "recall": 0.3500784929356358,
                "f1-score": 0.3449111246656843,
                "support": 637
            },
            "score": 0.3500784929356358
        },
        "val": {
            "0": {
                "precision": 0.3333333333333333,
                "recall": 0.29411764705882354,
                "f1-score": 0.3125,
                "support": 17
            },
            "1": {
                "precision": 0.2857142857142857,
                "recall": 0.16666666666666666,
                "f1-score": 0.2105263157894737,
                "support": 12
            },
            "2": {
                "precision": 0.08,
                "recall": 0.3333333333333333,
                "f1-score": 0.12903225806451613,
                "support": 6
            },
            "3": {
                "precision": 0.16666666666666666,
                "recall": 0.2,
                "f1-score": 0.1818181818181818,
                "support": 10
            },
            "4": {
                "precision": 0.16666666666666666,
                "recall": 0.09523809523809523,
                "f1-score": 0.12121212121212123,
                "support": 21
            },
            "5": {
                "precision": 0.4444444444444444,
                "recall": 0.2857142857142857,
                "f1-score": 0.34782608695652173,
                "support": 14
            },
            "accuracy": 0.2125,
            "macro avg": {
                "precision": 0.24613756613756613,
                "recall": 0.2291783380018674,
                "f1-score": 0.2171524939734691,
                "support": 80
            },
            "weighted avg": {
                "precision": 0.2620515873015873,
                "recall": 0.2125,
                "f1-score": 0.22307763648610562,
                "support": 80
            },
            "score": 0.2125
        },
        "test": {
            "0": {
                "precision": 0.36363636363636365,
                "recall": 0.36363636363636365,
                "f1-score": 0.36363636363636365,
                "support": 11
            },
            "1": {
                "precision": 0.3333333333333333,
                "recall": 0.11764705882352941,
                "f1-score": 0.1739130434782609,
                "support": 17
            },
            "2": {
                "precision": 0.24,
                "recall": 0.46153846153846156,
                "f1-score": 0.3157894736842105,
                "support": 13
            },
            "3": {
                "precision": 0.1111111111111111,
                "recall": 0.09090909090909091,
                "f1-score": 0.09999999999999999,
                "support": 11
            },
            "4": {
                "precision": 0.23809523809523808,
                "recall": 0.2777777777777778,
                "f1-score": 0.25641025641025644,
                "support": 18
            },
            "5": {
                "precision": 0.125,
                "recall": 0.1,
                "f1-score": 0.11111111111111112,
                "support": 10
            },
            "accuracy": 0.2375,
            "macro avg": {
                "precision": 0.2351960076960077,
                "recall": 0.2352514587808706,
                "f1-score": 0.22014337472003376,
                "support": 80
            },
            "weighted avg": {
                "precision": 0.24430753968253965,
                "recall": 0.2375,
                "f1-score": 0.22360350779401122,
                "support": 80
            },
            "score": 0.2375
        }
    },
    "time": "0:00:01"
}
