{
    "config": {
        "data": {
            "cat_policy": "ohe",
            "path": "data/credit-approval"
        },
        "fit": {
            "early_stopping_rounds": 50,
            "verbose": false
        },
        "model": {
            "alpha": 0,
            "booster": "gbtree",
            "colsample_bylevel": 0.7479875860502782,
            "colsample_bytree": 0.7892656746801335,
            "gamma": 0,
            "lambda": 0,
            "learning_rate": 0.04486879472147982,
            "max_depth": 8,
            "min_child_weight": 2.541074371450198e-08,
            "n_estimators": 2000,
            "n_jobs": -1,
            "subsample": 0.683657763245091,
            "tree_method": "gpu_hist"
        },
        "seed": 5
    },
    "environment": {
        "devices": {
            "CUDA_VISIBLE_DEVICES": null,
            "torch.version.cuda": "10.1",
            "torch.backends.cudnn.version()": 7603,
            "torch.cuda.nccl.version()": 2708,
            "driver": "470.256.02"
        }
    },
    "dataset": "credit-approval",
    "algorithm": "xgboost_",
    "metrics": {
        "train": {
            "0": {
                "precision": 0.9904761904761905,
                "recall": 0.9904761904761905,
                "f1-score": 0.9904761904761905,
                "support": 315
            },
            "1": {
                "precision": 0.9873417721518988,
                "recall": 0.9873417721518988,
                "f1-score": 0.9873417721518988,
                "support": 237
            },
            "accuracy": 0.9891304347826086,
            "macro avg": {
                "precision": 0.9889089813140446,
                "recall": 0.9889089813140446,
                "f1-score": 0.9889089813140446,
                "support": 552
            },
            "weighted avg": {
                "precision": 0.9891304347826086,
                "recall": 0.9891304347826086,
                "f1-score": 0.9891304347826086,
                "support": 552
            },
            "roc_auc": 0.9994240171455362,
            "score": 0.9891304347826086
        },
        "val": {
            "0": {
                "precision": 0.9444444444444444,
                "recall": 0.8947368421052632,
                "f1-score": 0.918918918918919,
                "support": 38
            },
            "1": {
                "precision": 0.8787878787878788,
                "recall": 0.9354838709677419,
                "f1-score": 0.90625,
                "support": 31
            },
            "accuracy": 0.9130434782608695,
            "macro avg": {
                "precision": 0.9116161616161615,
                "recall": 0.9151103565365025,
                "f1-score": 0.9125844594594594,
                "support": 69
            },
            "weighted avg": {
                "precision": 0.9149465671204802,
                "recall": 0.9130434782608695,
                "f1-score": 0.9132270857814336,
                "support": 69
            },
            "roc_auc": 0.9159592529711376,
            "score": 0.9130434782608695
        },
        "test": {
            "0": {
                "precision": 0.6944444444444444,
                "recall": 0.8333333333333334,
                "f1-score": 0.7575757575757577,
                "support": 30
            },
            "1": {
                "precision": 0.8484848484848485,
                "recall": 0.717948717948718,
                "f1-score": 0.7777777777777778,
                "support": 39
            },
            "accuracy": 0.7681159420289855,
            "macro avg": {
                "precision": 0.7714646464646464,
                "recall": 0.7756410256410257,
                "f1-score": 0.7676767676767677,
                "support": 69
            },
            "weighted avg": {
                "precision": 0.7815107597716293,
                "recall": 0.7681159420289855,
                "f1-score": 0.7689942907334212,
                "support": 69
            },
            "roc_auc": 0.8760683760683761,
            "score": 0.7681159420289855
        }
    },
    "time": "0:00:01"
}
