{
    "dataset": "sick",
    "algorithm": "ft_transformer",
    "config": {
        "data": {
            "cat_policy": "indices",
            "normalization": "quantile",
            "path": "data/sick"
        },
        "model": {
            "activation": "reglu",
            "attention_dropout": 0.1857119055034855,
            "d_ffn_factor": 2.370176839004245,
            "d_token": 384,
            "ffn_dropout": 0.310755435886316,
            "initialization": "kaiming",
            "n_heads": 8,
            "n_layers": 2,
            "prenormalization": true,
            "residual_dropout": 0.0
        },
        "seed": 7,
        "training": {
            "batch_size": 256,
            "eval_batch_size": 8192,
            "lr": 2.414502624052369e-05,
            "n_epochs": 1000000000,
            "optimizer": "adamw",
            "patience": 16,
            "weight_decay": 0.0003376347405193131
        }
    },
    "environment": {
        "devices": {
            "CUDA_VISIBLE_DEVICES": null,
            "torch.version.cuda": "10.1",
            "torch.backends.cudnn.version()": 7603,
            "torch.cuda.nccl.version()": 2708,
            "driver": "470.256.02"
        }
    },
    "epoch_size": 12,
    "n_parameters": 3318713,
    "best_epoch": 34,
    "metrics": {
        "train": {
            "0": {
                "precision": 0.9860041987403779,
                "recall": 0.9978753541076487,
                "f1-score": 0.99190425906371,
                "support": 2824
            },
            "1": {
                "precision": 0.9622641509433962,
                "recall": 0.7927461139896373,
                "f1-score": 0.8693181818181818,
                "support": 193
            },
            "accuracy": 0.9847530659595625,
            "macro avg": {
                "precision": 0.974134174841887,
                "recall": 0.895310734048643,
                "f1-score": 0.9306112204409459,
                "support": 3017
            },
            "weighted avg": {
                "precision": 0.9844855281322183,
                "recall": 0.9847530659595625,
                "f1-score": 0.9840623257165484,
                "support": 3017
            },
            "roc_auc": 0.9958699672679768,
            "score": 0.9847530659595625
        },
        "val": {
            "0": {
                "precision": 0.9889196675900277,
                "recall": 1.0,
                "f1-score": 0.9944289693593314,
                "support": 357
            },
            "1": {
                "precision": 1.0,
                "recall": 0.8,
                "f1-score": 0.888888888888889,
                "support": 20
            },
            "accuracy": 0.9893899204244032,
            "macro avg": {
                "precision": 0.9944598337950139,
                "recall": 0.9,
                "f1-score": 0.9416589291241102,
                "support": 377
            },
            "weighted avg": {
                "precision": 0.9895074836329971,
                "recall": 0.9893899204244032,
                "f1-score": 0.9888300260983,
                "support": 377
            },
            "roc_auc": 0.9980392156862745,
            "score": 0.9893899204244032
        },
        "test": {
            "0": {
                "precision": 0.9861878453038674,
                "recall": 0.9916666666666667,
                "f1-score": 0.9889196675900276,
                "support": 360
            },
            "1": {
                "precision": 0.8125,
                "recall": 0.7222222222222222,
                "f1-score": 0.7647058823529411,
                "support": 18
            },
            "accuracy": 0.9788359788359788,
            "macro avg": {
                "precision": 0.8993439226519337,
                "recall": 0.8569444444444445,
                "f1-score": 0.8768127749714844,
                "support": 378
            },
            "weighted avg": {
                "precision": 0.9779169955274928,
                "recall": 0.9788359788359788,
                "f1-score": 0.9782428206739757,
                "support": 378
            },
            "roc_auc": 0.9945987654320988,
            "score": 0.9788359788359788
        }
    },
    "time": "0:06:14"
}
