{
    "config": {
        "data": {
            "cat_policy": "ohe",
            "path": "data/bank_marketing"
        },
        "fit": {
            "early_stopping_rounds": 50,
            "verbose": false
        },
        "model": {
            "alpha": 9.745193765513678,
            "booster": "gbtree",
            "colsample_bylevel": 0.6551928846054192,
            "colsample_bytree": 0.873629885087349,
            "gamma": 0,
            "lambda": 0,
            "learning_rate": 0.3682599367980634,
            "max_depth": 6,
            "min_child_weight": 0.00296533338968678,
            "n_estimators": 2000,
            "n_jobs": -1,
            "subsample": 0.7912451345978706,
            "tree_method": "gpu_hist"
        },
        "seed": 9
    },
    "environment": {
        "devices": {
            "CUDA_VISIBLE_DEVICES": null,
            "torch.version.cuda": "11.7",
            "torch.backends.cudnn.version()": 8500,
            "torch.cuda.nccl.version()": [
                2,
                14,
                3
            ],
            "driver": "560.35.03"
        }
    },
    "dataset": "bank_marketing",
    "algorithm": "xgboost_",
    "metrics": {
        "train": {
            "0": {
                "precision": 0.9405644112398294,
                "recall": 0.9726618705035971,
                "f1-score": 0.9563438975257954,
                "support": 31970
            },
            "1": {
                "precision": 0.7186997103315095,
                "recall": 0.5319199618866127,
                "f1-score": 0.6113620807665983,
                "support": 4198
            },
            "accuracy": 0.9215051979650519,
            "macro avg": {
                "precision": 0.8296320607856694,
                "recall": 0.7522909161951049,
                "f1-score": 0.7838529891461968,
                "support": 36168
            },
            "weighted avg": {
                "precision": 0.9148126966188073,
                "recall": 0.9215051979650519,
                "f1-score": 0.9163020465316816,
                "support": 36168
            },
            "roc_auc": 0.9497531183578936,
            "score": 0.9215051979650519
        },
        "val": {
            "0": {
                "precision": 0.936046511627907,
                "recall": 0.9652760429677741,
                "f1-score": 0.9504366006641249,
                "support": 4003
            },
            "1": {
                "precision": 0.6463104325699746,
                "recall": 0.49034749034749037,
                "f1-score": 0.5576289791437979,
                "support": 518
            },
            "accuracy": 0.9108604291086043,
            "macro avg": {
                "precision": 0.7911784720989408,
                "recall": 0.7278117666576323,
                "f1-score": 0.7540327899039614,
                "support": 4521
            },
            "weighted avg": {
                "precision": 0.9028495886126429,
                "recall": 0.9108604291086043,
                "f1-score": 0.905430109191546,
                "support": 4521
            },
            "roc_auc": 0.9322882355607811,
            "score": 0.9108604291086043
        },
        "test": {
            "0": {
                "precision": 0.9279454722492697,
                "recall": 0.9653076728285642,
                "f1-score": 0.946257912374333,
                "support": 3949
            },
            "1": {
                "precision": 0.6690821256038647,
                "recall": 0.48342059336823734,
                "f1-score": 0.5612968591691996,
                "support": 573
            },
            "accuracy": 0.9042459088898718,
            "macro avg": {
                "precision": 0.7985137989265672,
                "recall": 0.7243641330984008,
                "f1-score": 0.7537773857717662,
                "support": 4522
            },
            "weighted avg": {
                "precision": 0.895143902672132,
                "recall": 0.9042459088898718,
                "f1-score": 0.8974780177510376,
                "support": 4522
            },
            "roc_auc": 0.9353776355336827,
            "score": 0.9042459088898718
        }
    },
    "time": "0:00:01"
}
