{
    "dataset": "kr-vs-kp",
    "algorithm": "resnet",
    "config": {
        "data": {
            "cat_policy": "indices",
            "normalization": "quantile",
            "path": "data/kr-vs-kp"
        },
        "model": {
            "activation": "relu",
            "d": 103,
            "d_embedding": 284,
            "d_hidden_factor": 1.846316989503202,
            "hidden_dropout": 0.3960150210200928,
            "n_layers": 5,
            "normalization": "batchnorm",
            "residual_dropout": 0.238670028034606
        },
        "seed": 9,
        "training": {
            "batch_size": 256,
            "eval_batch_size": 32,
            "lr": 1.228961322647247e-05,
            "n_epochs": 1000000000,
            "optimizer": "adamw",
            "patience": 16,
            "weight_decay": 4.516205353699927e-05
        }
    },
    "environment": {
        "devices": {
            "CUDA_VISIBLE_DEVICES": null,
            "torch.version.cuda": "10.1",
            "torch.backends.cudnn.version()": 7603,
            "torch.cuda.nccl.version()": 2708,
            "driver": "470.256.02"
        }
    },
    "epoch_size": 10,
    "n_parameters": 1272128,
    "best_epoch": 50,
    "metrics": {
        "train": {
            "0": {
                "precision": 0.9722001588562351,
                "recall": 0.9975550122249389,
                "f1-score": 0.9847144006436042,
                "support": 1227
            },
            "1": {
                "precision": 0.9976869699306091,
                "recall": 0.9736644093303235,
                "f1-score": 0.9855293221629854,
                "support": 1329
            },
            "accuracy": 0.985133020344288,
            "macro avg": {
                "precision": 0.9849435643934221,
                "recall": 0.9856097107776312,
                "f1-score": 0.9851218614032948,
                "support": 2556
            },
            "weighted avg": {
                "precision": 0.9854521040510096,
                "recall": 0.985133020344288,
                "f1-score": 0.985138121574456,
                "support": 2556
            },
            "roc_auc": 0.9985202519435108,
            "score": 0.985133020344288
        },
        "val": {
            "0": {
                "precision": 0.9202453987730062,
                "recall": 0.9933774834437086,
                "f1-score": 0.9554140127388535,
                "support": 151
            },
            "1": {
                "precision": 0.9936305732484076,
                "recall": 0.9230769230769231,
                "f1-score": 0.9570552147239264,
                "support": 169
            },
            "accuracy": 0.95625,
            "macro avg": {
                "precision": 0.9569379860107069,
                "recall": 0.9582272032603159,
                "f1-score": 0.95623461373139,
                "support": 320
            },
            "weighted avg": {
                "precision": 0.9590019440428275,
                "recall": 0.95625,
                "f1-score": 0.9562807725372202,
                "support": 320
            },
            "roc_auc": 0.9945138916101729,
            "score": 0.95625
        },
        "test": {
            "0": {
                "precision": 0.9426751592356688,
                "recall": 0.9932885906040269,
                "f1-score": 0.9673202614379084,
                "support": 149
            },
            "1": {
                "precision": 0.9938650306748467,
                "recall": 0.9473684210526315,
                "f1-score": 0.970059880239521,
                "support": 171
            },
            "accuracy": 0.96875,
            "macro avg": {
                "precision": 0.9682700949552577,
                "recall": 0.9703285058283292,
                "f1-score": 0.9686900708387147,
                "support": 320
            },
            "weighted avg": {
                "precision": 0.9700297467859794,
                "recall": 0.96875,
                "f1-score": 0.9687842452350202,
                "support": 320
            },
            "roc_auc": 0.997723615526512,
            "score": 0.96875
        }
    },
    "time": "0:00:46"
}
