{
    "dataset": "adult",
    "algorithm": "resnet",
    "config": {
        "data": {
            "cat_policy": "indices",
            "normalization": "quantile",
            "path": "data/adult"
        },
        "model": {
            "activation": "relu",
            "d": 339,
            "d_embedding": 348,
            "d_hidden_factor": 3.825346478547088,
            "hidden_dropout": 0.2209100377552283,
            "n_layers": 8,
            "normalization": "batchnorm",
            "residual_dropout": 0.3058115601225451
        },
        "seed": 4,
        "training": {
            "batch_size": 256,
            "eval_batch_size": 8192,
            "lr": 0.003479353084932105,
            "n_epochs": 1000000000,
            "optimizer": "adamw",
            "patience": 16,
            "weight_decay": 0.0
        }
    },
    "environment": {
        "devices": {
            "CUDA_VISIBLE_DEVICES": null,
            "torch.version.cuda": "11.7",
            "torch.backends.cudnn.version()": 8500,
            "torch.cuda.nccl.version()": [
                2,
                14,
                3
            ],
            "driver": "560.35.03"
        }
    },
    "epoch_size": 153,
    "n_parameters": 8030671,
    "best_epoch": 26,
    "metrics": {
        "train": {
            "0": {
                "precision": 0.8940947436729396,
                "recall": 0.9265012440320086,
                "f1-score": 0.9100095769624517,
                "support": 29742
            },
            "1": {
                "precision": 0.7351587109280349,
                "recall": 0.6502357479639949,
                "f1-score": 0.6900943932673718,
                "support": 9332
            },
            "accuracy": 0.8605210625991708,
            "macro avg": {
                "precision": 0.8146267273004872,
                "recall": 0.7883684959980017,
                "f1-score": 0.8000519851149117,
                "support": 39074
            },
            "weighted avg": {
                "precision": 0.8561362275861442,
                "recall": 0.8605210625991708,
                "f1-score": 0.857487478015774,
                "support": 39074
            },
            "roc_auc": 0.9190169296498537,
            "score": 0.8605210625991708
        },
        "val": {
            "0": {
                "precision": 0.8833290121856365,
                "recall": 0.92732716385411,
                "f1-score": 0.9047935201168503,
                "support": 3674
            },
            "1": {
                "precision": 0.7400194741966893,
                "recall": 0.628099173553719,
                "f1-score": 0.6794814483683504,
                "support": 1210
            },
            "accuracy": 0.8531941031941032,
            "macro avg": {
                "precision": 0.811674243191163,
                "recall": 0.7777131687039145,
                "f1-score": 0.7921374842426003,
                "support": 4884
            },
            "weighted avg": {
                "precision": 0.8478243969181045,
                "recall": 0.8531941031941032,
                "f1-score": 0.8489729618007805,
                "support": 4884
            },
            "roc_auc": 0.9072769562302893,
            "score": 0.8531941031941032
        },
        "test": {
            "0": {
                "precision": 0.892426187419769,
                "recall": 0.9296603369884996,
                "f1-score": 0.9106628242074929,
                "support": 3739
            },
            "1": {
                "precision": 0.7340748230535895,
                "recall": 0.634061135371179,
                "f1-score": 0.6804123711340206,
                "support": 1145
            },
            "accuracy": 0.8603603603603603,
            "macro avg": {
                "precision": 0.8132505052366792,
                "recall": 0.7818607361798393,
                "f1-score": 0.7955375976707568,
                "support": 4884
            },
            "weighted avg": {
                "precision": 0.8553024543732343,
                "recall": 0.8603603603603603,
                "f1-score": 0.8566831418223322,
                "support": 4884
            },
            "roc_auc": 0.9081876269371232,
            "score": 0.8603603603603603
        }
    },
    "time": "0:12:35"
}
