{
    "config": {
        "data": {
            "cat_policy": "ohe",
            "path": "data/analcatdata"
        },
        "fit": {
            "early_stopping_rounds": 50,
            "verbose": false
        },
        "model": {
            "alpha": 0,
            "booster": "gbtree",
            "colsample_bylevel": 0.6989376795401535,
            "colsample_bytree": 0.7572607161725085,
            "gamma": 0,
            "lambda": 0,
            "learning_rate": 0.3061156050996376,
            "max_depth": 6,
            "min_child_weight": 0.000151332613172996,
            "n_estimators": 2000,
            "n_jobs": -1,
            "subsample": 0.8367279110965042,
            "tree_method": "gpu_hist"
        },
        "seed": 9
    },
    "environment": {
        "devices": {
            "CUDA_VISIBLE_DEVICES": null,
            "torch.version.cuda": "10.1",
            "torch.backends.cudnn.version()": 7603,
            "torch.cuda.nccl.version()": 2708,
            "driver": "470.256.02"
        }
    },
    "dataset": "analcatdata",
    "algorithm": "xgboost_",
    "metrics": {
        "train": {
            "0": {
                "precision": 0.5675675675675675,
                "recall": 0.5833333333333334,
                "f1-score": 0.5753424657534246,
                "support": 108
            },
            "1": {
                "precision": 0.55,
                "recall": 0.5789473684210527,
                "f1-score": 0.5641025641025641,
                "support": 95
            },
            "2": {
                "precision": 0.5130434782608696,
                "recall": 0.5462962962962963,
                "f1-score": 0.5291479820627802,
                "support": 108
            },
            "3": {
                "precision": 0.48031496062992124,
                "recall": 0.5495495495495496,
                "f1-score": 0.5126050420168068,
                "support": 111
            },
            "4": {
                "precision": 0.5533980582524272,
                "recall": 0.49137931034482757,
                "f1-score": 0.5205479452054794,
                "support": 116
            },
            "5": {
                "precision": 0.5679012345679012,
                "recall": 0.46464646464646464,
                "f1-score": 0.5111111111111112,
                "support": 99
            },
            "accuracy": 0.5353218210361067,
            "macro avg": {
                "precision": 0.5387042165464478,
                "recall": 0.535692053765254,
                "f1-score": 0.5354761850420277,
                "support": 637
            },
            "weighted avg": {
                "precision": 0.537970723012396,
                "recall": 0.5353218210361067,
                "f1-score": 0.5349410255284065,
                "support": 637
            },
            "score": 0.5353218210361067
        },
        "val": {
            "0": {
                "precision": 0.23076923076923078,
                "recall": 0.17647058823529413,
                "f1-score": 0.20000000000000004,
                "support": 17
            },
            "1": {
                "precision": 0.3333333333333333,
                "recall": 0.25,
                "f1-score": 0.28571428571428575,
                "support": 12
            },
            "2": {
                "precision": 0.1,
                "recall": 0.3333333333333333,
                "f1-score": 0.15384615384615383,
                "support": 6
            },
            "3": {
                "precision": 0.15789473684210525,
                "recall": 0.3,
                "f1-score": 0.20689655172413793,
                "support": 10
            },
            "4": {
                "precision": 0.18181818181818182,
                "recall": 0.09523809523809523,
                "f1-score": 0.125,
                "support": 21
            },
            "5": {
                "precision": 0.375,
                "recall": 0.21428571428571427,
                "f1-score": 0.2727272727272727,
                "support": 14
            },
            "accuracy": 0.2,
            "macro avg": {
                "precision": 0.2298025804604752,
                "recall": 0.22822128851540613,
                "f1-score": 0.20736404400197506,
                "support": 80
            },
            "weighted avg": {
                "precision": 0.23962757637099746,
                "recall": 0.2,
                "f1-score": 0.20329744608839437,
                "support": 80
            },
            "score": 0.2
        },
        "test": {
            "0": {
                "precision": 0.23076923076923078,
                "recall": 0.2727272727272727,
                "f1-score": 0.24999999999999994,
                "support": 11
            },
            "1": {
                "precision": 0.36363636363636365,
                "recall": 0.23529411764705882,
                "f1-score": 0.2857142857142857,
                "support": 17
            },
            "2": {
                "precision": 0.1111111111111111,
                "recall": 0.15384615384615385,
                "f1-score": 0.12903225806451615,
                "support": 13
            },
            "3": {
                "precision": 0.1,
                "recall": 0.09090909090909091,
                "f1-score": 0.09523809523809525,
                "support": 11
            },
            "4": {
                "precision": 0.13636363636363635,
                "recall": 0.16666666666666666,
                "f1-score": 0.15,
                "support": 18
            },
            "5": {
                "precision": 0.3333333333333333,
                "recall": 0.2,
                "f1-score": 0.25,
                "support": 10
            },
            "accuracy": 0.1875,
            "macro avg": {
                "precision": 0.2125356125356125,
                "recall": 0.1865738836327072,
                "f1-score": 0.1933307731694828,
                "support": 80
            },
            "weighted avg": {
                "precision": 0.21315753690753686,
                "recall": 0.1875,
                "f1-score": 0.19415226574500766,
                "support": 80
            },
            "score": 0.1875
        }
    },
    "time": "0:00:02"
}
