{
    "dataset": "credit-approval_algo_3",
    "algorithm": "mlp_mha",
    "config": {
        "data": {
            "cat_policy": "indices",
            "normalization": "quantile",
            "path": "data/credit-approval_algo_3"
        },
        "model": {
            "d_embedding": 254,
            "d_layers": [
                381
            ],
            "dropout": 0.2681497445040155
        },
        "seed": 7,
        "training": {
            "batch_size": 128,
            "eval_batch_size": 32,
            "lr": 0.0007637429136171826,
            "n_epochs": 1000000000,
            "optimizer": "adamw",
            "patience": 16,
            "weight_decay": 0.0
        }
    },
    "environment": {
        "devices": {
            "CUDA_VISIBLE_DEVICES": null,
            "torch.version.cuda": "10.1",
            "torch.backends.cudnn.version()": 7603,
            "torch.cuda.nccl.version()": 2708,
            "driver": "470.256.02"
        }
    },
    "epoch_size": 5,
    "n_parameters": 38644693,
    "best_epoch": 21,
    "metrics": {
        "train": {
            "0": {
                "precision": 0.921875,
                "recall": 0.9365079365079365,
                "f1-score": 0.9291338582677166,
                "support": 315
            },
            "1": {
                "precision": 0.9137931034482759,
                "recall": 0.8945147679324894,
                "f1-score": 0.9040511727078892,
                "support": 237
            },
            "accuracy": 0.9184782608695652,
            "macro avg": {
                "precision": 0.9178340517241379,
                "recall": 0.915511352220213,
                "f1-score": 0.9165925154878029,
                "support": 552
            },
            "weighted avg": {
                "precision": 0.9184050552848576,
                "recall": 0.9184782608695652,
                "f1-score": 0.9183646617501819,
                "support": 552
            },
            "roc_auc": 0.9751657625075347,
            "score": 0.9184782608695652
        },
        "val": {
            "0": {
                "precision": 0.918918918918919,
                "recall": 0.8947368421052632,
                "f1-score": 0.9066666666666667,
                "support": 38
            },
            "1": {
                "precision": 0.875,
                "recall": 0.9032258064516129,
                "f1-score": 0.8888888888888888,
                "support": 31
            },
            "accuracy": 0.8985507246376812,
            "macro avg": {
                "precision": 0.8969594594594594,
                "recall": 0.898981324278438,
                "f1-score": 0.8977777777777778,
                "support": 69
            },
            "weighted avg": {
                "precision": 0.8991872307089699,
                "recall": 0.8985507246376812,
                "f1-score": 0.8986795491143318,
                "support": 69
            },
            "roc_auc": 0.8989813242784381,
            "score": 0.8985507246376812
        },
        "test": {
            "0": {
                "precision": 0.7297297297297297,
                "recall": 0.9,
                "f1-score": 0.8059701492537312,
                "support": 30
            },
            "1": {
                "precision": 0.90625,
                "recall": 0.7435897435897436,
                "f1-score": 0.8169014084507042,
                "support": 39
            },
            "accuracy": 0.8115942028985508,
            "macro avg": {
                "precision": 0.8179898648648649,
                "recall": 0.8217948717948718,
                "f1-score": 0.8114357788522177,
                "support": 69
            },
            "weighted avg": {
                "precision": 0.8295020564042302,
                "recall": 0.8115942028985508,
                "f1-score": 0.812148687060716,
                "support": 69
            },
            "roc_auc": 0.8743589743589744,
            "score": 0.8115942028985508
        }
    },
    "time": "0:01:46"
}
