{
    "config": {
        "data": {
            "cat_policy": "ohe",
            "path": "data/analcatdata"
        },
        "fit": {
            "early_stopping_rounds": 50,
            "verbose": false
        },
        "model": {
            "alpha": 0,
            "booster": "gbtree",
            "colsample_bylevel": 0.6989376795401535,
            "colsample_bytree": 0.7572607161725085,
            "gamma": 0,
            "lambda": 0,
            "learning_rate": 0.3061156050996376,
            "max_depth": 6,
            "min_child_weight": 0.000151332613172996,
            "n_estimators": 2000,
            "n_jobs": -1,
            "subsample": 0.8367279110965042,
            "tree_method": "gpu_hist"
        },
        "seed": 4
    },
    "environment": {
        "devices": {
            "CUDA_VISIBLE_DEVICES": null,
            "torch.version.cuda": "10.1",
            "torch.backends.cudnn.version()": 7603,
            "torch.cuda.nccl.version()": 2708,
            "driver": "470.256.02"
        }
    },
    "dataset": "analcatdata",
    "algorithm": "xgboost_",
    "metrics": {
        "train": {
            "0": {
                "precision": 0.4939759036144578,
                "recall": 0.37962962962962965,
                "f1-score": 0.42931937172774864,
                "support": 108
            },
            "1": {
                "precision": 0.4606741573033708,
                "recall": 0.43157894736842106,
                "f1-score": 0.4456521739130435,
                "support": 95
            },
            "2": {
                "precision": 0.4263565891472868,
                "recall": 0.5092592592592593,
                "f1-score": 0.4641350210970464,
                "support": 108
            },
            "3": {
                "precision": 0.4188034188034188,
                "recall": 0.44144144144144143,
                "f1-score": 0.4298245614035088,
                "support": 111
            },
            "4": {
                "precision": 0.38620689655172413,
                "recall": 0.4827586206896552,
                "f1-score": 0.42911877394636017,
                "support": 116
            },
            "5": {
                "precision": 0.5,
                "recall": 0.37373737373737376,
                "f1-score": 0.42774566473988446,
                "support": 99
            },
            "accuracy": 0.4379905808477237,
            "macro avg": {
                "precision": 0.4476694942367097,
                "recall": 0.43640087868763006,
                "f1-score": 0.4376325944712653,
                "support": 637
            },
            "weighted avg": {
                "precision": 0.4457568817099971,
                "recall": 0.4379905808477237,
                "f1-score": 0.43746492284086785,
                "support": 637
            },
            "score": 0.4379905808477237
        },
        "val": {
            "0": {
                "precision": 0.1111111111111111,
                "recall": 0.058823529411764705,
                "f1-score": 0.07692307692307691,
                "support": 17
            },
            "1": {
                "precision": 0.125,
                "recall": 0.08333333333333333,
                "f1-score": 0.1,
                "support": 12
            },
            "2": {
                "precision": 0.0625,
                "recall": 0.16666666666666666,
                "f1-score": 0.09090909090909091,
                "support": 6
            },
            "3": {
                "precision": 0.0625,
                "recall": 0.1,
                "f1-score": 0.07692307692307693,
                "support": 10
            },
            "4": {
                "precision": 0.22727272727272727,
                "recall": 0.23809523809523808,
                "f1-score": 0.23255813953488372,
                "support": 21
            },
            "5": {
                "precision": 0.3333333333333333,
                "recall": 0.21428571428571427,
                "f1-score": 0.2608695652173913,
                "support": 14
            },
            "accuracy": 0.15,
            "macro avg": {
                "precision": 0.15361952861952863,
                "recall": 0.14353408029878617,
                "f1-score": 0.13969715825125328,
                "support": 80
            },
            "weighted avg": {
                "precision": 0.17285353535353537,
                "recall": 0.15,
                "f1-score": 0.15447840582067074,
                "support": 80
            },
            "score": 0.15
        },
        "test": {
            "0": {
                "precision": 0.23076923076923078,
                "recall": 0.2727272727272727,
                "f1-score": 0.24999999999999994,
                "support": 11
            },
            "1": {
                "precision": 0.25,
                "recall": 0.11764705882352941,
                "f1-score": 0.15999999999999998,
                "support": 17
            },
            "2": {
                "precision": 0.125,
                "recall": 0.15384615384615385,
                "f1-score": 0.13793103448275862,
                "support": 13
            },
            "3": {
                "precision": 0.0,
                "recall": 0.0,
                "f1-score": 0.0,
                "support": 11
            },
            "4": {
                "precision": 0.16129032258064516,
                "recall": 0.2777777777777778,
                "f1-score": 0.20408163265306123,
                "support": 18
            },
            "5": {
                "precision": 0.4,
                "recall": 0.2,
                "f1-score": 0.26666666666666666,
                "support": 10
            },
            "accuracy": 0.175,
            "macro avg": {
                "precision": 0.19450992555831267,
                "recall": 0.17033304386245562,
                "f1-score": 0.16977988896708107,
                "support": 80
            },
            "weighted avg": {
                "precision": 0.1914585918114144,
                "recall": 0.175,
                "f1-score": 0.17004049378372038,
                "support": 80
            },
            "score": 0.175
        }
    },
    "time": "0:00:01"
}
