{
    "dataset": "sick",
    "algorithm": "ft_transformer",
    "config": {
        "data": {
            "cat_policy": "indices",
            "normalization": "quantile",
            "path": "data/sick"
        },
        "model": {
            "activation": "reglu",
            "attention_dropout": 0.1857119055034855,
            "d_ffn_factor": 2.370176839004245,
            "d_token": 384,
            "ffn_dropout": 0.310755435886316,
            "initialization": "kaiming",
            "n_heads": 8,
            "n_layers": 2,
            "prenormalization": true,
            "residual_dropout": 0.0
        },
        "seed": 8,
        "training": {
            "batch_size": 256,
            "eval_batch_size": 8192,
            "lr": 2.414502624052369e-05,
            "n_epochs": 1000000000,
            "optimizer": "adamw",
            "patience": 16,
            "weight_decay": 0.0003376347405193131
        }
    },
    "environment": {
        "devices": {
            "CUDA_VISIBLE_DEVICES": null,
            "torch.version.cuda": "10.1",
            "torch.backends.cudnn.version()": 7603,
            "torch.cuda.nccl.version()": 2708,
            "driver": "470.256.02"
        }
    },
    "epoch_size": 12,
    "n_parameters": 3318713,
    "best_epoch": 46,
    "metrics": {
        "train": {
            "0": {
                "precision": 0.9914407988587732,
                "recall": 0.9844192634560907,
                "f1-score": 0.9879175550817342,
                "support": 2824
            },
            "1": {
                "precision": 0.7934272300469484,
                "recall": 0.8756476683937824,
                "f1-score": 0.8325123152709359,
                "support": 193
            },
            "accuracy": 0.9774610540271793,
            "macro avg": {
                "precision": 0.8924340144528609,
                "recall": 0.9300334659249365,
                "f1-score": 0.9102149351763351,
                "support": 3017
            },
            "weighted avg": {
                "precision": 0.9787737061240426,
                "recall": 0.9774610540271793,
                "f1-score": 0.9779761526012953,
                "support": 3017
            },
            "roc_auc": 0.9949507551850166,
            "score": 0.9774610540271793
        },
        "val": {
            "0": {
                "precision": 1.0,
                "recall": 0.988795518207283,
                "f1-score": 0.9943661971830986,
                "support": 357
            },
            "1": {
                "precision": 0.8333333333333334,
                "recall": 1.0,
                "f1-score": 0.9090909090909091,
                "support": 20
            },
            "accuracy": 0.9893899204244032,
            "macro avg": {
                "precision": 0.9166666666666667,
                "recall": 0.9943977591036415,
                "f1-score": 0.9517285531370039,
                "support": 377
            },
            "weighted avg": {
                "precision": 0.991158267020336,
                "recall": 0.9893899204244032,
                "f1-score": 0.9898423092206482,
                "support": 377
            },
            "roc_auc": 0.9964985994397759,
            "score": 0.9893899204244032
        },
        "test": {
            "0": {
                "precision": 0.9915730337078652,
                "recall": 0.9805555555555555,
                "f1-score": 0.9860335195530725,
                "support": 360
            },
            "1": {
                "precision": 0.6818181818181818,
                "recall": 0.8333333333333334,
                "f1-score": 0.7499999999999999,
                "support": 18
            },
            "accuracy": 0.9735449735449735,
            "macro avg": {
                "precision": 0.8366956077630234,
                "recall": 0.9069444444444444,
                "f1-score": 0.8680167597765363,
                "support": 378
            },
            "weighted avg": {
                "precision": 0.9768228026654993,
                "recall": 0.9735449735449735,
                "f1-score": 0.9747938281457833,
                "support": 378
            },
            "roc_auc": 0.9879629629629629,
            "score": 0.9735449735449735
        }
    },
    "time": "0:07:41"
}
