{
    "dataset": "sick",
    "algorithm": "ft_transformer",
    "config": {
        "data": {
            "cat_policy": "indices",
            "normalization": "quantile",
            "path": "data/sick"
        },
        "model": {
            "activation": "reglu",
            "attention_dropout": 0.1857119055034855,
            "d_ffn_factor": 2.370176839004245,
            "d_token": 384,
            "ffn_dropout": 0.310755435886316,
            "initialization": "kaiming",
            "n_heads": 8,
            "n_layers": 2,
            "prenormalization": true,
            "residual_dropout": 0.0
        },
        "seed": 1,
        "training": {
            "batch_size": 256,
            "eval_batch_size": 8192,
            "lr": 2.414502624052369e-05,
            "n_epochs": 1000000000,
            "optimizer": "adamw",
            "patience": 16,
            "weight_decay": 0.0003376347405193131
        }
    },
    "environment": {
        "devices": {
            "CUDA_VISIBLE_DEVICES": null,
            "torch.version.cuda": "10.1",
            "torch.backends.cudnn.version()": 7603,
            "torch.cuda.nccl.version()": 2708,
            "driver": "470.256.02"
        }
    },
    "epoch_size": 12,
    "n_parameters": 3318713,
    "best_epoch": 74,
    "metrics": {
        "train": {
            "0": {
                "precision": 0.9954079830448604,
                "recall": 0.9978753541076487,
                "f1-score": 0.9966401414677277,
                "support": 2824
            },
            "1": {
                "precision": 0.967741935483871,
                "recall": 0.9326424870466321,
                "f1-score": 0.949868073878628,
                "support": 193
            },
            "accuracy": 0.9937023533311237,
            "macro avg": {
                "precision": 0.9815749592643657,
                "recall": 0.9652589205771405,
                "f1-score": 0.9732541076731779,
                "support": 3017
            },
            "weighted avg": {
                "precision": 0.993638162965553,
                "recall": 0.9937023533311237,
                "f1-score": 0.9936480933919252,
                "support": 3017
            },
            "roc_auc": 0.9993174712677421,
            "score": 0.9937023533311237
        },
        "val": {
            "0": {
                "precision": 0.9971988795518207,
                "recall": 0.9971988795518207,
                "f1-score": 0.9971988795518207,
                "support": 357
            },
            "1": {
                "precision": 0.95,
                "recall": 0.95,
                "f1-score": 0.9500000000000001,
                "support": 20
            },
            "accuracy": 0.9946949602122016,
            "macro avg": {
                "precision": 0.9735994397759103,
                "recall": 0.9735994397759103,
                "f1-score": 0.9735994397759105,
                "support": 377
            },
            "weighted avg": {
                "precision": 0.9946949602122016,
                "recall": 0.9946949602122016,
                "f1-score": 0.9946949602122016,
                "support": 377
            },
            "roc_auc": 0.9985994397759104,
            "score": 0.9946949602122016
        },
        "test": {
            "0": {
                "precision": 0.988950276243094,
                "recall": 0.9944444444444445,
                "f1-score": 0.9916897506925207,
                "support": 360
            },
            "1": {
                "precision": 0.875,
                "recall": 0.7777777777777778,
                "f1-score": 0.823529411764706,
                "support": 18
            },
            "accuracy": 0.9841269841269841,
            "macro avg": {
                "precision": 0.931975138121547,
                "recall": 0.8861111111111111,
                "f1-score": 0.9076095812286133,
                "support": 378
            },
            "weighted avg": {
                "precision": 0.9835240726124704,
                "recall": 0.9841269841269841,
                "f1-score": 0.9836821155054818,
                "support": 378
            },
            "roc_auc": 0.9973765432098766,
            "score": 0.9841269841269841
        }
    },
    "time": "0:11:12"
}
