{
    "dataset": "kr-vs-kp_algo_3",
    "algorithm": "mlp_mha",
    "config": {
        "data": {
            "cat_policy": "indices",
            "normalization": "quantile",
            "path": "data/kr-vs-kp_algo_3"
        },
        "model": {
            "d_embedding": 152,
            "d_layers": [
                166,
                26
            ],
            "dropout": 0.1686980802086342
        },
        "seed": 0,
        "training": {
            "batch_size": 256,
            "eval_batch_size": 8192,
            "lr": 0.0008800667561385505,
            "n_epochs": 1000000000,
            "optimizer": "adamw",
            "patience": 16,
            "weight_decay": 0.0
        }
    },
    "environment": {
        "devices": {
            "CUDA_VISIBLE_DEVICES": null,
            "torch.version.cuda": "10.1",
            "torch.backends.cudnn.version()": 7603,
            "torch.cuda.nccl.version()": 2708,
            "driver": "470.256.02"
        }
    },
    "epoch_size": 10,
    "n_parameters": 156826679,
    "best_epoch": 17,
    "metrics": {
        "train": {
            "0": {
                "precision": 0.9935012185215272,
                "recall": 0.9967400162999185,
                "f1-score": 0.9951179820992677,
                "support": 1227
            },
            "1": {
                "precision": 0.9969811320754717,
                "recall": 0.9939804364183596,
                "f1-score": 0.9954785229841748,
                "support": 1329
            },
            "accuracy": 0.9953051643192489,
            "macro avg": {
                "precision": 0.9952411752984994,
                "recall": 0.995360226359139,
                "f1-score": 0.9952982525417213,
                "support": 2556
            },
            "weighted avg": {
                "precision": 0.9953106101933552,
                "recall": 0.9953051643192489,
                "f1-score": 0.9953054464326173,
                "support": 2556
            },
            "roc_auc": 0.9998847108849481,
            "score": 0.9953051643192489
        },
        "val": {
            "0": {
                "precision": 0.9932885906040269,
                "recall": 0.9801324503311258,
                "f1-score": 0.9866666666666667,
                "support": 151
            },
            "1": {
                "precision": 0.9824561403508771,
                "recall": 0.9940828402366864,
                "f1-score": 0.988235294117647,
                "support": 169
            },
            "accuracy": 0.9875,
            "macro avg": {
                "precision": 0.9878723654774519,
                "recall": 0.987107645283906,
                "f1-score": 0.9874509803921568,
                "support": 320
            },
            "weighted avg": {
                "precision": 0.9875677028140821,
                "recall": 0.9875,
                "f1-score": 0.9874950980392156,
                "support": 320
            },
            "roc_auc": 0.9984325404600494,
            "score": 0.9875
        },
        "test": {
            "0": {
                "precision": 0.9867549668874173,
                "recall": 1.0,
                "f1-score": 0.9933333333333334,
                "support": 149
            },
            "1": {
                "precision": 1.0,
                "recall": 0.9883040935672515,
                "f1-score": 0.9941176470588234,
                "support": 171
            },
            "accuracy": 0.99375,
            "macro avg": {
                "precision": 0.9933774834437086,
                "recall": 0.9941520467836258,
                "f1-score": 0.9937254901960784,
                "support": 320
            },
            "weighted avg": {
                "precision": 0.9938327814569536,
                "recall": 0.99375,
                "f1-score": 0.9937524509803921,
                "support": 320
            },
            "roc_auc": 0.9996860159346913,
            "score": 0.99375
        }
    },
    "time": "0:16:29"
}
