{
    "dataset": "titanic",
    "algorithm": "ft_transformer",
    "config": {
        "data": {
            "cat_policy": "indices",
            "normalization": "quantile",
            "path": "data/titanic"
        },
        "model": {
            "activation": "reglu",
            "attention_dropout": 0.0991921981669352,
            "d_ffn_factor": 2.305595224363339,
            "d_token": 248,
            "ffn_dropout": 0.06196889525068081,
            "initialization": "kaiming",
            "n_heads": 8,
            "n_layers": 4,
            "prenormalization": true,
            "residual_dropout": 0.06880133565470853
        },
        "seed": 4,
        "training": {
            "batch_size": 256,
            "eval_batch_size": 8192,
            "lr": 0.0001176312611935439,
            "n_epochs": 1000000000,
            "optimizer": "adamw",
            "patience": 16,
            "weight_decay": 1.646651173030599e-05
        }
    },
    "environment": {
        "devices": {
            "CUDA_VISIBLE_DEVICES": null,
            "torch.version.cuda": "11.7",
            "torch.backends.cudnn.version()": 8500,
            "torch.cuda.nccl.version()": [
                2,
                14,
                3
            ],
            "driver": "560.35.03"
        }
    },
    "epoch_size": 5,
    "n_parameters": 2709505,
    "best_epoch": 2,
    "metrics": {
        "train": {
            "0": {
                "precision": 0.9761194029850746,
                "recall": 0.9834586466165414,
                "f1-score": 0.9797752808988764,
                "support": 665
            },
            "1": {
                "precision": 0.9709762532981531,
                "recall": 0.9583333333333334,
                "f1-score": 0.9646133682830931,
                "support": 384
            },
            "accuracy": 0.9742612011439467,
            "macro avg": {
                "precision": 0.9735478281416139,
                "recall": 0.9708959899749374,
                "f1-score": 0.9721943245909848,
                "support": 1049
            },
            "weighted avg": {
                "precision": 0.9742366866077841,
                "recall": 0.9742612011439467,
                "f1-score": 0.9742250669384753,
                "support": 1049
            },
            "roc_auc": 0.9927788220551378,
            "score": 0.9742612011439467
        },
        "val": {
            "0": {
                "precision": 0.9333333333333333,
                "recall": 1.0,
                "f1-score": 0.9655172413793104,
                "support": 70
            },
            "1": {
                "precision": 1.0,
                "recall": 0.9166666666666666,
                "f1-score": 0.9565217391304348,
                "support": 60
            },
            "accuracy": 0.9615384615384616,
            "macro avg": {
                "precision": 0.9666666666666667,
                "recall": 0.9583333333333333,
                "f1-score": 0.9610194902548725,
                "support": 130
            },
            "weighted avg": {
                "precision": 0.9641025641025641,
                "recall": 0.9615384615384616,
                "f1-score": 0.9613654711105986,
                "support": 130
            },
            "roc_auc": 0.9957142857142858,
            "score": 0.9615384615384616
        },
        "test": {
            "0": {
                "precision": 0.9866666666666667,
                "recall": 1.0,
                "f1-score": 0.9932885906040269,
                "support": 74
            },
            "1": {
                "precision": 1.0,
                "recall": 0.9821428571428571,
                "f1-score": 0.9909909909909909,
                "support": 56
            },
            "accuracy": 0.9923076923076923,
            "macro avg": {
                "precision": 0.9933333333333334,
                "recall": 0.9910714285714286,
                "f1-score": 0.9921397907975089,
                "support": 130
            },
            "weighted avg": {
                "precision": 0.9924102564102563,
                "recall": 0.9923076923076923,
                "f1-score": 0.9922988553861037,
                "support": 130
            },
            "roc_auc": 0.9992760617760619,
            "score": 0.9923076923076923
        }
    },
    "time": "0:00:23"
}
