{
    "dataset": "analcatdata",
    "algorithm": "ft_transformer",
    "config": {
        "data": {
            "cat_policy": "indices",
            "normalization": "quantile",
            "path": "data/analcatdata"
        },
        "model": {
            "activation": "reglu",
            "attention_dropout": 0.2368040226368552,
            "d_ffn_factor": 2.268488170625955,
            "d_token": 296,
            "ffn_dropout": 0.3902645881432277,
            "initialization": "kaiming",
            "n_heads": 8,
            "n_layers": 3,
            "prenormalization": true,
            "residual_dropout": 0.1279842042655048
        },
        "seed": 9,
        "training": {
            "batch_size": 256,
            "eval_batch_size": 8192,
            "lr": 1.935114088559527e-05,
            "n_epochs": 1000000000,
            "optimizer": "adamw",
            "patience": 16,
            "weight_decay": 0.0006823493012435792
        }
    },
    "environment": {
        "devices": {
            "CUDA_VISIBLE_DEVICES": null,
            "torch.version.cuda": "10.1",
            "torch.backends.cudnn.version()": 7603,
            "torch.cuda.nccl.version()": 2708,
            "driver": "470.256.02"
        }
    },
    "epoch_size": 3,
    "n_parameters": 2860432,
    "best_epoch": 8,
    "metrics": {
        "train": {
            "0": {
                "precision": 0.27710843373493976,
                "recall": 0.21296296296296297,
                "f1-score": 0.24083769633507854,
                "support": 108
            },
            "1": {
                "precision": 0.2608695652173913,
                "recall": 0.06315789473684211,
                "f1-score": 0.10169491525423728,
                "support": 95
            },
            "2": {
                "precision": 0.0,
                "recall": 0.0,
                "f1-score": 0.0,
                "support": 108
            },
            "3": {
                "precision": 0.0,
                "recall": 0.0,
                "f1-score": 0.0,
                "support": 111
            },
            "4": {
                "precision": 0.20902612826603326,
                "recall": 0.7586206896551724,
                "f1-score": 0.32774674115456237,
                "support": 116
            },
            "5": {
                "precision": 0.2909090909090909,
                "recall": 0.32323232323232326,
                "f1-score": 0.30622009569377995,
                "support": 99
            },
            "accuracy": 0.23390894819466249,
            "macro avg": {
                "precision": 0.1729855363545759,
                "recall": 0.2263289784312168,
                "f1-score": 0.162749908072943,
                "support": 637
            },
            "weighted avg": {
                "precision": 0.16916381541269312,
                "recall": 0.23390894819466249,
                "f1-score": 0.16327456766240891,
                "support": 637
            },
            "score": 0.23390894819466249
        },
        "val": {
            "0": {
                "precision": 0.2857142857142857,
                "recall": 0.23529411764705882,
                "f1-score": 0.2580645161290323,
                "support": 17
            },
            "1": {
                "precision": 0.0,
                "recall": 0.0,
                "f1-score": 0.0,
                "support": 12
            },
            "2": {
                "precision": 0.0,
                "recall": 0.0,
                "f1-score": 0.0,
                "support": 6
            },
            "3": {
                "precision": 0.0,
                "recall": 0.0,
                "f1-score": 0.0,
                "support": 10
            },
            "4": {
                "precision": 0.3333333333333333,
                "recall": 0.7142857142857143,
                "f1-score": 0.4545454545454545,
                "support": 21
            },
            "5": {
                "precision": 0.13333333333333333,
                "recall": 0.14285714285714285,
                "f1-score": 0.1379310344827586,
                "support": 14
            },
            "accuracy": 0.2625,
            "macro avg": {
                "precision": 0.1253968253968254,
                "recall": 0.18207282913165265,
                "f1-score": 0.14175683419287424,
                "support": 80
            },
            "weighted avg": {
                "precision": 0.17154761904761906,
                "recall": 0.2625,
                "f1-score": 0.1982948225300839,
                "support": 80
            },
            "score": 0.2625
        },
        "test": {
            "0": {
                "precision": 0.45454545454545453,
                "recall": 0.45454545454545453,
                "f1-score": 0.45454545454545453,
                "support": 11
            },
            "1": {
                "precision": 0.3333333333333333,
                "recall": 0.058823529411764705,
                "f1-score": 0.1,
                "support": 17
            },
            "2": {
                "precision": 0.0,
                "recall": 0.0,
                "f1-score": 0.0,
                "support": 13
            },
            "3": {
                "precision": 0.0,
                "recall": 0.0,
                "f1-score": 0.0,
                "support": 11
            },
            "4": {
                "precision": 0.2542372881355932,
                "recall": 0.8333333333333334,
                "f1-score": 0.38961038961038963,
                "support": 18
            },
            "5": {
                "precision": 0.14285714285714285,
                "recall": 0.1,
                "f1-score": 0.11764705882352941,
                "support": 10
            },
            "accuracy": 0.275,
            "macro avg": {
                "precision": 0.1974955364785873,
                "recall": 0.24111705288175878,
                "f1-score": 0.17696715049656228,
                "support": 80
            },
            "weighted avg": {
                "precision": 0.20839386602098467,
                "recall": 0.275,
                "f1-score": 0.18611822001527883,
                "support": 80
            },
            "score": 0.275
        }
    },
    "time": "0:00:11"
}
