{
    "dataset": "nursery_algo_3",
    "algorithm": "mlp_mha",
    "config": {
        "data": {
            "cat_policy": "ohe",
            "normalization": "quantile",
            "path": "data/nursery_algo_3"
        },
        "model": {
            "d_embedding": 241,
            "d_layers": [
                286,
                148,
                148,
                148
            ],
            "dropout": 0.0
        },
        "seed": 8,
        "training": {
            "batch_size": 256,
            "eval_batch_size": 8192,
            "lr": 0.001451770489609484,
            "n_epochs": 1000000000,
            "optimizer": "adamw",
            "patience": 16,
            "weight_decay": 2.691905824926071e-06
        }
    },
    "environment": {},
    "epoch_size": 41,
    "n_parameters": 2846261,
    "best_epoch": 22,
    "metrics": {
        "train": {
            "0": {
                "precision": 1.0,
                "recall": 1.0,
                "f1-score": 1.0,
                "support": 3456
            },
            "1": {
                "precision": 0.9990717821782178,
                "recall": 0.998145285935085,
                "f1-score": 0.9986083191588063,
                "support": 3235
            },
            "2": {
                "precision": 0.9924242424242424,
                "recall": 1.0,
                "f1-score": 0.9961977186311787,
                "support": 262
            },
            "3": {
                "precision": 0.9982435597189696,
                "recall": 0.9991210079109288,
                "f1-score": 0.9986820910821498,
                "support": 3413
            },
            "4": {
                "precision": 0.0,
                "recall": 0.0,
                "f1-score": 0.0,
                "support": 2
            },
            "accuracy": 0.9989390432098766,
            "macro avg": {
                "precision": 0.7979479168642859,
                "recall": 0.7994532587692028,
                "f1-score": 0.7986976257744269,
                "support": 10368
            },
            "weighted avg": {
                "precision": 0.9987478429960003,
                "recall": 0.9989390432098766,
                "f1-score": 0.9988429486519566,
                "support": 10368
            },
            "score": 0.9989390432098766
        },
        "val": {
            "0": {
                "precision": 1.0,
                "recall": 1.0,
                "f1-score": 1.0,
                "support": 418
            },
            "1": {
                "precision": 1.0,
                "recall": 1.0,
                "f1-score": 1.0,
                "support": 402
            },
            "2": {
                "precision": 1.0,
                "recall": 1.0,
                "f1-score": 1.0,
                "support": 37
            },
            "3": {
                "precision": 1.0,
                "recall": 1.0,
                "f1-score": 1.0,
                "support": 439
            },
            "accuracy": 1.0,
            "macro avg": {
                "precision": 1.0,
                "recall": 1.0,
                "f1-score": 1.0,
                "support": 1296
            },
            "weighted avg": {
                "precision": 1.0,
                "recall": 1.0,
                "f1-score": 1.0,
                "support": 1296
            },
            "score": 1.0
        },
        "test": {
            "0": {
                "precision": 1.0,
                "recall": 1.0,
                "f1-score": 1.0,
                "support": 446
            },
            "1": {
                "precision": 1.0,
                "recall": 0.9975429975429976,
                "f1-score": 0.998769987699877,
                "support": 407
            },
            "2": {
                "precision": 1.0,
                "recall": 1.0,
                "f1-score": 1.0,
                "support": 29
            },
            "3": {
                "precision": 0.9975903614457832,
                "recall": 1.0,
                "f1-score": 0.9987937273823884,
                "support": 414
            },
            "accuracy": 0.9992283950617284,
            "macro avg": {
                "precision": 0.9993975903614458,
                "recall": 0.9993857493857494,
                "f1-score": 0.9993909287705662,
                "support": 1296
            },
            "weighted avg": {
                "precision": 0.9992302543507362,
                "recall": 0.9992283950617284,
                "f1-score": 0.9992283859029003,
                "support": 1296
            },
            "score": 0.9992283950617284
        }
    },
    "time": "0:02:01"
}
