{
    "config": {
        "data": {
            "cat_policy": "ohe",
            "path": "data/credit-approval"
        },
        "fit": {
            "early_stopping_rounds": 50,
            "verbose": false
        },
        "model": {
            "alpha": 0,
            "booster": "gbtree",
            "colsample_bylevel": 0.7479875860502782,
            "colsample_bytree": 0.7892656746801335,
            "gamma": 0,
            "lambda": 0,
            "learning_rate": 0.04486879472147982,
            "max_depth": 8,
            "min_child_weight": 2.541074371450198e-08,
            "n_estimators": 2000,
            "n_jobs": -1,
            "subsample": 0.683657763245091,
            "tree_method": "gpu_hist"
        },
        "seed": 4
    },
    "environment": {
        "devices": {
            "CUDA_VISIBLE_DEVICES": null,
            "torch.version.cuda": "10.1",
            "torch.backends.cudnn.version()": 7603,
            "torch.cuda.nccl.version()": 2708,
            "driver": "470.256.02"
        }
    },
    "dataset": "credit-approval",
    "algorithm": "xgboost_",
    "metrics": {
        "train": {
            "0": {
                "precision": 0.9936305732484076,
                "recall": 0.9904761904761905,
                "f1-score": 0.9920508744038156,
                "support": 315
            },
            "1": {
                "precision": 0.9873949579831933,
                "recall": 0.9915611814345991,
                "f1-score": 0.9894736842105263,
                "support": 237
            },
            "accuracy": 0.9909420289855072,
            "macro avg": {
                "precision": 0.9905127656158005,
                "recall": 0.9910186859553949,
                "f1-score": 0.9907622793071709,
                "support": 552
            },
            "weighted avg": {
                "precision": 0.9909533253899733,
                "recall": 0.9909420289855072,
                "f1-score": 0.9909443633969142,
                "support": 552
            },
            "roc_auc": 0.9993838322952247,
            "score": 0.9909420289855072
        },
        "val": {
            "0": {
                "precision": 0.9444444444444444,
                "recall": 0.8947368421052632,
                "f1-score": 0.918918918918919,
                "support": 38
            },
            "1": {
                "precision": 0.8787878787878788,
                "recall": 0.9354838709677419,
                "f1-score": 0.90625,
                "support": 31
            },
            "accuracy": 0.9130434782608695,
            "macro avg": {
                "precision": 0.9116161616161615,
                "recall": 0.9151103565365025,
                "f1-score": 0.9125844594594594,
                "support": 69
            },
            "weighted avg": {
                "precision": 0.9149465671204802,
                "recall": 0.9130434782608695,
                "f1-score": 0.9132270857814336,
                "support": 69
            },
            "roc_auc": 0.9363327674023769,
            "score": 0.9130434782608695
        },
        "test": {
            "0": {
                "precision": 0.7567567567567568,
                "recall": 0.9333333333333333,
                "f1-score": 0.835820895522388,
                "support": 30
            },
            "1": {
                "precision": 0.9375,
                "recall": 0.7692307692307693,
                "f1-score": 0.8450704225352113,
                "support": 39
            },
            "accuracy": 0.8405797101449275,
            "macro avg": {
                "precision": 0.8471283783783784,
                "recall": 0.8512820512820514,
                "f1-score": 0.8404456590287996,
                "support": 69
            },
            "weighted avg": {
                "precision": 0.85891598119859,
                "recall": 0.8405797101449275,
                "f1-score": 0.8410488890513751,
                "support": 69
            },
            "roc_auc": 0.908974358974359,
            "score": 0.8405797101449275
        }
    },
    "time": "0:00:01"
}
