{
    "dataset": "credit-approval",
    "algorithm": "resnet",
    "config": {
        "data": {
            "cat_policy": "indices",
            "normalization": "quantile",
            "path": "data/credit-approval"
        },
        "model": {
            "activation": "relu",
            "d": 296,
            "d_embedding": 74,
            "d_hidden_factor": 2.707315986578528,
            "hidden_dropout": 0.2533257357444936,
            "n_layers": 4,
            "normalization": "batchnorm",
            "residual_dropout": 0.3332603519319425
        },
        "seed": 1,
        "training": {
            "batch_size": 256,
            "eval_batch_size": 8192,
            "lr": 0.0001932101082955889,
            "n_epochs": 1000000000,
            "optimizer": "adamw",
            "patience": 16,
            "weight_decay": 0.0
        }
    },
    "environment": {
        "devices": {
            "CUDA_VISIBLE_DEVICES": null,
            "torch.version.cuda": "10.1",
            "torch.backends.cudnn.version()": 7603,
            "torch.cuda.nccl.version()": 2708,
            "driver": "470.256.02"
        }
    },
    "epoch_size": 3,
    "n_parameters": 2106951,
    "best_epoch": 29,
    "metrics": {
        "train": {
            "0": {
                "precision": 0.9357798165137615,
                "recall": 0.9714285714285714,
                "f1-score": 0.9532710280373832,
                "support": 315
            },
            "1": {
                "precision": 0.96,
                "recall": 0.9113924050632911,
                "f1-score": 0.935064935064935,
                "support": 237
            },
            "accuracy": 0.9456521739130435,
            "macro avg": {
                "precision": 0.9478899082568808,
                "recall": 0.9414104882459313,
                "f1-score": 0.9441679815511591,
                "support": 552
            },
            "weighted avg": {
                "precision": 0.9461786996410052,
                "recall": 0.9456521739130435,
                "f1-score": 0.9454542815981255,
                "support": 552
            },
            "roc_auc": 0.9909584086799277,
            "score": 0.9456521739130435
        },
        "val": {
            "0": {
                "precision": 0.918918918918919,
                "recall": 0.8947368421052632,
                "f1-score": 0.9066666666666667,
                "support": 38
            },
            "1": {
                "precision": 0.875,
                "recall": 0.9032258064516129,
                "f1-score": 0.8888888888888888,
                "support": 31
            },
            "accuracy": 0.8985507246376812,
            "macro avg": {
                "precision": 0.8969594594594594,
                "recall": 0.898981324278438,
                "f1-score": 0.8977777777777778,
                "support": 69
            },
            "weighted avg": {
                "precision": 0.8991872307089699,
                "recall": 0.8985507246376812,
                "f1-score": 0.8986795491143318,
                "support": 69
            },
            "roc_auc": 0.933786078098472,
            "score": 0.8985507246376812
        },
        "test": {
            "0": {
                "precision": 0.7105263157894737,
                "recall": 0.9,
                "f1-score": 0.7941176470588235,
                "support": 30
            },
            "1": {
                "precision": 0.9032258064516129,
                "recall": 0.717948717948718,
                "f1-score": 0.8,
                "support": 39
            },
            "accuracy": 0.7971014492753623,
            "macro avg": {
                "precision": 0.8068760611205432,
                "recall": 0.808974358974359,
                "f1-score": 0.7970588235294118,
                "support": 69
            },
            "weighted avg": {
                "precision": 0.8194434192072045,
                "recall": 0.7971014492753623,
                "f1-score": 0.7974424552429668,
                "support": 69
            },
            "roc_auc": 0.9008547008547009,
            "score": 0.7971014492753623
        }
    },
    "time": "0:00:08"
}
