{
    "config": {
        "data": {
            "cat_policy": "ohe",
            "path": "data/sick"
        },
        "fit": {
            "early_stopping_rounds": 50,
            "verbose": false
        },
        "model": {
            "alpha": 0,
            "booster": "gbtree",
            "colsample_bylevel": 0.5510283817844643,
            "colsample_bytree": 0.8463277170746664,
            "gamma": 0,
            "lambda": 0.0002258619672456327,
            "learning_rate": 0.623815540201843,
            "max_depth": 7,
            "min_child_weight": 1.317233677879026e-05,
            "n_estimators": 2000,
            "n_jobs": -1,
            "subsample": 0.5088411382455749,
            "tree_method": "gpu_hist"
        },
        "seed": 0
    },
    "environment": {
        "devices": {
            "CUDA_VISIBLE_DEVICES": null,
            "torch.version.cuda": "10.1",
            "torch.backends.cudnn.version()": 7603,
            "torch.cuda.nccl.version()": 2708,
            "driver": "470.256.02"
        }
    },
    "dataset": "sick",
    "algorithm": "xgboost_",
    "metrics": {
        "train": {
            "0": {
                "precision": 0.997523000707714,
                "recall": 0.998229461756374,
                "f1-score": 0.9978761061946904,
                "support": 2824
            },
            "1": {
                "precision": 0.9738219895287958,
                "recall": 0.9637305699481865,
                "f1-score": 0.9687500000000001,
                "support": 193
            },
            "accuracy": 0.9960225389459728,
            "macro avg": {
                "precision": 0.9856724951182549,
                "recall": 0.9809800158522802,
                "f1-score": 0.9833130530973453,
                "support": 3017
            },
            "weighted avg": {
                "precision": 0.9960068273044885,
                "recall": 0.9960225389459728,
                "f1-score": 0.9960128849498858,
                "support": 3017
            },
            "roc_auc": 0.9935003816289685,
            "score": 0.9960225389459728
        },
        "val": {
            "0": {
                "precision": 0.9972067039106145,
                "recall": 1.0,
                "f1-score": 0.9986013986013986,
                "support": 357
            },
            "1": {
                "precision": 1.0,
                "recall": 0.95,
                "f1-score": 0.9743589743589743,
                "support": 20
            },
            "accuracy": 0.9973474801061007,
            "macro avg": {
                "precision": 0.9986033519553073,
                "recall": 0.975,
                "f1-score": 0.9864801864801864,
                "support": 377
            },
            "weighted avg": {
                "precision": 0.9973548893795473,
                "recall": 0.9973474801061007,
                "f1-score": 0.9973153283498112,
                "support": 377
            },
            "roc_auc": 0.9994397759103641,
            "score": 0.9973474801061007
        },
        "test": {
            "0": {
                "precision": 0.9944444444444445,
                "recall": 0.9944444444444445,
                "f1-score": 0.9944444444444445,
                "support": 360
            },
            "1": {
                "precision": 0.8888888888888888,
                "recall": 0.8888888888888888,
                "f1-score": 0.8888888888888888,
                "support": 18
            },
            "accuracy": 0.9894179894179894,
            "macro avg": {
                "precision": 0.9416666666666667,
                "recall": 0.9416666666666667,
                "f1-score": 0.9416666666666667,
                "support": 378
            },
            "weighted avg": {
                "precision": 0.9894179894179894,
                "recall": 0.9894179894179894,
                "f1-score": 0.9894179894179894,
                "support": 378
            },
            "roc_auc": 0.9976080246913581,
            "score": 0.9894179894179894
        }
    },
    "time": "0:00:01"
}
